# OBJ generated by ONSHAPE BY PTC INC, 1.215 Units = meters
mtllib Circle White.mtl
g Part 1
v -0.0254 -1.78938e-17 0.00254 
v -0.0254 -1.78938e-17 0.00381 
v -0.0252511 0.00274622 0.00381 
v -0.0252511 0.00274622 0.00254 
v -0.0248062 0.00546025 0.00381 
v -0.0248062 0.00546025 0.00254 
v -0.0240704 0.00811026 0.00381 
v -0.0240704 0.00811026 0.00254 
v -0.0230524 0.0106652 0.00381 
v -0.0230524 0.0106652 0.00254 
v -0.0217642 0.0130951 0.00381 
v -0.0217642 0.0130951 0.00254 
v -0.0202208 0.0153714 0.00381 
v -0.0202208 0.0153714 0.00254 
v -0.0184403 0.0174676 0.00381 
v -0.0184403 0.0174676 0.00254 
v -0.0164436 0.0193589 0.00381 
v -0.0164436 0.0193589 0.00254 
v -0.0142542 0.0210233 0.00381 
v -0.0142542 0.0210233 0.00254 
v -0.0118976 0.0224412 0.00381 
v -0.0118976 0.0224412 0.00254 
v -0.00940151 0.023596 0.00381 
v -0.00940151 0.023596 0.00254 
v -0.00679522 0.0244742 0.00381 
v -0.00679522 0.0244742 0.00254 
v -0.00410926 0.0250654 0.00381 
v -0.00410926 0.0250654 0.00254 
v -0.00137513 0.0253627 0.00381 
v -0.00137513 0.0253627 0.00254 
v 0.00137513 0.0253627 0.00381 
v 0.00137513 0.0253627 0.00254 
v 0.00410926 0.0250654 0.00381 
v 0.00410926 0.0250654 0.00254 
v 0.00679522 0.0244742 0.00381 
v 0.00679522 0.0244742 0.00254 
v 0.00940151 0.023596 0.00381 
v 0.00940151 0.023596 0.00254 
v 0.0118976 0.0224412 0.00381 
v 0.0118976 0.0224412 0.00254 
v 0.0142542 0.0210233 0.00381 
v 0.0142542 0.0210233 0.00254 
v 0.0164436 0.0193589 0.00381 
v 0.0164436 0.0193589 0.00254 
v 0.0184403 0.0174676 0.00381 
v 0.0184403 0.0174676 0.00254 
v 0.0202208 0.0153714 0.00381 
v 0.0202208 0.0153714 0.00254 
v 0.0217642 0.0130951 0.00381 
v 0.0217642 0.0130951 0.00254 
v 0.0230524 0.0106652 0.00381 
v 0.0230524 0.0106652 0.00254 
v 0.0240704 0.00811026 0.00381 
v 0.0240704 0.00811026 0.00254 
v 0.0248062 0.00546025 0.00381 
v 0.0248062 0.00546025 0.00254 
v 0.0252511 0.00274622 0.00381 
v 0.0252511 0.00274622 0.00254 
v 0.0254 -4.6659e-18 0.00381 
v 0.0254 1.5553e-18 0.00254 
v 0.0252511 -0.00274622 0.00381 
v 0.0252511 -0.00274622 0.00254 
v 0.0248062 -0.00546025 0.00381 
v 0.0248062 -0.00546025 0.00254 
v 0.0240704 -0.00811026 0.00381 
v 0.0240704 -0.00811026 0.00254 
v 0.0230524 -0.0106652 0.00381 
v 0.0230524 -0.0106652 0.00254 
v 0.0217642 -0.0130951 0.00381 
v 0.0217642 -0.0130951 0.00254 
v 0.0202208 -0.0153714 0.00381 
v 0.0202208 -0.0153714 0.00254 
v 0.0184403 -0.0174676 0.00381 
v 0.0184403 -0.0174676 0.00254 
v 0.0164436 -0.0193589 0.00381 
v 0.0164436 -0.0193589 0.00254 
v 0.0142542 -0.0210233 0.00381 
v 0.0142542 -0.0210233 0.00254 
v 0.0118976 -0.0224412 0.00381 
v 0.0118976 -0.0224412 0.00254 
v 0.00940151 -0.023596 0.00381 
v 0.00940151 -0.023596 0.00254 
v 0.00679522 -0.0244742 0.00381 
v 0.00679522 -0.0244742 0.00254 
v 0.00410926 -0.0250654 0.00381 
v 0.00410926 -0.0250654 0.00254 
v 0.00137513 -0.0253627 0.00381 
v 0.00137513 -0.0253627 0.00254 
v -0.00137513 -0.0253627 0.00381 
v -0.00137513 -0.0253627 0.00254 
v -0.00410926 -0.0250654 0.00381 
v -0.00410926 -0.0250654 0.00254 
v -0.00679522 -0.0244742 0.00381 
v -0.00679522 -0.0244742 0.00254 
v -0.00940151 -0.023596 0.00381 
v -0.00940151 -0.023596 0.00254 
v -0.0118976 -0.0224412 0.00381 
v -0.0118976 -0.0224412 0.00254 
v -0.0142542 -0.0210233 0.00381 
v -0.0142542 -0.0210233 0.00254 
v -0.0164436 -0.0193589 0.00381 
v -0.0164436 -0.0193589 0.00254 
v -0.0184403 -0.0174676 0.00381 
v -0.0184403 -0.0174676 0.00254 
v -0.0202208 -0.0153714 0.00381 
v -0.0202208 -0.0153714 0.00254 
v -0.0217642 -0.0130951 0.00381 
v -0.0217642 -0.0130951 0.00254 
v -0.0230524 -0.0106652 0.00381 
v -0.0230524 -0.0106652 0.00254 
v -0.0240704 -0.00811026 0.00381 
v -0.0240704 -0.00811026 0.00254 
v -0.0248062 -0.00546025 0.00381 
v -0.0248062 -0.00546025 0.00254 
v -0.0252511 -0.00274622 0.00381 
v -0.0252511 -0.00274622 0.00254 
v 0.02286 1.5553e-18 0.00635 
v 0.022726 0.0024716 0.00635 
v 0.0223255 0.00491422 0.00635 
v 0.0216634 0.00729923 0.00635 
v 0.0207472 0.00959866 0.00635 
v 0.0195878 0.0117856 0.00635 
v 0.0181987 0.0138343 0.00635 
v 0.0165963 0.0157208 0.00635 
v 0.0147993 0.017423 0.00635 
v 0.0128287 0.018921 0.00635 
v 0.0107078 0.0201971 0.00635 
v 0.00846136 0.0212364 0.00635 
v 0.0061157 0.0220268 0.00635 
v 0.00369834 0.0225589 0.00635 
v 0.00123762 0.0228265 0.00635 
v -0.00123762 0.0228265 0.00635 
v -0.00369834 0.0225589 0.00635 
v -0.0061157 0.0220268 0.00635 
v -0.00846136 0.0212364 0.00635 
v -0.0107078 0.0201971 0.00635 
v -0.0128287 0.018921 0.00635 
v -0.0147993 0.017423 0.00635 
v -0.0165963 0.0157208 0.00635 
v -0.0181987 0.0138343 0.00635 
v -0.0195878 0.0117856 0.00635 
v -0.0207472 0.00959866 0.00635 
v -0.0216634 0.00729923 0.00635 
v -0.0223255 0.00491422 0.00635 
v -0.022726 0.0024716 0.00635 
v -0.02286 -1.59489e-17 0.00635 
v -0.022726 -0.0024716 0.00635 
v -0.0223255 -0.00491422 0.00635 
v -0.0216634 -0.00729923 0.00635 
v -0.0207472 -0.00959866 0.00635 
v -0.0195878 -0.0117856 0.00635 
v -0.0181987 -0.0138343 0.00635 
v -0.0165963 -0.0157208 0.00635 
v -0.0147993 -0.017423 0.00635 
v -0.0128287 -0.018921 0.00635 
v -0.0107078 -0.0201971 0.00635 
v -0.00846136 -0.0212364 0.00635 
v -0.0061157 -0.0220268 0.00635 
v -0.00369834 -0.0225589 0.00635 
v -0.00123762 -0.0228265 0.00635 
v 0.00123762 -0.0228265 0.00635 
v 0.00369834 -0.0225589 0.00635 
v 0.0061157 -0.0220268 0.00635 
v 0.00846136 -0.0212364 0.00635 
v 0.0107078 -0.0201971 0.00635 
v 0.0128287 -0.018921 0.00635 
v 0.0147993 -0.017423 0.00635 
v 0.0165963 -0.0157208 0.00635 
v 0.0181987 -0.0138343 0.00635 
v 0.0195878 -0.0117856 0.00635 
v 0.0207472 -0.00959866 0.00635 
v 0.0216634 -0.00729923 0.00635 
v 0.0223255 -0.00491422 0.00635 
v 0.022726 -0.0024716 0.00635 
v 0.0253861 1.5553e-18 0.0040755 
v 0.0252373 0.00274472 0.0040755 
v 0.0247926 0.00545726 0.0040755 
v 0.0240572 0.00810582 0.0040755 
v 0.0230398 0.0106593 0.0040755 
v 0.0217522 0.0130879 0.0040755 
v 0.0202097 0.015363 0.0040755 
v 0.0184302 0.017458 0.0040755 
v 0.0164346 0.0193483 0.0040755 
v 0.0142463 0.0210118 0.0040755 
v 0.0118911 0.0224289 0.0040755 
v 0.00939636 0.0235831 0.0040755 
v 0.0067915 0.0244608 0.0040755 
v 0.00410701 0.0250517 0.0040755 
v 0.00137437 0.0253489 0.0040755 
v -0.00137437 0.0253489 0.0040755 
v -0.00410701 0.0250517 0.0040755 
v -0.0067915 0.0244608 0.0040755 
v -0.00939636 0.0235831 0.0040755 
v -0.0118911 0.0224289 0.0040755 
v -0.0142463 0.0210118 0.0040755 
v -0.0164346 0.0193483 0.0040755 
v -0.0184302 0.017458 0.0040755 
v -0.0202097 0.015363 0.0040755 
v -0.0217522 0.0130879 0.0040755 
v -0.0230398 0.0106593 0.0040755 
v -0.0240572 0.00810582 0.0040755 
v -0.0247926 0.00545726 0.0040755 
v -0.0252373 0.00274472 0.0040755 
v -0.0253861 -3.72924e-18 0.0040755 
v -0.0252373 -0.00274472 0.0040755 
v -0.0247926 -0.00545726 0.0040755 
v -0.0240572 -0.00810582 0.0040755 
v -0.0230398 -0.0106593 0.0040755 
v -0.0217522 -0.0130879 0.0040755 
v -0.0202097 -0.015363 0.0040755 
v -0.0184302 -0.017458 0.0040755 
v -0.0164346 -0.0193483 0.0040755 
v -0.0142463 -0.0210118 0.0040755 
v -0.0118911 -0.0224289 0.0040755 
v -0.00939636 -0.0235831 0.0040755 
v -0.0067915 -0.0244608 0.0040755 
v -0.00410701 -0.0250517 0.0040755 
v -0.00137437 -0.0253489 0.0040755 
v 0.00137437 -0.0253489 0.0040755 
v 0.00410701 -0.0250517 0.0040755 
v 0.0067915 -0.0244608 0.0040755 
v 0.00939636 -0.0235831 0.0040755 
v 0.0118911 -0.0224289 0.0040755 
v 0.0142463 -0.0210118 0.0040755 
v 0.0164346 -0.0193483 0.0040755 
v 0.0184302 -0.017458 0.0040755 
v 0.0202097 -0.015363 0.0040755 
v 0.0217522 -0.0130879 0.0040755 
v 0.0230398 -0.0106593 0.0040755 
v 0.0240572 -0.00810582 0.0040755 
v 0.0247926 -0.00545726 0.0040755 
v 0.0252373 -0.00274472 0.0040755 
v 0.0253445 1.5553e-18 0.0043381 
v 0.0251959 0.00274022 0.0043381 
v 0.024752 0.00544832 0.0043381 
v 0.0240178 0.00809254 0.0043381 
v 0.023002 0.0106419 0.0043381 
v 0.0217166 0.0130665 0.0043381 
v 0.0201766 0.0153378 0.0043381 
v 0.0184 0.0174294 0.0043381 
v 0.0164077 0.0193166 0.0043381 
v 0.014223 0.0209774 0.0043381 
v 0.0118716 0.0223922 0.0043381 
v 0.00938096 0.0235444 0.0043381 
v 0.00678037 0.0244207 0.0043381 
v 0.00410028 0.0250106 0.0043381 
v 0.00137212 0.0253073 0.0043381 
v -0.00137212 0.0253073 0.0043381 
v -0.00410028 0.0250106 0.0043381 
v -0.00678037 0.0244207 0.0043381 
v -0.00938096 0.0235444 0.0043381 
v -0.0118716 0.0223922 0.0043381 
v -0.014223 0.0209774 0.0043381 
v -0.0164077 0.0193166 0.0043381 
v -0.0184 0.0174294 0.0043381 
v -0.0201766 0.0153378 0.0043381 
v -0.0217166 0.0130665 0.0043381 
v -0.023002 0.0106419 0.0043381 
v -0.0240178 0.00809254 0.0043381 
v -0.024752 0.00544832 0.0043381 
v -0.0251959 0.00274022 0.0043381 
v -0.0253445 -3.72058e-18 0.0043381 
v -0.0251959 -0.00274022 0.0043381 
v -0.024752 -0.00544832 0.0043381 
v -0.0240178 -0.00809254 0.0043381 
v -0.023002 -0.0106419 0.0043381 
v -0.0217166 -0.0130665 0.0043381 
v -0.0201766 -0.0153378 0.0043381 
v -0.0184 -0.0174294 0.0043381 
v -0.0164077 -0.0193166 0.0043381 
v -0.014223 -0.0209774 0.0043381 
v -0.0118716 -0.0223922 0.0043381 
v -0.00938096 -0.0235444 0.0043381 
v -0.00678037 -0.0244207 0.0043381 
v -0.00410028 -0.0250106 0.0043381 
v -0.00137212 -0.0253073 0.0043381 
v 0.00137212 -0.0253073 0.0043381 
v 0.00410028 -0.0250106 0.0043381 
v 0.00678037 -0.0244207 0.0043381 
v 0.00938096 -0.0235444 0.0043381 
v 0.0118716 -0.0223922 0.0043381 
v 0.014223 -0.0209774 0.0043381 
v 0.0164077 -0.0193166 0.0043381 
v 0.0184 -0.0174294 0.0043381 
v 0.0201766 -0.0153378 0.0043381 
v 0.0217166 -0.0130665 0.0043381 
v 0.023002 -0.0106419 0.0043381 
v 0.0240178 -0.00809254 0.0043381 
v 0.024752 -0.00544832 0.0043381 
v 0.0251959 -0.00274022 0.0043381 
v 0.0252757 1.5553e-18 0.0045949 
v 0.0251275 0.00273278 0.0045949 
v 0.0246848 0.00543352 0.0045949 
v 0.0239526 0.00807056 0.0045949 
v 0.0229396 0.010613 0.0045949 
v 0.0216577 0.013031 0.0045949 
v 0.0201218 0.0152962 0.0045949 
v 0.01835 0.0173821 0.0045949 
v 0.0163631 0.0192642 0.0045949 
v 0.0141844 0.0209204 0.0045949 
v 0.0118393 0.0223314 0.0045949 
v 0.00935549 0.0234805 0.0045949 
v 0.00676196 0.0243544 0.0045949 
v 0.00408915 0.0249427 0.0045949 
v 0.0013684 0.0252386 0.0045949 
v -0.0013684 0.0252386 0.0045949 
v -0.00408915 0.0249427 0.0045949 
v -0.00676196 0.0243544 0.0045949 
v -0.00935549 0.0234805 0.0045949 
v -0.0118393 0.0223314 0.0045949 
v -0.0141844 0.0209204 0.0045949 
v -0.0163631 0.0192642 0.0045949 
v -0.01835 0.0173821 0.0045949 
v -0.0201218 0.0152962 0.0045949 
v -0.0216577 0.013031 0.0045949 
v -0.0229396 0.010613 0.0045949 
v -0.0239526 0.00807056 0.0045949 
v -0.0246848 0.00543352 0.0045949 
v -0.0251275 0.00273278 0.0045949 
v -0.0252757 -3.70626e-18 0.0045949 
v -0.0251275 -0.00273278 0.0045949 
v -0.0246848 -0.00543352 0.0045949 
v -0.0239526 -0.00807056 0.0045949 
v -0.0229396 -0.010613 0.0045949 
v -0.0216577 -0.013031 0.0045949 
v -0.0201218 -0.0152962 0.0045949 
v -0.01835 -0.0173821 0.0045949 
v -0.0163631 -0.0192642 0.0045949 
v -0.0141844 -0.0209204 0.0045949 
v -0.0118393 -0.0223314 0.0045949 
v -0.00935549 -0.0234805 0.0045949 
v -0.00676196 -0.0243544 0.0045949 
v -0.00408915 -0.0249427 0.0045949 
v -0.0013684 -0.0252386 0.0045949 
v 0.0013684 -0.0252386 0.0045949 
v 0.00408915 -0.0249427 0.0045949 
v 0.00676196 -0.0243544 0.0045949 
v 0.00935549 -0.0234805 0.0045949 
v 0.0118393 -0.0223314 0.0045949 
v 0.0141844 -0.0209204 0.0045949 
v 0.0163631 -0.0192642 0.0045949 
v 0.01835 -0.0173821 0.0045949 
v 0.0201218 -0.0152962 0.0045949 
v 0.0216577 -0.013031 0.0045949 
v 0.0229396 -0.010613 0.0045949 
v 0.0239526 -0.00807056 0.0045949 
v 0.0246848 -0.00543352 0.0045949 
v 0.0251275 -0.00273278 0.0045949 
v 0.0251804 1.5553e-18 0.00484311 
v 0.0250328 0.00272248 0.00484311 
v 0.0245917 0.00541304 0.00484311 
v 0.0238623 0.00804014 0.00484311 
v 0.0228531 0.010573 0.00484311 
v 0.021576 0.0129819 0.00484311 
v 0.0200459 0.0152385 0.00484311 
v 0.0182809 0.0173166 0.00484311 
v 0.0163014 0.0191915 0.00484311 
v 0.0141309 0.0208415 0.00484311 
v 0.0117947 0.0222472 0.00484311 
v 0.00932023 0.023392 0.00484311 
v 0.00673647 0.0242626 0.00484311 
v 0.00407374 0.0248487 0.00484311 
v 0.00136324 0.0251435 0.00484311 
v -0.00136324 0.0251435 0.00484311 
v -0.00407374 0.0248487 0.00484311 
v -0.00673647 0.0242626 0.00484311 
v -0.00932023 0.023392 0.00484311 
v -0.0117947 0.0222472 0.00484311 
v -0.0141309 0.0208415 0.00484311 
v -0.0163014 0.0191915 0.00484311 
v -0.0182809 0.0173166 0.00484311 
v -0.0200459 0.0152385 0.00484311 
v -0.021576 0.0129819 0.00484311 
v -0.0228531 0.010573 0.00484311 
v -0.0238623 0.00804014 0.00484311 
v -0.0245917 0.00541304 0.00484311 
v -0.0250328 0.00272248 0.00484311 
v -0.0251804 -3.68642e-18 0.00484311 
v -0.0250328 -0.00272248 0.00484311 
v -0.0245917 -0.00541304 0.00484311 
v -0.0238623 -0.00804014 0.00484311 
v -0.0228531 -0.010573 0.00484311 
v -0.021576 -0.0129819 0.00484311 
v -0.0200459 -0.0152385 0.00484311 
v -0.0182809 -0.0173166 0.00484311 
v -0.0163014 -0.0191915 0.00484311 
v -0.0141309 -0.0208415 0.00484311 
v -0.0117947 -0.0222472 0.00484311 
v -0.00932023 -0.023392 0.00484311 
v -0.00673647 -0.0242626 0.00484311 
v -0.00407374 -0.0248487 0.00484311 
v -0.00136324 -0.0251435 0.00484311 
v 0.00136324 -0.0251435 0.00484311 
v 0.00407374 -0.0248487 0.00484311 
v 0.00673647 -0.0242626 0.00484311 
v 0.00932023 -0.023392 0.00484311 
v 0.0117947 -0.0222472 0.00484311 
v 0.0141309 -0.0208415 0.00484311 
v 0.0163014 -0.0191915 0.00484311 
v 0.0182809 -0.0173166 0.00484311 
v 0.0200459 -0.0152385 0.00484311 
v 0.021576 -0.0129819 0.00484311 
v 0.0228531 -0.010573 0.00484311 
v 0.0238623 -0.00804014 0.00484311 
v 0.0245917 -0.00541304 0.00484311 
v 0.0250328 -0.00272248 0.00484311 
v 0.0250597 1.5553e-18 0.00508 
v 0.0249128 0.00270943 0.00508 
v 0.0244738 0.0053871 0.00508 
v 0.0237479 0.0080016 0.00508 
v 0.0227436 0.0105223 0.00508 
v 0.0214726 0.0129196 0.00508 
v 0.0199499 0.0151655 0.00508 
v 0.0181932 0.0172335 0.00508 
v 0.0162233 0.0190996 0.00508 
v 0.0140632 0.0207416 0.00508 
v 0.0117382 0.0221406 0.00508 
v 0.00927555 0.0232799 0.00508 
v 0.00670418 0.0241463 0.00508 
v 0.00405421 0.0247296 0.00508 
v 0.00135671 0.025023 0.00508 
v -0.00135671 0.025023 0.00508 
v -0.00405421 0.0247296 0.00508 
v -0.00670418 0.0241463 0.00508 
v -0.00927555 0.0232799 0.00508 
v -0.0117382 0.0221406 0.00508 
v -0.0140632 0.0207416 0.00508 
v -0.0162233 0.0190996 0.00508 
v -0.0181932 0.0172335 0.00508 
v -0.0199499 0.0151655 0.00508 
v -0.0214726 0.0129196 0.00508 
v -0.0227436 0.0105223 0.00508 
v -0.0237479 0.0080016 0.00508 
v -0.0244738 0.0053871 0.00508 
v -0.0249128 0.00270943 0.00508 
v -0.0250597 -3.6613e-18 0.00508 
v -0.0249128 -0.00270943 0.00508 
v -0.0244738 -0.0053871 0.00508 
v -0.0237479 -0.0080016 0.00508 
v -0.0227436 -0.0105223 0.00508 
v -0.0214726 -0.0129196 0.00508 
v -0.0199499 -0.0151655 0.00508 
v -0.0181932 -0.0172335 0.00508 
v -0.0162233 -0.0190996 0.00508 
v -0.0140632 -0.0207416 0.00508 
v -0.0117382 -0.0221406 0.00508 
v -0.00927555 -0.0232799 0.00508 
v -0.00670418 -0.0241463 0.00508 
v -0.00405421 -0.0247296 0.00508 
v -0.00135671 -0.025023 0.00508 
v 0.00135671 -0.025023 0.00508 
v 0.00405421 -0.0247296 0.00508 
v 0.00670418 -0.0241463 0.00508 
v 0.00927555 -0.0232799 0.00508 
v 0.0117382 -0.0221406 0.00508 
v 0.0140632 -0.0207416 0.00508 
v 0.0162233 -0.0190996 0.00508 
v 0.0181932 -0.0172335 0.00508 
v 0.0199499 -0.0151655 0.00508 
v 0.0214726 -0.0129196 0.00508 
v 0.0227436 -0.0105223 0.00508 
v 0.0237479 -0.0080016 0.00508 
v 0.0244738 -0.0053871 0.00508 
v 0.0249128 -0.00270943 0.00508 
v 0.0249149 1.5553e-18 0.00530297 
v 0.0247689 0.00269377 0.00530297 
v 0.0243324 0.00535597 0.00530297 
v 0.0236107 0.00795537 0.00530297 
v 0.0226122 0.0104615 0.00530297 
v 0.0213485 0.012845 0.00530297 
v 0.0198346 0.0150779 0.00530297 
v 0.0180881 0.017134 0.00530297 
v 0.0161296 0.0189892 0.00530297 
v 0.0139819 0.0206218 0.00530297 
v 0.0116704 0.0220126 0.00530297 
v 0.00922196 0.0231454 0.00530297 
v 0.00666544 0.0240068 0.00530297 
v 0.00403078 0.0245867 0.00530297 
v 0.00134887 0.0248784 0.00530297 
v -0.00134887 0.0248784 0.00530297 
v -0.00403078 0.0245867 0.00530297 
v -0.00666544 0.0240068 0.00530297 
v -0.00922196 0.0231454 0.00530297 
v -0.0116704 0.0220126 0.00530297 
v -0.0139819 0.0206218 0.00530297 
v -0.0161296 0.0189892 0.00530297 
v -0.0180881 0.017134 0.00530297 
v -0.0198346 0.0150779 0.00530297 
v -0.0213485 0.012845 0.00530297 
v -0.0226122 0.0104615 0.00530297 
v -0.0236107 0.00795537 0.00530297 
v -0.0243324 0.00535597 0.00530297 
v -0.0247689 0.00269377 0.00530297 
v -0.0249149 -3.63115e-18 0.00530297 
v -0.0247689 -0.00269377 0.00530297 
v -0.0243324 -0.00535597 0.00530297 
v -0.0236107 -0.00795537 0.00530297 
v -0.0226122 -0.0104615 0.00530297 
v -0.0213485 -0.012845 0.00530297 
v -0.0198346 -0.0150779 0.00530297 
v -0.0180881 -0.017134 0.00530297 
v -0.0161296 -0.0189892 0.00530297 
v -0.0139819 -0.0206218 0.00530297 
v -0.0116704 -0.0220126 0.00530297 
v -0.00922196 -0.0231454 0.00530297 
v -0.00666544 -0.0240068 0.00530297 
v -0.00403078 -0.0245867 0.00530297 
v -0.00134887 -0.0248784 0.00530297 
v 0.00134887 -0.0248784 0.00530297 
v 0.00403078 -0.0245867 0.00530297 
v 0.00666544 -0.0240068 0.00530297 
v 0.00922196 -0.0231454 0.00530297 
v 0.0116704 -0.0220126 0.00530297 
v 0.0139819 -0.0206218 0.00530297 
v 0.0161296 -0.0189892 0.00530297 
v 0.0180881 -0.017134 0.00530297 
v 0.0198346 -0.0150779 0.00530297 
v 0.0213485 -0.012845 0.00530297 
v 0.0226122 -0.0104615 0.00530297 
v 0.0236107 -0.00795537 0.00530297 
v 0.0243324 -0.00535597 0.00530297 
v 0.0247689 -0.00269377 0.00530297 
v 0.0247476 1.5553e-18 0.00550959 
v 0.0246025 0.00267568 0.00550959 
v 0.024169 0.00532 0.00550959 
v 0.0234521 0.00790194 0.00550959 
v 0.0224603 0.0103912 0.00550959 
v 0.0212051 0.0127587 0.00550959 
v 0.0197014 0.0149766 0.00550959 
v 0.0179666 0.0170189 0.00550959 
v 0.0160212 0.0188617 0.00550959 
v 0.013888 0.0204833 0.00550959 
v 0.011592 0.0218648 0.00550959 
v 0.00916003 0.0229899 0.00550959 
v 0.00662068 0.0238455 0.00550959 
v 0.00400371 0.0244216 0.00550959 
v 0.00133981 0.0247113 0.00550959 
v -0.00133981 0.0247113 0.00550959 
v -0.00400371 0.0244216 0.00550959 
v -0.00662068 0.0238455 0.00550959 
v -0.00916003 0.0229899 0.00550959 
v -0.011592 0.0218648 0.00550959 
v -0.013888 0.0204833 0.00550959 
v -0.0160212 0.0188617 0.00550959 
v -0.0179666 0.0170189 0.00550959 
v -0.0197014 0.0149766 0.00550959 
v -0.0212051 0.0127587 0.00550959 
v -0.0224603 0.0103912 0.00550959 
v -0.0234521 0.00790194 0.00550959 
v -0.024169 0.00532 0.00550959 
v -0.0246025 0.00267568 0.00550959 
v -0.0247476 -3.59633e-18 0.00550959 
v -0.0246025 -0.00267568 0.00550959 
v -0.024169 -0.00532 0.00550959 
v -0.0234521 -0.00790194 0.00550959 
v -0.0224603 -0.0103912 0.00550959 
v -0.0212051 -0.0127587 0.00550959 
v -0.0197014 -0.0149766 0.00550959 
v -0.0179666 -0.0170189 0.00550959 
v -0.0160212 -0.0188617 0.00550959 
v -0.013888 -0.0204833 0.00550959 
v -0.011592 -0.0218648 0.00550959 
v -0.00916003 -0.0229899 0.00550959 
v -0.00662068 -0.0238455 0.00550959 
v -0.00400371 -0.0244216 0.00550959 
v -0.00133981 -0.0247113 0.00550959 
v 0.00133981 -0.0247113 0.00550959 
v 0.00400371 -0.0244216 0.00550959 
v 0.00662068 -0.0238455 0.00550959 
v 0.00916003 -0.0229899 0.00550959 
v 0.011592 -0.0218648 0.00550959 
v 0.013888 -0.0204833 0.00550959 
v 0.0160212 -0.0188617 0.00550959 
v 0.0179666 -0.0170189 0.00550959 
v 0.0197014 -0.0149766 0.00550959 
v 0.0212051 -0.0127587 0.00550959 
v 0.0224603 -0.0103912 0.00550959 
v 0.0234521 -0.00790194 0.00550959 
v 0.024169 -0.00532 0.00550959 
v 0.0246025 -0.00267568 0.00550959 
v 0.0245596 1.5553e-18 0.00569759 
v 0.0244156 0.00265536 0.00569759 
v 0.0239854 0.00527959 0.00569759 
v 0.023274 0.00784192 0.00569759 
v 0.0222897 0.0103123 0.00569759 
v 0.0210441 0.0126618 0.00569759 
v 0.0195517 0.0148628 0.00569759 
v 0.0178302 0.0168896 0.00569759 
v 0.0158995 0.0187184 0.00569759 
v 0.0137825 0.0203277 0.00569759 
v 0.0115039 0.0216987 0.00569759 
v 0.00909044 0.0228153 0.00569759 
v 0.00657039 0.0236644 0.00569759 
v 0.0039733 0.0242361 0.00569759 
v 0.00132963 0.0245236 0.00569759 
v -0.00132963 0.0245236 0.00569759 
v -0.0039733 0.0242361 0.00569759 
v -0.00657039 0.0236644 0.00569759 
v -0.00909044 0.0228153 0.00569759 
v -0.0115039 0.0216987 0.00569759 
v -0.0137825 0.0203277 0.00569759 
v -0.0158995 0.0187184 0.00569759 
v -0.0178302 0.0168896 0.00569759 
v -0.0195517 0.0148628 0.00569759 
v -0.0210441 0.0126618 0.00569759 
v -0.0222897 0.0103123 0.00569759 
v -0.023274 0.00784192 0.00569759 
v -0.0239854 0.00527959 0.00569759 
v -0.0244156 0.00265536 0.00569759 
v -0.0245596 -3.55719e-18 0.00569759 
v -0.0244156 -0.00265536 0.00569759 
v -0.0239854 -0.00527959 0.00569759 
v -0.023274 -0.00784192 0.00569759 
v -0.0222897 -0.0103123 0.00569759 
v -0.0210441 -0.0126618 0.00569759 
v -0.0195517 -0.0148628 0.00569759 
v -0.0178302 -0.0168896 0.00569759 
v -0.0158995 -0.0187184 0.00569759 
v -0.0137825 -0.0203277 0.00569759 
v -0.0115039 -0.0216987 0.00569759 
v -0.00909044 -0.0228153 0.00569759 
v -0.00657039 -0.0236644 0.00569759 
v -0.0039733 -0.0242361 0.00569759 
v -0.00132963 -0.0245236 0.00569759 
v 0.00132963 -0.0245236 0.00569759 
v 0.0039733 -0.0242361 0.00569759 
v 0.00657039 -0.0236644 0.00569759 
v 0.00909044 -0.0228153 0.00569759 
v 0.0115039 -0.0216987 0.00569759 
v 0.0137825 -0.0203277 0.00569759 
v 0.0158995 -0.0187184 0.00569759 
v 0.0178302 -0.0168896 0.00569759 
v 0.0195517 -0.0148628 0.00569759 
v 0.0210441 -0.0126618 0.00569759 
v 0.0222897 -0.0103123 0.00569759 
v 0.023274 -0.00784192 0.00569759 
v 0.0239854 -0.00527959 0.00569759 
v 0.0244156 -0.00265536 0.00569759 
v 0.024353 1.5553e-18 0.0058649 
v 0.0242102 0.00263302 0.0058649 
v 0.0237836 0.00523517 0.0058649 
v 0.0230782 0.00777594 0.0058649 
v 0.0221022 0.0102255 0.0058649 
v 0.020867 0.0125553 0.0058649 
v 0.0193872 0.0147378 0.0058649 
v 0.0176801 0.0167475 0.0058649 
v 0.0157658 0.0185609 0.0058649 
v 0.0136666 0.0201567 0.0058649 
v 0.0114071 0.0215161 0.0058649 
v 0.00901397 0.0226233 0.0058649 
v 0.00651511 0.0234653 0.0058649 
v 0.00393987 0.0240322 0.0058649 
v 0.00131844 0.0243173 0.0058649 
v -0.00131844 0.0243173 0.0058649 
v -0.00393987 0.0240322 0.0058649 
v -0.00651511 0.0234653 0.0058649 
v -0.00901397 0.0226233 0.0058649 
v -0.0114071 0.0215161 0.0058649 
v -0.0136666 0.0201567 0.0058649 
v -0.0157658 0.0185609 0.0058649 
v -0.0176801 0.0167475 0.0058649 
v -0.0193872 0.0147378 0.0058649 
v -0.020867 0.0125553 0.0058649 
v -0.0221022 0.0102255 0.0058649 
v -0.0230782 0.00777594 0.0058649 
v -0.0237836 0.00523517 0.0058649 
v -0.0242102 0.00263302 0.0058649 
v -0.024353 -3.51418e-18 0.0058649 
v -0.0242102 -0.00263302 0.0058649 
v -0.0237836 -0.00523517 0.0058649 
v -0.0230782 -0.00777594 0.0058649 
v -0.0221022 -0.0102255 0.0058649 
v -0.020867 -0.0125553 0.0058649 
v -0.0193872 -0.0147378 0.0058649 
v -0.0176801 -0.0167475 0.0058649 
v -0.0157658 -0.0185609 0.0058649 
v -0.0136666 -0.0201567 0.0058649 
v -0.0114071 -0.0215161 0.0058649 
v -0.00901397 -0.0226233 0.0058649 
v -0.00651511 -0.0234653 0.0058649 
v -0.00393987 -0.0240322 0.0058649 
v -0.00131844 -0.0243173 0.0058649 
v 0.00131844 -0.0243173 0.0058649 
v 0.00393987 -0.0240322 0.0058649 
v 0.00651511 -0.0234653 0.0058649 
v 0.00901397 -0.0226233 0.0058649 
v 0.0114071 -0.0215161 0.0058649 
v 0.0136666 -0.0201567 0.0058649 
v 0.0157658 -0.0185609 0.0058649 
v 0.0176801 -0.0167475 0.0058649 
v 0.0193872 -0.0147378 0.0058649 
v 0.020867 -0.0125553 0.0058649 
v 0.0221022 -0.0102255 0.0058649 
v 0.0230782 -0.00777594 0.0058649 
v 0.0237836 -0.00523517 0.0058649 
v 0.0242102 -0.00263302 0.0058649 
v 0.02413 1.5553e-18 0.0060097 
v 0.0239885 0.00260891 0.0060097 
v 0.0235659 0.00518724 0.0060097 
v 0.0228669 0.00770475 0.0060097 
v 0.0218998 0.0101319 0.0060097 
v 0.020676 0.0124403 0.0060097 
v 0.0192097 0.0146029 0.0060097 
v 0.0175183 0.0165942 0.0060097 
v 0.0156214 0.018391 0.0060097 
v 0.0135414 0.0199721 0.0060097 
v 0.0113027 0.0213191 0.0060097 
v 0.00893143 0.0224162 0.0060097 
v 0.00645546 0.0232505 0.0060097 
v 0.0039038 0.0238121 0.0060097 
v 0.00130637 0.0240946 0.0060097 
v -0.00130637 0.0240946 0.0060097 
v -0.0039038 0.0238121 0.0060097 
v -0.00645546 0.0232505 0.0060097 
v -0.00893143 0.0224162 0.0060097 
v -0.0113027 0.0213191 0.0060097 
v -0.0135414 0.0199721 0.0060097 
v -0.0156214 0.018391 0.0060097 
v -0.0175183 0.0165942 0.0060097 
v -0.0192097 0.0146029 0.0060097 
v -0.020676 0.0124403 0.0060097 
v -0.0218998 0.0101319 0.0060097 
v -0.0228669 0.00770475 0.0060097 
v -0.0235659 0.00518724 0.0060097 
v -0.0239885 0.00260891 0.0060097 
v -0.02413 -3.46776e-18 0.0060097 
v -0.0239885 -0.00260891 0.0060097 
v -0.0235659 -0.00518724 0.0060097 
v -0.0228669 -0.00770475 0.0060097 
v -0.0218998 -0.0101319 0.0060097 
v -0.020676 -0.0124403 0.0060097 
v -0.0192097 -0.0146029 0.0060097 
v -0.0175183 -0.0165942 0.0060097 
v -0.0156214 -0.018391 0.0060097 
v -0.0135414 -0.0199721 0.0060097 
v -0.0113027 -0.0213191 0.0060097 
v -0.00893143 -0.0224162 0.0060097 
v -0.00645546 -0.0232505 0.0060097 
v -0.0039038 -0.0238121 0.0060097 
v -0.00130637 -0.0240946 0.0060097 
v 0.00130637 -0.0240946 0.0060097 
v 0.0039038 -0.0238121 0.0060097 
v 0.00645546 -0.0232505 0.0060097 
v 0.00893143 -0.0224162 0.0060097 
v 0.0113027 -0.0213191 0.0060097 
v 0.0135414 -0.0199721 0.0060097 
v 0.0156214 -0.018391 0.0060097 
v 0.0175183 -0.0165942 0.0060097 
v 0.0192097 -0.0146029 0.0060097 
v 0.020676 -0.0124403 0.0060097 
v 0.0218998 -0.0101319 0.0060097 
v 0.0228669 -0.00770475 0.0060097 
v 0.0235659 -0.00518724 0.0060097 
v 0.0239885 -0.00260891 0.0060097 
v 0.0238931 1.5553e-18 0.00613041 
v 0.023753 0.0025833 0.00613041 
v 0.0233345 0.00513631 0.00613041 
v 0.0226424 0.00762911 0.00613041 
v 0.0216848 0.0100325 0.00613041 
v 0.020473 0.0123182 0.00613041 
v 0.0190211 0.0144595 0.00613041 
v 0.0173463 0.0164313 0.00613041 
v 0.0154681 0.0182104 0.00613041 
v 0.0134085 0.0197761 0.00613041 
v 0.0111917 0.0211099 0.00613041 
v 0.00884375 0.0221961 0.00613041 
v 0.00639208 0.0230222 0.00613041 
v 0.00386548 0.0235784 0.00613041 
v 0.00129355 0.0238581 0.00613041 
v -0.00129355 0.0238581 0.00613041 
v -0.00386548 0.0235784 0.00613041 
v -0.00639208 0.0230222 0.00613041 
v -0.00884375 0.0221961 0.00613041 
v -0.0111917 0.0211099 0.00613041 
v -0.0134085 0.0197761 0.00613041 
v -0.0154681 0.0182104 0.00613041 
v -0.0173463 0.0164313 0.00613041 
v -0.0190211 0.0144595 0.00613041 
v -0.020473 0.0123182 0.00613041 
v -0.0216848 0.0100325 0.00613041 
v -0.0226424 0.00762911 0.00613041 
v -0.0233345 0.00513631 0.00613041 
v -0.023753 0.0025833 0.00613041 
v -0.0238931 -3.41845e-18 0.00613041 
v -0.023753 -0.0025833 0.00613041 
v -0.0233345 -0.00513631 0.00613041 
v -0.0226424 -0.00762911 0.00613041 
v -0.0216848 -0.0100325 0.00613041 
v -0.020473 -0.0123182 0.00613041 
v -0.0190211 -0.0144595 0.00613041 
v -0.0173463 -0.0164313 0.00613041 
v -0.0154681 -0.0182104 0.00613041 
v -0.0134085 -0.0197761 0.00613041 
v -0.0111917 -0.0211099 0.00613041 
v -0.00884375 -0.0221961 0.00613041 
v -0.00639208 -0.0230222 0.00613041 
v -0.00386548 -0.0235784 0.00613041 
v -0.00129355 -0.0238581 0.00613041 
v 0.00129355 -0.0238581 0.00613041 
v 0.00386548 -0.0235784 0.00613041 
v 0.00639208 -0.0230222 0.00613041 
v 0.00884375 -0.0221961 0.00613041 
v 0.0111917 -0.0211099 0.00613041 
v 0.0134085 -0.0197761 0.00613041 
v 0.0154681 -0.0182104 0.00613041 
v 0.0173463 -0.0164313 0.00613041 
v 0.0190211 -0.0144595 0.00613041 
v 0.020473 -0.0123182 0.00613041 
v 0.0216848 -0.0100325 0.00613041 
v 0.0226424 -0.00762911 0.00613041 
v 0.0233345 -0.00513631 0.00613041 
v 0.023753 -0.0025833 0.00613041 
v 0.0236449 1.5553e-18 0.00622568 
v 0.0235063 0.00255646 0.00622568 
v 0.0230921 0.00508296 0.00622568 
v 0.0224072 0.00754985 0.00622568 
v 0.0214595 0.00992824 0.00622568 
v 0.0202603 0.0121902 0.00622568 
v 0.0188235 0.0143093 0.00622568 
v 0.0171661 0.0162606 0.00622568 
v 0.0153074 0.0180212 0.00622568 
v 0.0132692 0.0195706 0.00622568 
v 0.0110755 0.0208906 0.00622568 
v 0.00875188 0.0219656 0.00622568 
v 0.00632568 0.022783 0.00622568 
v 0.00382532 0.0233334 0.00622568 
v 0.00128011 0.0236102 0.00622568 
v -0.00128011 0.0236102 0.00622568 
v -0.00382532 0.0233334 0.00622568 
v -0.00632568 0.022783 0.00622568 
v -0.00875188 0.0219656 0.00622568 
v -0.0110755 0.0208906 0.00622568 
v -0.0132692 0.0195706 0.00622568 
v -0.0153074 0.0180212 0.00622568 
v -0.0171661 0.0162606 0.00622568 
v -0.0188235 0.0143093 0.00622568 
v -0.0202603 0.0121902 0.00622568 
v -0.0214595 0.00992824 0.00622568 
v -0.0224072 0.00754985 0.00622568 
v -0.0230921 0.00508296 0.00622568 
v -0.0235063 0.00255646 0.00622568 
v -0.0236449 -3.36678e-18 0.00622568 
v -0.0235063 -0.00255646 0.00622568 
v -0.0230921 -0.00508296 0.00622568 
v -0.0224072 -0.00754985 0.00622568 
v -0.0214595 -0.00992824 0.00622568 
v -0.0202603 -0.0121902 0.00622568 
v -0.0188235 -0.0143093 0.00622568 
v -0.0171661 -0.0162606 0.00622568 
v -0.0153074 -0.0180212 0.00622568 
v -0.0132692 -0.0195706 0.00622568 
v -0.0110755 -0.0208906 0.00622568 
v -0.00875188 -0.0219656 0.00622568 
v -0.00632568 -0.022783 0.00622568 
v -0.00382532 -0.0233334 0.00622568 
v -0.00128011 -0.0236102 0.00622568 
v 0.00128011 -0.0236102 0.00622568 
v 0.00382532 -0.0233334 0.00622568 
v 0.00632568 -0.022783 0.00622568 
v 0.00875188 -0.0219656 0.00622568 
v 0.0110755 -0.0208906 0.00622568 
v 0.0132692 -0.0195706 0.00622568 
v 0.0153074 -0.0180212 0.00622568 
v 0.0171661 -0.0162606 0.00622568 
v 0.0188235 -0.0143093 0.00622568 
v 0.0202603 -0.0121902 0.00622568 
v 0.0214595 -0.00992824 0.00622568 
v 0.0224072 -0.00754985 0.00622568 
v 0.0230921 -0.00508296 0.00622568 
v 0.0235063 -0.00255646 0.00622568 
v 0.0233881 1.5553e-18 0.00629449 
v 0.023251 0.0025287 0.00629449 
v 0.0228413 0.00502775 0.00629449 
v 0.0221638 0.00746785 0.00629449 
v 0.0212265 0.00982041 0.00629449 
v 0.0200403 0.0120578 0.00629449 
v 0.0186191 0.0141539 0.00629449 
v 0.0169797 0.016084 0.00629449 
v 0.0151411 0.0178255 0.00629449 
v 0.0131251 0.0193581 0.00629449 
v 0.0109552 0.0206637 0.00629449 
v 0.00865683 0.021727 0.00629449 
v 0.00625698 0.0225356 0.00629449 
v 0.00378377 0.02308 0.00629449 
v 0.00126621 0.0233538 0.00629449 
v -0.00126621 0.0233538 0.00629449 
v -0.00378377 0.02308 0.00629449 
v -0.00625698 0.0225356 0.00629449 
v -0.00865683 0.021727 0.00629449 
v -0.0109552 0.0206637 0.00629449 
v -0.0131251 0.0193581 0.00629449 
v -0.0151411 0.0178255 0.00629449 
v -0.0169797 0.016084 0.00629449 
v -0.0186191 0.0141539 0.00629449 
v -0.0200403 0.0120578 0.00629449 
v -0.0212265 0.00982041 0.00629449 
v -0.0221638 0.00746785 0.00629449 
v -0.0228413 0.00502775 0.00629449 
v -0.023251 0.0025287 0.00629449 
v -0.0233881 -3.31332e-18 0.00629449 
v -0.023251 -0.0025287 0.00629449 
v -0.0228413 -0.00502775 0.00629449 
v -0.0221638 -0.00746785 0.00629449 
v -0.0212265 -0.00982041 0.00629449 
v -0.0200403 -0.0120578 0.00629449 
v -0.0186191 -0.0141539 0.00629449 
v -0.0169797 -0.016084 0.00629449 
v -0.0151411 -0.0178255 0.00629449 
v -0.0131251 -0.0193581 0.00629449 
v -0.0109552 -0.0206637 0.00629449 
v -0.00865683 -0.021727 0.00629449 
v -0.00625698 -0.0225356 0.00629449 
v -0.00378377 -0.02308 0.00629449 
v -0.00126621 -0.0233538 0.00629449 
v 0.00126621 -0.0233538 0.00629449 
v 0.00378377 -0.02308 0.00629449 
v 0.00625698 -0.0225356 0.00629449 
v 0.00865683 -0.021727 0.00629449 
v 0.0109552 -0.0206637 0.00629449 
v 0.0131251 -0.0193581 0.00629449 
v 0.0151411 -0.0178255 0.00629449 
v 0.0169797 -0.016084 0.00629449 
v 0.0186191 -0.0141539 0.00629449 
v 0.0200403 -0.0120578 0.00629449 
v 0.0212265 -0.00982041 0.00629449 
v 0.0221638 -0.00746785 0.00629449 
v 0.0228413 -0.00502775 0.00629449 
v 0.023251 -0.0025287 0.00629449 
v 0.0231255 1.5553e-18 0.00633609 
v 0.0229899 0.00250031 0.00633609 
v 0.0225848 0.0049713 0.00633609 
v 0.021915 0.00738401 0.00633609 
v 0.0209881 0.00971015 0.00633609 
v 0.0198153 0.0119224 0.00633609 
v 0.0184101 0.013995 0.00633609 
v 0.016789 0.0159034 0.00633609 
v 0.0149711 0.0176254 0.00633609 
v 0.0129777 0.0191407 0.00633609 
v 0.0108322 0.0204317 0.00633609 
v 0.00855963 0.0214831 0.00633609 
v 0.00618673 0.0222826 0.00633609 
v 0.00374129 0.0228209 0.00633609 
v 0.00125199 0.0230916 0.00633609 
v -0.00125199 0.0230916 0.00633609 
v -0.00374129 0.0228209 0.00633609 
v -0.00618673 0.0222826 0.00633609 
v -0.00855963 0.0214831 0.00633609 
v -0.0108322 0.0204317 0.00633609 
v -0.0129777 0.0191407 0.00633609 
v -0.0149711 0.0176254 0.00633609 
v -0.016789 0.0159034 0.00633609 
v -0.0184101 0.013995 0.00633609 
v -0.0198153 0.0119224 0.00633609 
v -0.0209881 0.00971015 0.00633609 
v -0.021915 0.00738401 0.00633609 
v -0.0225848 0.0049713 0.00633609 
v -0.0229899 0.00250031 0.00633609 
v -0.0231255 -3.25866e-18 0.00633609 
v -0.0229899 -0.00250031 0.00633609 
v -0.0225848 -0.0049713 0.00633609 
v -0.021915 -0.00738401 0.00633609 
v -0.0209881 -0.00971015 0.00633609 
v -0.0198153 -0.0119224 0.00633609 
v -0.0184101 -0.013995 0.00633609 
v -0.016789 -0.0159034 0.00633609 
v -0.0149711 -0.0176254 0.00633609 
v -0.0129777 -0.0191407 0.00633609 
v -0.0108322 -0.0204317 0.00633609 
v -0.00855963 -0.0214831 0.00633609 
v -0.00618673 -0.0222826 0.00633609 
v -0.00374129 -0.0228209 0.00633609 
v -0.00125199 -0.0230916 0.00633609 
v 0.00125199 -0.0230916 0.00633609 
v 0.00374129 -0.0228209 0.00633609 
v 0.00618673 -0.0222826 0.00633609 
v 0.00855963 -0.0214831 0.00633609 
v 0.0108322 -0.0204317 0.00633609 
v 0.0129777 -0.0191407 0.00633609 
v 0.0149711 -0.0176254 0.00633609 
v 0.016789 -0.0159034 0.00633609 
v 0.0184101 -0.013995 0.00633609 
v 0.0198153 -0.0119224 0.00633609 
v 0.0209881 -0.00971015 0.00633609 
v 0.021915 -0.00738401 0.00633609 
v 0.0225848 -0.0049713 0.00633609 
v 0.0229899 -0.00250031 0.00633609 
v 0.0139771 0.0164551 0.00635 
v 0.0156742 0.0148474 0.00635 
v 0.012116 0.0178698 0.00635 
v 0.00799128 0.0200566 0.00635 
v 0.0101129 0.019075 0.00635 
v 0.00577594 0.020803 0.00635 
v 0.00349287 0.0213056 0.00635 
v 0.00116886 0.0215583 0.00635 
v -0.0184995 -0.0111308 0.00635 
v -0.0195946 -0.00906541 0.00635 
v -0.0171876 -0.0130657 0.00635 
v 0.0195946 0.00906541 0.00635 
v 0.0204598 0.00689372 0.00635 
v 0.0184995 0.0111308 0.00635 
v 0.0171876 0.0130657 0.00635 
v -0.0204598 -0.00689372 0.00635 
v -0.0210852 -0.00464121 0.00635 
v -0.0156742 -0.0148474 0.00635 
v -0.0139771 -0.0164551 0.00635 
v -0.012116 -0.0178698 0.00635 
v 0.0210852 0.00464121 0.00635 
v -0.0184995 0.0111308 0.00635 
v -0.0171876 0.0130657 0.00635 
v -0.0195946 0.00906541 0.00635 
v -0.0204598 0.00689372 0.00635 
v -0.0210852 0.00464121 0.00635 
v -0.02159 -1.53653e-17 0.00635 
v -0.0214634 0.00233429 0.00635 
v -0.0214634 -0.00233429 0.00635 
v -0.0101129 -0.019075 0.00635 
v -0.00577594 -0.020803 0.00635 
v -0.00349287 -0.0213056 0.00635 
v 0.0156742 -0.0148474 0.00635 
v 0.0139771 -0.0164551 0.00635 
v 0.0171876 -0.0130657 0.00635 
v 0.0184995 -0.0111308 0.00635 
v 0.0195946 -0.00906541 0.00635 
v 0.0214634 0.00233429 0.00635 
v 0.02159 -4.12155e-18 0.00635 
v -0.00577594 0.020803 0.00635 
v -0.00349287 0.0213056 0.00635 
v -0.00799128 0.0200566 0.00635 
v -0.00799128 -0.0200566 0.00635 
v -0.00116886 -0.0215583 0.00635 
v 0.00116886 -0.0215583 0.00635 
v 0.00349287 -0.0213056 0.00635 
v 0.00577594 -0.020803 0.00635 
v 0.012116 -0.0178698 0.00635 
v 0.0101129 -0.019075 0.00635 
v -0.00116886 0.0215583 0.00635 
v -0.0101129 0.019075 0.00635 
v 0.00799128 -0.0200566 0.00635 
v -0.012116 0.0178698 0.00635 
v 0.0204598 -0.00689372 0.00635 
v 0.0210852 -0.00464121 0.00635 
v -0.0139771 0.0164551 0.00635 
v -0.0156742 0.0148474 0.00635 
v 0.0214634 -0.00233429 0.00635 
v 0.02286 -4.04378e-18 0 
v 0.022726 0.0024716 0 
v 0.0223255 0.00491422 0 
v 0.0216634 0.00729923 0 
v 0.0207472 0.00959866 0 
v 0.0195878 0.0117856 0 
v 0.0181987 0.0138343 0 
v 0.0165963 0.0157208 0 
v 0.0147993 0.017423 0 
v 0.0128287 0.018921 0 
v 0.0107078 0.0201971 0 
v 0.00846136 0.0212364 0 
v 0.0061157 0.0220268 0 
v 0.00369834 0.0225589 0 
v 0.00123762 0.0228265 0 
v -0.00123762 0.0228265 0 
v -0.00369834 0.0225589 0 
v -0.0061157 0.0220268 0 
v -0.00846136 0.0212364 0 
v -0.0107078 0.0201971 0 
v -0.0128287 0.018921 0 
v -0.0147993 0.017423 0 
v -0.0165963 0.0157208 0 
v -0.0181987 0.0138343 0 
v -0.0195878 0.0117856 0 
v -0.0207472 0.00959866 0 
v -0.0216634 0.00729923 0 
v -0.0223255 0.00491422 0 
v -0.022726 0.0024716 0 
v -0.02286 -1.59489e-17 0 
v -0.022726 -0.0024716 0 
v -0.0223255 -0.00491422 0 
v -0.0216634 -0.00729923 0 
v -0.0207472 -0.00959866 0 
v -0.0195878 -0.0117856 0 
v -0.0181987 -0.0138343 0 
v -0.0165963 -0.0157208 0 
v -0.0147993 -0.017423 0 
v -0.0128287 -0.018921 0 
v -0.0107078 -0.0201971 0 
v -0.00846136 -0.0212364 0 
v -0.0061157 -0.0220268 0 
v -0.00369834 -0.0225589 0 
v -0.00123762 -0.0228265 0 
v 0.00123762 -0.0228265 0 
v 0.00369834 -0.0225589 0 
v 0.0061157 -0.0220268 0 
v 0.00846136 -0.0212364 0 
v 0.0107078 -0.0201971 0 
v 0.0128287 -0.018921 0 
v 0.0147993 -0.017423 0 
v 0.0165963 -0.0157208 0 
v 0.0181987 -0.0138343 0 
v 0.0195878 -0.0117856 0 
v 0.0207472 -0.00959866 0 
v 0.0216634 -0.00729923 0 
v 0.0223255 -0.00491422 0 
v 0.022726 -0.0024716 0 
v 0.0231255 1.5553e-18 1.39144e-05 
v 0.0229899 0.00250031 1.39144e-05 
v 0.0225848 0.0049713 1.39144e-05 
v 0.021915 0.00738401 1.39144e-05 
v 0.0209881 0.00971015 1.39144e-05 
v 0.0198153 0.0119224 1.39144e-05 
v 0.0184101 0.013995 1.39144e-05 
v 0.016789 0.0159034 1.39144e-05 
v 0.0149711 0.0176254 1.39144e-05 
v 0.0129777 0.0191407 1.39144e-05 
v 0.0108322 0.0204317 1.39144e-05 
v 0.00855963 0.0214831 1.39144e-05 
v 0.00618673 0.0222826 1.39144e-05 
v 0.00374129 0.0228209 1.39144e-05 
v 0.00125199 0.0230916 1.39144e-05 
v -0.00125199 0.0230916 1.39144e-05 
v -0.00374129 0.0228209 1.39144e-05 
v -0.00618673 0.0222826 1.39144e-05 
v -0.00855963 0.0214831 1.39144e-05 
v -0.0108322 0.0204317 1.39144e-05 
v -0.0129777 0.0191407 1.39144e-05 
v -0.0149711 0.0176254 1.39144e-05 
v -0.016789 0.0159034 1.39144e-05 
v -0.0184101 0.013995 1.39144e-05 
v -0.0198153 0.0119224 1.39144e-05 
v -0.0209881 0.00971015 1.39144e-05 
v -0.021915 0.00738401 1.39144e-05 
v -0.0225848 0.0049713 1.39144e-05 
v -0.0229899 0.00250031 1.39144e-05 
v -0.0231255 -3.25866e-18 1.39144e-05 
v -0.0229899 -0.00250031 1.39144e-05 
v -0.0225848 -0.0049713 1.39144e-05 
v -0.021915 -0.00738401 1.39144e-05 
v -0.0209881 -0.00971015 1.39144e-05 
v -0.0198153 -0.0119224 1.39144e-05 
v -0.0184101 -0.013995 1.39144e-05 
v -0.016789 -0.0159034 1.39144e-05 
v -0.0149711 -0.0176254 1.39144e-05 
v -0.0129777 -0.0191407 1.39144e-05 
v -0.0108322 -0.0204317 1.39144e-05 
v -0.00855963 -0.0214831 1.39144e-05 
v -0.00618673 -0.0222826 1.39144e-05 
v -0.00374129 -0.0228209 1.39144e-05 
v -0.00125199 -0.0230916 1.39144e-05 
v 0.00125199 -0.0230916 1.39144e-05 
v 0.00374129 -0.0228209 1.39144e-05 
v 0.00618673 -0.0222826 1.39144e-05 
v 0.00855963 -0.0214831 1.39144e-05 
v 0.0108322 -0.0204317 1.39144e-05 
v 0.0129777 -0.0191407 1.39144e-05 
v 0.0149711 -0.0176254 1.39144e-05 
v 0.016789 -0.0159034 1.39144e-05 
v 0.0184101 -0.013995 1.39144e-05 
v 0.0198153 -0.0119224 1.39144e-05 
v 0.0209881 -0.00971015 1.39144e-05 
v 0.021915 -0.00738401 1.39144e-05 
v 0.0225848 -0.0049713 1.39144e-05 
v 0.0229899 -0.00250031 1.39144e-05 
v 0.0233881 1.5553e-18 5.55051e-05 
v 0.023251 0.0025287 5.55051e-05 
v 0.0228413 0.00502775 5.55051e-05 
v 0.0221638 0.00746785 5.55051e-05 
v 0.0212265 0.00982041 5.55051e-05 
v 0.0200403 0.0120578 5.55051e-05 
v 0.0186191 0.0141539 5.55051e-05 
v 0.0169797 0.016084 5.55051e-05 
v 0.0151411 0.0178255 5.55051e-05 
v 0.0131251 0.0193581 5.55051e-05 
v 0.0109552 0.0206637 5.55051e-05 
v 0.00865683 0.021727 5.55051e-05 
v 0.00625698 0.0225356 5.55051e-05 
v 0.00378377 0.02308 5.55051e-05 
v 0.00126621 0.0233538 5.55051e-05 
v -0.00126621 0.0233538 5.55051e-05 
v -0.00378377 0.02308 5.55051e-05 
v -0.00625698 0.0225356 5.55051e-05 
v -0.00865683 0.021727 5.55051e-05 
v -0.0109552 0.0206637 5.55051e-05 
v -0.0131251 0.0193581 5.55051e-05 
v -0.0151411 0.0178255 5.55051e-05 
v -0.0169797 0.016084 5.55051e-05 
v -0.0186191 0.0141539 5.55051e-05 
v -0.0200403 0.0120578 5.55051e-05 
v -0.0212265 0.00982041 5.55051e-05 
v -0.0221638 0.00746785 5.55051e-05 
v -0.0228413 0.00502775 5.55051e-05 
v -0.023251 0.0025287 5.55051e-05 
v -0.0233881 -3.31332e-18 5.55051e-05 
v -0.023251 -0.0025287 5.55051e-05 
v -0.0228413 -0.00502775 5.55051e-05 
v -0.0221638 -0.00746785 5.55051e-05 
v -0.0212265 -0.00982041 5.55051e-05 
v -0.0200403 -0.0120578 5.55051e-05 
v -0.0186191 -0.0141539 5.55051e-05 
v -0.0169797 -0.016084 5.55051e-05 
v -0.0151411 -0.0178255 5.55051e-05 
v -0.0131251 -0.0193581 5.55051e-05 
v -0.0109552 -0.0206637 5.55051e-05 
v -0.00865683 -0.021727 5.55051e-05 
v -0.00625698 -0.0225356 5.55051e-05 
v -0.00378377 -0.02308 5.55051e-05 
v -0.00126621 -0.0233538 5.55051e-05 
v 0.00126621 -0.0233538 5.55051e-05 
v 0.00378377 -0.02308 5.55051e-05 
v 0.00625698 -0.0225356 5.55051e-05 
v 0.00865683 -0.021727 5.55051e-05 
v 0.0109552 -0.0206637 5.55051e-05 
v 0.0131251 -0.0193581 5.55051e-05 
v 0.0151411 -0.0178255 5.55051e-05 
v 0.0169797 -0.016084 5.55051e-05 
v 0.0186191 -0.0141539 5.55051e-05 
v 0.0200403 -0.0120578 5.55051e-05 
v 0.0212265 -0.00982041 5.55051e-05 
v 0.0221638 -0.00746785 5.55051e-05 
v 0.0228413 -0.00502775 5.55051e-05 
v 0.023251 -0.0025287 5.55051e-05 
v 0.0236449 1.5553e-18 0.000124316 
v 0.0235063 0.00255646 0.000124316 
v 0.0230921 0.00508296 0.000124316 
v 0.0224072 0.00754985 0.000124316 
v 0.0214595 0.00992824 0.000124316 
v 0.0202603 0.0121902 0.000124316 
v 0.0188235 0.0143093 0.000124316 
v 0.0171661 0.0162606 0.000124316 
v 0.0153074 0.0180212 0.000124316 
v 0.0132692 0.0195706 0.000124316 
v 0.0110755 0.0208906 0.000124316 
v 0.00875188 0.0219656 0.000124316 
v 0.00632568 0.022783 0.000124316 
v 0.00382532 0.0233334 0.000124316 
v 0.00128011 0.0236102 0.000124316 
v -0.00128011 0.0236102 0.000124316 
v -0.00382532 0.0233334 0.000124316 
v -0.00632568 0.022783 0.000124316 
v -0.00875188 0.0219656 0.000124316 
v -0.0110755 0.0208906 0.000124316 
v -0.0132692 0.0195706 0.000124316 
v -0.0153074 0.0180212 0.000124316 
v -0.0171661 0.0162606 0.000124316 
v -0.0188235 0.0143093 0.000124316 
v -0.0202603 0.0121902 0.000124316 
v -0.0214595 0.00992824 0.000124316 
v -0.0224072 0.00754985 0.000124316 
v -0.0230921 0.00508296 0.000124316 
v -0.0235063 0.00255646 0.000124316 
v -0.0236449 -3.36678e-18 0.000124316 
v -0.0235063 -0.00255646 0.000124316 
v -0.0230921 -0.00508296 0.000124316 
v -0.0224072 -0.00754985 0.000124316 
v -0.0214595 -0.00992824 0.000124316 
v -0.0202603 -0.0121902 0.000124316 
v -0.0188235 -0.0143093 0.000124316 
v -0.0171661 -0.0162606 0.000124316 
v -0.0153074 -0.0180212 0.000124316 
v -0.0132692 -0.0195706 0.000124316 
v -0.0110755 -0.0208906 0.000124316 
v -0.00875188 -0.0219656 0.000124316 
v -0.00632568 -0.022783 0.000124316 
v -0.00382532 -0.0233334 0.000124316 
v -0.00128011 -0.0236102 0.000124316 
v 0.00128011 -0.0236102 0.000124316 
v 0.00382532 -0.0233334 0.000124316 
v 0.00632568 -0.022783 0.000124316 
v 0.00875188 -0.0219656 0.000124316 
v 0.0110755 -0.0208906 0.000124316 
v 0.0132692 -0.0195706 0.000124316 
v 0.0153074 -0.0180212 0.000124316 
v 0.0171661 -0.0162606 0.000124316 
v 0.0188235 -0.0143093 0.000124316 
v 0.0202603 -0.0121902 0.000124316 
v 0.0214595 -0.00992824 0.000124316 
v 0.0224072 -0.00754985 0.000124316 
v 0.0230921 -0.00508296 0.000124316 
v 0.0235063 -0.00255646 0.000124316 
v 0.0238931 1.5553e-18 0.000219595 
v 0.023753 0.0025833 0.000219595 
v 0.0233345 0.00513631 0.000219595 
v 0.0226424 0.00762911 0.000219595 
v 0.0216848 0.0100325 0.000219595 
v 0.020473 0.0123182 0.000219595 
v 0.0190211 0.0144595 0.000219595 
v 0.0173463 0.0164313 0.000219595 
v 0.0154681 0.0182104 0.000219595 
v 0.0134085 0.0197761 0.000219595 
v 0.0111917 0.0211099 0.000219595 
v 0.00884375 0.0221961 0.000219595 
v 0.00639208 0.0230222 0.000219595 
v 0.00386548 0.0235784 0.000219595 
v 0.00129355 0.0238581 0.000219595 
v -0.00129355 0.0238581 0.000219595 
v -0.00386548 0.0235784 0.000219595 
v -0.00639208 0.0230222 0.000219595 
v -0.00884375 0.0221961 0.000219595 
v -0.0111917 0.0211099 0.000219595 
v -0.0134085 0.0197761 0.000219595 
v -0.0154681 0.0182104 0.000219595 
v -0.0173463 0.0164313 0.000219595 
v -0.0190211 0.0144595 0.000219595 
v -0.020473 0.0123182 0.000219595 
v -0.0216848 0.0100325 0.000219595 
v -0.0226424 0.00762911 0.000219595 
v -0.0233345 0.00513631 0.000219595 
v -0.023753 0.0025833 0.000219595 
v -0.0238931 -3.41845e-18 0.000219595 
v -0.023753 -0.0025833 0.000219595 
v -0.0233345 -0.00513631 0.000219595 
v -0.0226424 -0.00762911 0.000219595 
v -0.0216848 -0.0100325 0.000219595 
v -0.020473 -0.0123182 0.000219595 
v -0.0190211 -0.0144595 0.000219595 
v -0.0173463 -0.0164313 0.000219595 
v -0.0154681 -0.0182104 0.000219595 
v -0.0134085 -0.0197761 0.000219595 
v -0.0111917 -0.0211099 0.000219595 
v -0.00884375 -0.0221961 0.000219595 
v -0.00639208 -0.0230222 0.000219595 
v -0.00386548 -0.0235784 0.000219595 
v -0.00129355 -0.0238581 0.000219595 
v 0.00129355 -0.0238581 0.000219595 
v 0.00386548 -0.0235784 0.000219595 
v 0.00639208 -0.0230222 0.000219595 
v 0.00884375 -0.0221961 0.000219595 
v 0.0111917 -0.0211099 0.000219595 
v 0.0134085 -0.0197761 0.000219595 
v 0.0154681 -0.0182104 0.000219595 
v 0.0173463 -0.0164313 0.000219595 
v 0.0190211 -0.0144595 0.000219595 
v 0.020473 -0.0123182 0.000219595 
v 0.0216848 -0.0100325 0.000219595 
v 0.0226424 -0.00762911 0.000219595 
v 0.0233345 -0.00513631 0.000219595 
v 0.023753 -0.0025833 0.000219595 
v 0.02413 1.5553e-18 0.000340295 
v 0.0239885 0.00260891 0.000340295 
v 0.0235659 0.00518724 0.000340295 
v 0.0228669 0.00770475 0.000340295 
v 0.0218998 0.0101319 0.000340295 
v 0.020676 0.0124403 0.000340295 
v 0.0192097 0.0146029 0.000340295 
v 0.0175183 0.0165942 0.000340295 
v 0.0156214 0.018391 0.000340295 
v 0.0135414 0.0199721 0.000340295 
v 0.0113027 0.0213191 0.000340295 
v 0.00893143 0.0224162 0.000340295 
v 0.00645546 0.0232505 0.000340295 
v 0.0039038 0.0238121 0.000340295 
v 0.00130637 0.0240946 0.000340295 
v -0.00130637 0.0240946 0.000340295 
v -0.0039038 0.0238121 0.000340295 
v -0.00645546 0.0232505 0.000340295 
v -0.00893143 0.0224162 0.000340295 
v -0.0113027 0.0213191 0.000340295 
v -0.0135414 0.0199721 0.000340295 
v -0.0156214 0.018391 0.000340295 
v -0.0175183 0.0165942 0.000340295 
v -0.0192097 0.0146029 0.000340295 
v -0.020676 0.0124403 0.000340295 
v -0.0218998 0.0101319 0.000340295 
v -0.0228669 0.00770475 0.000340295 
v -0.0235659 0.00518724 0.000340295 
v -0.0239885 0.00260891 0.000340295 
v -0.02413 -3.46776e-18 0.000340295 
v -0.0239885 -0.00260891 0.000340295 
v -0.0235659 -0.00518724 0.000340295 
v -0.0228669 -0.00770475 0.000340295 
v -0.0218998 -0.0101319 0.000340295 
v -0.020676 -0.0124403 0.000340295 
v -0.0192097 -0.0146029 0.000340295 
v -0.0175183 -0.0165942 0.000340295 
v -0.0156214 -0.018391 0.000340295 
v -0.0135414 -0.0199721 0.000340295 
v -0.0113027 -0.0213191 0.000340295 
v -0.00893143 -0.0224162 0.000340295 
v -0.00645546 -0.0232505 0.000340295 
v -0.0039038 -0.0238121 0.000340295 
v -0.00130637 -0.0240946 0.000340295 
v 0.00130637 -0.0240946 0.000340295 
v 0.0039038 -0.0238121 0.000340295 
v 0.00645546 -0.0232505 0.000340295 
v 0.00893143 -0.0224162 0.000340295 
v 0.0113027 -0.0213191 0.000340295 
v 0.0135414 -0.0199721 0.000340295 
v 0.0156214 -0.018391 0.000340295 
v 0.0175183 -0.0165942 0.000340295 
v 0.0192097 -0.0146029 0.000340295 
v 0.020676 -0.0124403 0.000340295 
v 0.0218998 -0.0101319 0.000340295 
v 0.0228669 -0.00770475 0.000340295 
v 0.0235659 -0.00518724 0.000340295 
v 0.0239885 -0.00260891 0.000340295 
v 0.024353 1.5553e-18 0.000485097 
v 0.0242102 0.00263302 0.000485097 
v 0.0237836 0.00523517 0.000485097 
v 0.0230782 0.00777594 0.000485097 
v 0.0221022 0.0102255 0.000485097 
v 0.020867 0.0125553 0.000485097 
v 0.0193872 0.0147378 0.000485097 
v 0.0176801 0.0167475 0.000485097 
v 0.0157658 0.0185609 0.000485097 
v 0.0136666 0.0201567 0.000485097 
v 0.0114071 0.0215161 0.000485097 
v 0.00901397 0.0226233 0.000485097 
v 0.00651511 0.0234653 0.000485097 
v 0.00393987 0.0240322 0.000485097 
v 0.00131844 0.0243173 0.000485097 
v -0.00131844 0.0243173 0.000485097 
v -0.00393987 0.0240322 0.000485097 
v -0.00651511 0.0234653 0.000485097 
v -0.00901397 0.0226233 0.000485097 
v -0.0114071 0.0215161 0.000485097 
v -0.0136666 0.0201567 0.000485097 
v -0.0157658 0.0185609 0.000485097 
v -0.0176801 0.0167475 0.000485097 
v -0.0193872 0.0147378 0.000485097 
v -0.020867 0.0125553 0.000485097 
v -0.0221022 0.0102255 0.000485097 
v -0.0230782 0.00777594 0.000485097 
v -0.0237836 0.00523517 0.000485097 
v -0.0242102 0.00263302 0.000485097 
v -0.024353 -3.51418e-18 0.000485097 
v -0.0242102 -0.00263302 0.000485097 
v -0.0237836 -0.00523517 0.000485097 
v -0.0230782 -0.00777594 0.000485097 
v -0.0221022 -0.0102255 0.000485097 
v -0.020867 -0.0125553 0.000485097 
v -0.0193872 -0.0147378 0.000485097 
v -0.0176801 -0.0167475 0.000485097 
v -0.0157658 -0.0185609 0.000485097 
v -0.0136666 -0.0201567 0.000485097 
v -0.0114071 -0.0215161 0.000485097 
v -0.00901397 -0.0226233 0.000485097 
v -0.00651511 -0.0234653 0.000485097 
v -0.00393987 -0.0240322 0.000485097 
v -0.00131844 -0.0243173 0.000485097 
v 0.00131844 -0.0243173 0.000485097 
v 0.00393987 -0.0240322 0.000485097 
v 0.00651511 -0.0234653 0.000485097 
v 0.00901397 -0.0226233 0.000485097 
v 0.0114071 -0.0215161 0.000485097 
v 0.0136666 -0.0201567 0.000485097 
v 0.0157658 -0.0185609 0.000485097 
v 0.0176801 -0.0167475 0.000485097 
v 0.0193872 -0.0147378 0.000485097 
v 0.020867 -0.0125553 0.000485097 
v 0.0221022 -0.0102255 0.000485097 
v 0.0230782 -0.00777594 0.000485097 
v 0.0237836 -0.00523517 0.000485097 
v 0.0242102 -0.00263302 0.000485097 
v 0.0245596 1.5553e-18 0.000652412 
v 0.0244156 0.00265536 0.000652412 
v 0.0239854 0.00527959 0.000652412 
v 0.023274 0.00784192 0.000652412 
v 0.0222897 0.0103123 0.000652412 
v 0.0210441 0.0126618 0.000652412 
v 0.0195517 0.0148628 0.000652412 
v 0.0178302 0.0168896 0.000652412 
v 0.0158995 0.0187184 0.000652412 
v 0.0137825 0.0203277 0.000652412 
v 0.0115039 0.0216987 0.000652412 
v 0.00909044 0.0228153 0.000652412 
v 0.00657039 0.0236644 0.000652412 
v 0.0039733 0.0242361 0.000652412 
v 0.00132963 0.0245236 0.000652412 
v -0.00132963 0.0245236 0.000652412 
v -0.0039733 0.0242361 0.000652412 
v -0.00657039 0.0236644 0.000652412 
v -0.00909044 0.0228153 0.000652412 
v -0.0115039 0.0216987 0.000652412 
v -0.0137825 0.0203277 0.000652412 
v -0.0158995 0.0187184 0.000652412 
v -0.0178302 0.0168896 0.000652412 
v -0.0195517 0.0148628 0.000652412 
v -0.0210441 0.0126618 0.000652412 
v -0.0222897 0.0103123 0.000652412 
v -0.023274 0.00784192 0.000652412 
v -0.0239854 0.00527959 0.000652412 
v -0.0244156 0.00265536 0.000652412 
v -0.0245596 -3.55719e-18 0.000652412 
v -0.0244156 -0.00265536 0.000652412 
v -0.0239854 -0.00527959 0.000652412 
v -0.023274 -0.00784192 0.000652412 
v -0.0222897 -0.0103123 0.000652412 
v -0.0210441 -0.0126618 0.000652412 
v -0.0195517 -0.0148628 0.000652412 
v -0.0178302 -0.0168896 0.000652412 
v -0.0158995 -0.0187184 0.000652412 
v -0.0137825 -0.0203277 0.000652412 
v -0.0115039 -0.0216987 0.000652412 
v -0.00909044 -0.0228153 0.000652412 
v -0.00657039 -0.0236644 0.000652412 
v -0.0039733 -0.0242361 0.000652412 
v -0.00132963 -0.0245236 0.000652412 
v 0.00132963 -0.0245236 0.000652412 
v 0.0039733 -0.0242361 0.000652412 
v 0.00657039 -0.0236644 0.000652412 
v 0.00909044 -0.0228153 0.000652412 
v 0.0115039 -0.0216987 0.000652412 
v 0.0137825 -0.0203277 0.000652412 
v 0.0158995 -0.0187184 0.000652412 
v 0.0178302 -0.0168896 0.000652412 
v 0.0195517 -0.0148628 0.000652412 
v 0.0210441 -0.0126618 0.000652412 
v 0.0222897 -0.0103123 0.000652412 
v 0.023274 -0.00784192 0.000652412 
v 0.0239854 -0.00527959 0.000652412 
v 0.0244156 -0.00265536 0.000652412 
v 0.0247476 1.5553e-18 0.000840408 
v 0.0246025 0.00267568 0.000840408 
v 0.024169 0.00532 0.000840408 
v 0.0234521 0.00790194 0.000840408 
v 0.0224603 0.0103912 0.000840408 
v 0.0212051 0.0127587 0.000840408 
v 0.0197014 0.0149766 0.000840408 
v 0.0179666 0.0170189 0.000840408 
v 0.0160212 0.0188617 0.000840408 
v 0.013888 0.0204833 0.000840408 
v 0.011592 0.0218648 0.000840408 
v 0.00916003 0.0229899 0.000840408 
v 0.00662068 0.0238455 0.000840408 
v 0.00400371 0.0244216 0.000840408 
v 0.00133981 0.0247113 0.000840408 
v -0.00133981 0.0247113 0.000840408 
v -0.00400371 0.0244216 0.000840408 
v -0.00662068 0.0238455 0.000840408 
v -0.00916003 0.0229899 0.000840408 
v -0.011592 0.0218648 0.000840408 
v -0.013888 0.0204833 0.000840408 
v -0.0160212 0.0188617 0.000840408 
v -0.0179666 0.0170189 0.000840408 
v -0.0197014 0.0149766 0.000840408 
v -0.0212051 0.0127587 0.000840408 
v -0.0224603 0.0103912 0.000840408 
v -0.0234521 0.00790194 0.000840408 
v -0.024169 0.00532 0.000840408 
v -0.0246025 0.00267568 0.000840408 
v -0.0247476 -3.59633e-18 0.000840408 
v -0.0246025 -0.00267568 0.000840408 
v -0.024169 -0.00532 0.000840408 
v -0.0234521 -0.00790194 0.000840408 
v -0.0224603 -0.0103912 0.000840408 
v -0.0212051 -0.0127587 0.000840408 
v -0.0197014 -0.0149766 0.000840408 
v -0.0179666 -0.0170189 0.000840408 
v -0.0160212 -0.0188617 0.000840408 
v -0.013888 -0.0204833 0.000840408 
v -0.011592 -0.0218648 0.000840408 
v -0.00916003 -0.0229899 0.000840408 
v -0.00662068 -0.0238455 0.000840408 
v -0.00400371 -0.0244216 0.000840408 
v -0.00133981 -0.0247113 0.000840408 
v 0.00133981 -0.0247113 0.000840408 
v 0.00400371 -0.0244216 0.000840408 
v 0.00662068 -0.0238455 0.000840408 
v 0.00916003 -0.0229899 0.000840408 
v 0.011592 -0.0218648 0.000840408 
v 0.013888 -0.0204833 0.000840408 
v 0.0160212 -0.0188617 0.000840408 
v 0.0179666 -0.0170189 0.000840408 
v 0.0197014 -0.0149766 0.000840408 
v 0.0212051 -0.0127587 0.000840408 
v 0.0224603 -0.0103912 0.000840408 
v 0.0234521 -0.00790194 0.000840408 
v 0.024169 -0.00532 0.000840408 
v 0.0246025 -0.00267568 0.000840408 
v 0.0249149 1.5553e-18 0.00104703 
v 0.0247689 0.00269377 0.00104703 
v 0.0243324 0.00535597 0.00104703 
v 0.0236107 0.00795537 0.00104703 
v 0.0226122 0.0104615 0.00104703 
v 0.0213485 0.012845 0.00104703 
v 0.0198346 0.0150779 0.00104703 
v 0.0180881 0.017134 0.00104703 
v 0.0161296 0.0189892 0.00104703 
v 0.0139819 0.0206218 0.00104703 
v 0.0116704 0.0220126 0.00104703 
v 0.00922196 0.0231454 0.00104703 
v 0.00666544 0.0240068 0.00104703 
v 0.00403078 0.0245867 0.00104703 
v 0.00134887 0.0248784 0.00104703 
v -0.00134887 0.0248784 0.00104703 
v -0.00403078 0.0245867 0.00104703 
v -0.00666544 0.0240068 0.00104703 
v -0.00922196 0.0231454 0.00104703 
v -0.0116704 0.0220126 0.00104703 
v -0.0139819 0.0206218 0.00104703 
v -0.0161296 0.0189892 0.00104703 
v -0.0180881 0.017134 0.00104703 
v -0.0198346 0.0150779 0.00104703 
v -0.0213485 0.012845 0.00104703 
v -0.0226122 0.0104615 0.00104703 
v -0.0236107 0.00795537 0.00104703 
v -0.0243324 0.00535597 0.00104703 
v -0.0247689 0.00269377 0.00104703 
v -0.0249149 -3.63115e-18 0.00104703 
v -0.0247689 -0.00269377 0.00104703 
v -0.0243324 -0.00535597 0.00104703 
v -0.0236107 -0.00795537 0.00104703 
v -0.0226122 -0.0104615 0.00104703 
v -0.0213485 -0.012845 0.00104703 
v -0.0198346 -0.0150779 0.00104703 
v -0.0180881 -0.017134 0.00104703 
v -0.0161296 -0.0189892 0.00104703 
v -0.0139819 -0.0206218 0.00104703 
v -0.0116704 -0.0220126 0.00104703 
v -0.00922196 -0.0231454 0.00104703 
v -0.00666544 -0.0240068 0.00104703 
v -0.00403078 -0.0245867 0.00104703 
v -0.00134887 -0.0248784 0.00104703 
v 0.00134887 -0.0248784 0.00104703 
v 0.00403078 -0.0245867 0.00104703 
v 0.00666544 -0.0240068 0.00104703 
v 0.00922196 -0.0231454 0.00104703 
v 0.0116704 -0.0220126 0.00104703 
v 0.0139819 -0.0206218 0.00104703 
v 0.0161296 -0.0189892 0.00104703 
v 0.0180881 -0.017134 0.00104703 
v 0.0198346 -0.0150779 0.00104703 
v 0.0213485 -0.012845 0.00104703 
v 0.0226122 -0.0104615 0.00104703 
v 0.0236107 -0.00795537 0.00104703 
v 0.0243324 -0.00535597 0.00104703 
v 0.0247689 -0.00269377 0.00104703 
v 0.0250597 1.5553e-18 0.00127 
v 0.0249128 0.00270943 0.00127 
v 0.0244738 0.0053871 0.00127 
v 0.0237479 0.0080016 0.00127 
v 0.0227436 0.0105223 0.00127 
v 0.0214726 0.0129196 0.00127 
v 0.0199499 0.0151655 0.00127 
v 0.0181932 0.0172335 0.00127 
v 0.0162233 0.0190996 0.00127 
v 0.0140632 0.0207416 0.00127 
v 0.0117382 0.0221406 0.00127 
v 0.00927555 0.0232799 0.00127 
v 0.00670418 0.0241463 0.00127 
v 0.00405421 0.0247296 0.00127 
v 0.00135671 0.025023 0.00127 
v -0.00135671 0.025023 0.00127 
v -0.00405421 0.0247296 0.00127 
v -0.00670418 0.0241463 0.00127 
v -0.00927555 0.0232799 0.00127 
v -0.0117382 0.0221406 0.00127 
v -0.0140632 0.0207416 0.00127 
v -0.0162233 0.0190996 0.00127 
v -0.0181932 0.0172335 0.00127 
v -0.0199499 0.0151655 0.00127 
v -0.0214726 0.0129196 0.00127 
v -0.0227436 0.0105223 0.00127 
v -0.0237479 0.0080016 0.00127 
v -0.0244738 0.0053871 0.00127 
v -0.0249128 0.00270943 0.00127 
v -0.0250597 -3.6613e-18 0.00127 
v -0.0249128 -0.00270943 0.00127 
v -0.0244738 -0.0053871 0.00127 
v -0.0237479 -0.0080016 0.00127 
v -0.0227436 -0.0105223 0.00127 
v -0.0214726 -0.0129196 0.00127 
v -0.0199499 -0.0151655 0.00127 
v -0.0181932 -0.0172335 0.00127 
v -0.0162233 -0.0190996 0.00127 
v -0.0140632 -0.0207416 0.00127 
v -0.0117382 -0.0221406 0.00127 
v -0.00927555 -0.0232799 0.00127 
v -0.00670418 -0.0241463 0.00127 
v -0.00405421 -0.0247296 0.00127 
v -0.00135671 -0.025023 0.00127 
v 0.00135671 -0.025023 0.00127 
v 0.00405421 -0.0247296 0.00127 
v 0.00670418 -0.0241463 0.00127 
v 0.00927555 -0.0232799 0.00127 
v 0.0117382 -0.0221406 0.00127 
v 0.0140632 -0.0207416 0.00127 
v 0.0162233 -0.0190996 0.00127 
v 0.0181932 -0.0172335 0.00127 
v 0.0199499 -0.0151655 0.00127 
v 0.0214726 -0.0129196 0.00127 
v 0.0227436 -0.0105223 0.00127 
v 0.0237479 -0.0080016 0.00127 
v 0.0244738 -0.0053871 0.00127 
v 0.0249128 -0.00270943 0.00127 
v 0.0251804 1.5553e-18 0.00150689 
v 0.0250328 0.00272248 0.00150689 
v 0.0245917 0.00541304 0.00150689 
v 0.0238623 0.00804014 0.00150689 
v 0.0228531 0.010573 0.00150689 
v 0.021576 0.0129819 0.00150689 
v 0.0200459 0.0152385 0.00150689 
v 0.0182809 0.0173166 0.00150689 
v 0.0163014 0.0191915 0.00150689 
v 0.0141309 0.0208415 0.00150689 
v 0.0117947 0.0222472 0.00150689 
v 0.00932023 0.023392 0.00150689 
v 0.00673647 0.0242626 0.00150689 
v 0.00407374 0.0248487 0.00150689 
v 0.00136324 0.0251435 0.00150689 
v -0.00136324 0.0251435 0.00150689 
v -0.00407374 0.0248487 0.00150689 
v -0.00673647 0.0242626 0.00150689 
v -0.00932023 0.023392 0.00150689 
v -0.0117947 0.0222472 0.00150689 
v -0.0141309 0.0208415 0.00150689 
v -0.0163014 0.0191915 0.00150689 
v -0.0182809 0.0173166 0.00150689 
v -0.0200459 0.0152385 0.00150689 
v -0.021576 0.0129819 0.00150689 
v -0.0228531 0.010573 0.00150689 
v -0.0238623 0.00804014 0.00150689 
v -0.0245917 0.00541304 0.00150689 
v -0.0250328 0.00272248 0.00150689 
v -0.0251804 -3.68642e-18 0.00150689 
v -0.0250328 -0.00272248 0.00150689 
v -0.0245917 -0.00541304 0.00150689 
v -0.0238623 -0.00804014 0.00150689 
v -0.0228531 -0.010573 0.00150689 
v -0.021576 -0.0129819 0.00150689 
v -0.0200459 -0.0152385 0.00150689 
v -0.0182809 -0.0173166 0.00150689 
v -0.0163014 -0.0191915 0.00150689 
v -0.0141309 -0.0208415 0.00150689 
v -0.0117947 -0.0222472 0.00150689 
v -0.00932023 -0.023392 0.00150689 
v -0.00673647 -0.0242626 0.00150689 
v -0.00407374 -0.0248487 0.00150689 
v -0.00136324 -0.0251435 0.00150689 
v 0.00136324 -0.0251435 0.00150689 
v 0.00407374 -0.0248487 0.00150689 
v 0.00673647 -0.0242626 0.00150689 
v 0.00932023 -0.023392 0.00150689 
v 0.0117947 -0.0222472 0.00150689 
v 0.0141309 -0.0208415 0.00150689 
v 0.0163014 -0.0191915 0.00150689 
v 0.0182809 -0.0173166 0.00150689 
v 0.0200459 -0.0152385 0.00150689 
v 0.021576 -0.0129819 0.00150689 
v 0.0228531 -0.010573 0.00150689 
v 0.0238623 -0.00804014 0.00150689 
v 0.0245917 -0.00541304 0.00150689 
v 0.0250328 -0.00272248 0.00150689 
v 0.0252757 1.5553e-18 0.0017551 
v 0.0251275 0.00273278 0.0017551 
v 0.0246848 0.00543352 0.0017551 
v 0.0239526 0.00807056 0.0017551 
v 0.0229396 0.010613 0.0017551 
v 0.0216577 0.013031 0.0017551 
v 0.0201218 0.0152962 0.0017551 
v 0.01835 0.0173821 0.0017551 
v 0.0163631 0.0192642 0.0017551 
v 0.0141844 0.0209204 0.0017551 
v 0.0118393 0.0223314 0.0017551 
v 0.00935549 0.0234805 0.0017551 
v 0.00676196 0.0243544 0.0017551 
v 0.00408915 0.0249427 0.0017551 
v 0.0013684 0.0252386 0.0017551 
v -0.0013684 0.0252386 0.0017551 
v -0.00408915 0.0249427 0.0017551 
v -0.00676196 0.0243544 0.0017551 
v -0.00935549 0.0234805 0.0017551 
v -0.0118393 0.0223314 0.0017551 
v -0.0141844 0.0209204 0.0017551 
v -0.0163631 0.0192642 0.0017551 
v -0.01835 0.0173821 0.0017551 
v -0.0201218 0.0152962 0.0017551 
v -0.0216577 0.013031 0.0017551 
v -0.0229396 0.010613 0.0017551 
v -0.0239526 0.00807056 0.0017551 
v -0.0246848 0.00543352 0.0017551 
v -0.0251275 0.00273278 0.0017551 
v -0.0252757 -3.70626e-18 0.0017551 
v -0.0251275 -0.00273278 0.0017551 
v -0.0246848 -0.00543352 0.0017551 
v -0.0239526 -0.00807056 0.0017551 
v -0.0229396 -0.010613 0.0017551 
v -0.0216577 -0.013031 0.0017551 
v -0.0201218 -0.0152962 0.0017551 
v -0.01835 -0.0173821 0.0017551 
v -0.0163631 -0.0192642 0.0017551 
v -0.0141844 -0.0209204 0.0017551 
v -0.0118393 -0.0223314 0.0017551 
v -0.00935549 -0.0234805 0.0017551 
v -0.00676196 -0.0243544 0.0017551 
v -0.00408915 -0.0249427 0.0017551 
v -0.0013684 -0.0252386 0.0017551 
v 0.0013684 -0.0252386 0.0017551 
v 0.00408915 -0.0249427 0.0017551 
v 0.00676196 -0.0243544 0.0017551 
v 0.00935549 -0.0234805 0.0017551 
v 0.0118393 -0.0223314 0.0017551 
v 0.0141844 -0.0209204 0.0017551 
v 0.0163631 -0.0192642 0.0017551 
v 0.01835 -0.0173821 0.0017551 
v 0.0201218 -0.0152962 0.0017551 
v 0.0216577 -0.013031 0.0017551 
v 0.0229396 -0.010613 0.0017551 
v 0.0239526 -0.00807056 0.0017551 
v 0.0246848 -0.00543352 0.0017551 
v 0.0251275 -0.00273278 0.0017551 
v 0.0253445 1.5553e-18 0.0020119 
v 0.0251959 0.00274022 0.0020119 
v 0.024752 0.00544832 0.0020119 
v 0.0240178 0.00809254 0.0020119 
v 0.023002 0.0106419 0.0020119 
v 0.0217166 0.0130665 0.0020119 
v 0.0201766 0.0153378 0.0020119 
v 0.0184 0.0174294 0.0020119 
v 0.0164077 0.0193166 0.0020119 
v 0.014223 0.0209774 0.0020119 
v 0.0118716 0.0223922 0.0020119 
v 0.00938096 0.0235444 0.0020119 
v 0.00678037 0.0244207 0.0020119 
v 0.00410028 0.0250106 0.0020119 
v 0.00137212 0.0253073 0.0020119 
v -0.00137212 0.0253073 0.0020119 
v -0.00410028 0.0250106 0.0020119 
v -0.00678037 0.0244207 0.0020119 
v -0.00938096 0.0235444 0.0020119 
v -0.0118716 0.0223922 0.0020119 
v -0.014223 0.0209774 0.0020119 
v -0.0164077 0.0193166 0.0020119 
v -0.0184 0.0174294 0.0020119 
v -0.0201766 0.0153378 0.0020119 
v -0.0217166 0.0130665 0.0020119 
v -0.023002 0.0106419 0.0020119 
v -0.0240178 0.00809254 0.0020119 
v -0.024752 0.00544832 0.0020119 
v -0.0251959 0.00274022 0.0020119 
v -0.0253445 -3.72058e-18 0.0020119 
v -0.0251959 -0.00274022 0.0020119 
v -0.024752 -0.00544832 0.0020119 
v -0.0240178 -0.00809254 0.0020119 
v -0.023002 -0.0106419 0.0020119 
v -0.0217166 -0.0130665 0.0020119 
v -0.0201766 -0.0153378 0.0020119 
v -0.0184 -0.0174294 0.0020119 
v -0.0164077 -0.0193166 0.0020119 
v -0.014223 -0.0209774 0.0020119 
v -0.0118716 -0.0223922 0.0020119 
v -0.00938096 -0.0235444 0.0020119 
v -0.00678037 -0.0244207 0.0020119 
v -0.00410028 -0.0250106 0.0020119 
v -0.00137212 -0.0253073 0.0020119 
v 0.00137212 -0.0253073 0.0020119 
v 0.00410028 -0.0250106 0.0020119 
v 0.00678037 -0.0244207 0.0020119 
v 0.00938096 -0.0235444 0.0020119 
v 0.0118716 -0.0223922 0.0020119 
v 0.014223 -0.0209774 0.0020119 
v 0.0164077 -0.0193166 0.0020119 
v 0.0184 -0.0174294 0.0020119 
v 0.0201766 -0.0153378 0.0020119 
v 0.0217166 -0.0130665 0.0020119 
v 0.023002 -0.0106419 0.0020119 
v 0.0240178 -0.00809254 0.0020119 
v 0.024752 -0.00544832 0.0020119 
v 0.0251959 -0.00274022 0.0020119 
v 0.0253861 1.5553e-18 0.0022745 
v 0.0252373 0.00274472 0.0022745 
v 0.0247926 0.00545726 0.0022745 
v 0.0240572 0.00810582 0.0022745 
v 0.0230398 0.0106593 0.0022745 
v 0.0217522 0.0130879 0.0022745 
v 0.0202097 0.015363 0.0022745 
v 0.0184302 0.017458 0.0022745 
v 0.0164346 0.0193483 0.0022745 
v 0.0142463 0.0210118 0.0022745 
v 0.0118911 0.0224289 0.0022745 
v 0.00939636 0.0235831 0.0022745 
v 0.0067915 0.0244608 0.0022745 
v 0.00410701 0.0250517 0.0022745 
v 0.00137437 0.0253489 0.0022745 
v -0.00137437 0.0253489 0.0022745 
v -0.00410701 0.0250517 0.0022745 
v -0.0067915 0.0244608 0.0022745 
v -0.00939636 0.0235831 0.0022745 
v -0.0118911 0.0224289 0.0022745 
v -0.0142463 0.0210118 0.0022745 
v -0.0164346 0.0193483 0.0022745 
v -0.0184302 0.017458 0.0022745 
v -0.0202097 0.015363 0.0022745 
v -0.0217522 0.0130879 0.0022745 
v -0.0230398 0.0106593 0.0022745 
v -0.0240572 0.00810582 0.0022745 
v -0.0247926 0.00545726 0.0022745 
v -0.0252373 0.00274472 0.0022745 
v -0.0253861 -3.72924e-18 0.0022745 
v -0.0252373 -0.00274472 0.0022745 
v -0.0247926 -0.00545726 0.0022745 
v -0.0240572 -0.00810582 0.0022745 
v -0.0230398 -0.0106593 0.0022745 
v -0.0217522 -0.0130879 0.0022745 
v -0.0202097 -0.015363 0.0022745 
v -0.0184302 -0.017458 0.0022745 
v -0.0164346 -0.0193483 0.0022745 
v -0.0142463 -0.0210118 0.0022745 
v -0.0118911 -0.0224289 0.0022745 
v -0.00939636 -0.0235831 0.0022745 
v -0.0067915 -0.0244608 0.0022745 
v -0.00410701 -0.0250517 0.0022745 
v -0.00137437 -0.0253489 0.0022745 
v 0.00137437 -0.0253489 0.0022745 
v 0.00410701 -0.0250517 0.0022745 
v 0.0067915 -0.0244608 0.0022745 
v 0.00939636 -0.0235831 0.0022745 
v 0.0118911 -0.0224289 0.0022745 
v 0.0142463 -0.0210118 0.0022745 
v 0.0164346 -0.0193483 0.0022745 
v 0.0184302 -0.017458 0.0022745 
v 0.0202097 -0.015363 0.0022745 
v 0.0217522 -0.0130879 0.0022745 
v 0.0230398 -0.0106593 0.0022745 
v 0.0240572 -0.00810582 0.0022745 
v 0.0247926 -0.00545726 0.0022745 
v 0.0252373 -0.00274472 0.0022745 
v 0.00349287 0.0213056 0 
v 0.00116886 0.0215583 0 
v 0.00577594 0.020803 0 
v 0.00799128 0.0200566 0 
v 0.0101129 0.019075 0 
v 0.012116 0.0178698 0 
v 0.0139771 0.0164551 0 
v 0.0156742 0.0148474 0 
v 0.0184995 -0.0111308 0 
v 0.0195946 -0.00906541 0 
v 0.0171876 -0.0130657 0 
v 0.0156742 -0.0148474 0 
v 0.0139771 -0.0164551 0 
v -0.00577594 -0.020803 0 
v -0.00349287 -0.0213056 0 
v -0.00799128 -0.0200566 0 
v -0.0139771 -0.0164551 0 
v -0.012116 -0.0178698 0 
v -0.0156742 -0.0148474 0 
v -0.0184995 -0.0111308 0 
v -0.0171876 -0.0130657 0 
v -0.0195946 -0.00906541 0 
v -0.0101129 0.019075 0 
v -0.012116 0.0178698 0 
v -0.00799128 0.0200566 0 
v -0.00577594 0.020803 0 
v -0.00349287 0.0213056 0 
v 0.0171876 0.0130657 0 
v 0.0184995 0.0111308 0 
v 0.012116 -0.0178698 0 
v 0.0101129 -0.019075 0 
v -0.0101129 -0.019075 0 
v -0.0204598 -0.00689372 0 
v -0.0210852 -0.00464121 0 
v -0.00116886 0.0215583 0 
v 0.0195946 0.00906541 0 
v 0.0204598 0.00689372 0 
v 0.0204598 -0.00689372 0 
v 0.0210852 -0.00464121 0 
v 0.00349287 -0.0213056 0 
v 0.00577594 -0.020803 0 
v 0.00116886 -0.0215583 0 
v -0.00116886 -0.0215583 0 
v -0.0204598 0.00689372 0 
v -0.0210852 0.00464121 0 
v -0.0195946 0.00906541 0 
v -0.0184995 0.0111308 0 
v -0.0171876 0.0130657 0 
v 0.0210852 0.00464121 0 
v 0.0214634 0.00233429 0 
v 0.00799128 -0.0200566 0 
v 0.02159 1.16648e-18 0 
v -0.0214634 0.00233429 0 
v -0.0156742 0.0148474 0 
v -0.0139771 0.0164551 0 
v -0.0214634 -0.00233429 0 
v -0.02159 -1.53653e-17 0 
v 0.0214634 -0.00233429 0 
v 0.01905 1.16648e-18 0.00381 
v 0.0189383 0.00205967 0.00381 
v 0.0186046 0.00409519 0.00381 
v 0.0180528 0.00608269 0.00381 
v 0.0172893 0.00799889 0.00381 
v 0.0163231 0.0098213 0.00381 
v 0.0151656 0.0115286 0.00381 
v 0.0138302 0.0131007 0.00381 
v 0.0123327 0.0145192 0.00381 
v 0.0106906 0.0157675 0.00381 
v 0.00892318 0.0168309 0.00381 
v 0.00705113 0.017697 0.00381 
v 0.00509641 0.0183556 0.00381 
v 0.00308195 0.018799 0.00381 
v 0.00103135 0.0190221 0.00381 
v -0.00103135 0.0190221 0.00381 
v -0.00308195 0.018799 0.00381 
v -0.00509641 0.0183556 0.00381 
v -0.00705113 0.017697 0.00381 
v -0.00892318 0.0168309 0.00381 
v -0.0106906 0.0157675 0.00381 
v -0.0123327 0.0145192 0.00381 
v -0.0138302 0.0131007 0.00381 
v -0.0151656 0.0115286 0.00381 
v -0.0163231 0.0098213 0.00381 
v -0.0172893 0.00799889 0.00381 
v -0.0180528 0.00608269 0.00381 
v -0.0186046 0.00409519 0.00381 
v -0.0189383 0.00205967 0.00381 
v -0.01905 -1.34204e-17 0.00381 
v -0.0189383 -0.00205967 0.00381 
v -0.0186046 -0.00409519 0.00381 
v -0.0180528 -0.00608269 0.00381 
v -0.0172893 -0.00799889 0.00381 
v -0.0163231 -0.0098213 0.00381 
v -0.0151656 -0.0115286 0.00381 
v -0.0138302 -0.0131007 0.00381 
v -0.0123327 -0.0145192 0.00381 
v -0.0106906 -0.0157675 0.00381 
v -0.00892318 -0.0168309 0.00381 
v -0.00705113 -0.017697 0.00381 
v -0.00509641 -0.0183556 0.00381 
v -0.00308195 -0.018799 0.00381 
v -0.00103135 -0.0190221 0.00381 
v 0.00103135 -0.0190221 0.00381 
v 0.00308195 -0.018799 0.00381 
v 0.00509641 -0.0183556 0.00381 
v 0.00705113 -0.017697 0.00381 
v 0.00892318 -0.0168309 0.00381 
v 0.0106906 -0.0157675 0.00381 
v 0.0123327 -0.0145192 0.00381 
v 0.0138302 -0.0131007 0.00381 
v 0.0151656 -0.0115286 0.00381 
v 0.0163231 -0.0098213 0.00381 
v 0.0172893 -0.00799889 0.00381 
v 0.0180528 -0.00608269 0.00381 
v 0.0186046 -0.00409519 0.00381 
v 0.0189383 -0.00205967 0.00381 
v 0.0213245 1.16648e-18 0.00633609 
v 0.0211995 0.00230558 0.00633609 
v 0.0208259 0.00458414 0.00633609 
v 0.0202082 0.00680894 0.00633609 
v 0.0193536 0.00895392 0.00633609 
v 0.018272 0.0109939 0.00633609 
v 0.0169763 0.012905 0.00633609 
v 0.0154815 0.0146648 0.00633609 
v 0.0138052 0.0162527 0.00633609 
v 0.011967 0.0176501 0.00633609 
v 0.00998857 0.0188405 0.00633609 
v 0.00789301 0.01981 0.00633609 
v 0.00570491 0.0205472 0.00633609 
v 0.00344992 0.0210436 0.00633609 
v 0.00115449 0.0212932 0.00633609 
v -0.00115449 0.0212932 0.00633609 
v -0.00344992 0.0210436 0.00633609 
v -0.00570491 0.0205472 0.00633609 
v -0.00789301 0.01981 0.00633609 
v -0.00998857 0.0188405 0.00633609 
v -0.011967 0.0176501 0.00633609 
v -0.0138052 0.0162527 0.00633609 
v -0.0154815 0.0146648 0.00633609 
v -0.0169763 0.012905 0.00633609 
v -0.018272 0.0109939 0.00633609 
v -0.0193536 0.00895392 0.00633609 
v -0.0202082 0.00680894 0.00633609 
v -0.0208259 0.00458414 0.00633609 
v -0.0211995 0.00230558 0.00633609 
v -0.0213245 -3.27258e-18 0.00633609 
v -0.0211995 -0.00230558 0.00633609 
v -0.0208259 -0.00458414 0.00633609 
v -0.0202082 -0.00680894 0.00633609 
v -0.0193536 -0.00895392 0.00633609 
v -0.018272 -0.0109939 0.00633609 
v -0.0169763 -0.012905 0.00633609 
v -0.0154815 -0.0146648 0.00633609 
v -0.0138052 -0.0162527 0.00633609 
v -0.011967 -0.0176501 0.00633609 
v -0.00998857 -0.0188405 0.00633609 
v -0.00789301 -0.01981 0.00633609 
v -0.00570491 -0.0205472 0.00633609 
v -0.00344992 -0.0210436 0.00633609 
v -0.00115449 -0.0212932 0.00633609 
v 0.00115449 -0.0212932 0.00633609 
v 0.00344992 -0.0210436 0.00633609 
v 0.00570491 -0.0205472 0.00633609 
v 0.00789301 -0.01981 0.00633609 
v 0.00998857 -0.0188405 0.00633609 
v 0.011967 -0.0176501 0.00633609 
v 0.0138052 -0.0162527 0.00633609 
v 0.0154815 -0.0146648 0.00633609 
v 0.0169763 -0.012905 0.00633609 
v 0.018272 -0.0109939 0.00633609 
v 0.0193536 -0.00895392 0.00633609 
v 0.0202082 -0.00680894 0.00633609 
v 0.0208259 -0.00458414 0.00633609 
v 0.0211995 -0.00230558 0.00633609 
v 0.0210619 1.16648e-18 0.00629449 
v 0.0209384 0.00227719 0.00629449 
v 0.0205695 0.00452769 0.00629449 
v 0.0199594 0.0067251 0.00629449 
v 0.0191153 0.00884366 0.00629449 
v 0.018047 0.0108585 0.00629449 
v 0.0167672 0.0127461 0.00629449 
v 0.0152908 0.0144843 0.00629449 
v 0.0136352 0.0160526 0.00629449 
v 0.0118197 0.0174327 0.00629449 
v 0.00986557 0.0186084 0.00629449 
v 0.00779581 0.019566 0.00629449 
v 0.00563466 0.0202942 0.00629449 
v 0.00340744 0.0207844 0.00629449 
v 0.00114027 0.021031 0.00629449 
v -0.00114027 0.021031 0.00629449 
v -0.00340744 0.0207844 0.00629449 
v -0.00563466 0.0202942 0.00629449 
v -0.00779581 0.019566 0.00629449 
v -0.00986557 0.0186084 0.00629449 
v -0.0118197 0.0174327 0.00629449 
v -0.0136352 0.0160526 0.00629449 
v -0.0152908 0.0144843 0.00629449 
v -0.0167672 0.0127461 0.00629449 
v -0.018047 0.0108585 0.00629449 
v -0.0191153 0.00884366 0.00629449 
v -0.0199594 0.0067251 0.00629449 
v -0.0205695 0.00452769 0.00629449 
v -0.0209384 0.00227719 0.00629449 
v -0.0210619 -3.21791e-18 0.00629449 
v -0.0209384 -0.00227719 0.00629449 
v -0.0205695 -0.00452769 0.00629449 
v -0.0199594 -0.0067251 0.00629449 
v -0.0191153 -0.00884366 0.00629449 
v -0.018047 -0.0108585 0.00629449 
v -0.0167672 -0.0127461 0.00629449 
v -0.0152908 -0.0144843 0.00629449 
v -0.0136352 -0.0160526 0.00629449 
v -0.0118197 -0.0174327 0.00629449 
v -0.00986557 -0.0186084 0.00629449 
v -0.00779581 -0.019566 0.00629449 
v -0.00563466 -0.0202942 0.00629449 
v -0.00340744 -0.0207844 0.00629449 
v -0.00114027 -0.021031 0.00629449 
v 0.00114027 -0.021031 0.00629449 
v 0.00340744 -0.0207844 0.00629449 
v 0.00563466 -0.0202942 0.00629449 
v 0.00779581 -0.019566 0.00629449 
v 0.00986557 -0.0186084 0.00629449 
v 0.0118197 -0.0174327 0.00629449 
v 0.0136352 -0.0160526 0.00629449 
v 0.0152908 -0.0144843 0.00629449 
v 0.0167672 -0.0127461 0.00629449 
v 0.018047 -0.0108585 0.00629449 
v 0.0191153 -0.00884366 0.00629449 
v 0.0199594 -0.0067251 0.00629449 
v 0.0205695 -0.00452769 0.00629449 
v 0.0209384 -0.00227719 0.00629449 
v 0.0208051 1.16648e-18 0.00622568 
v 0.0206831 0.00224943 0.00622568 
v 0.0203187 0.00447248 0.00622568 
v 0.019716 0.0066431 0.00622568 
v 0.0188822 0.00873583 0.00622568 
v 0.017827 0.0107261 0.00622568 
v 0.0165628 0.0125907 0.00622568 
v 0.0151044 0.0143077 0.00622568 
v 0.0134689 0.0158569 0.00622568 
v 0.0116756 0.0172201 0.00622568 
v 0.00974528 0.0183816 0.00622568 
v 0.00770076 0.0193275 0.00622568 
v 0.00556595 0.0200468 0.00622568 
v 0.00336589 0.020531 0.00622568 
v 0.00112637 0.0207746 0.00622568 
v -0.00112637 0.0207746 0.00622568 
v -0.00336589 0.020531 0.00622568 
v -0.00556595 0.0200468 0.00622568 
v -0.00770076 0.0193275 0.00622568 
v -0.00974528 0.0183816 0.00622568 
v -0.0116756 0.0172201 0.00622568 
v -0.0134689 0.0158569 0.00622568 
v -0.0151044 0.0143077 0.00622568 
v -0.0165628 0.0125907 0.00622568 
v -0.017827 0.0107261 0.00622568 
v -0.0188822 0.00873583 0.00622568 
v -0.019716 0.0066431 0.00622568 
v -0.0203187 0.00447248 0.00622568 
v -0.0206831 0.00224943 0.00622568 
v -0.0208051 -3.16445e-18 0.00622568 
v -0.0206831 -0.00224943 0.00622568 
v -0.0203187 -0.00447248 0.00622568 
v -0.019716 -0.0066431 0.00622568 
v -0.0188822 -0.00873583 0.00622568 
v -0.017827 -0.0107261 0.00622568 
v -0.0165628 -0.0125907 0.00622568 
v -0.0151044 -0.0143077 0.00622568 
v -0.0134689 -0.0158569 0.00622568 
v -0.0116756 -0.0172201 0.00622568 
v -0.00974528 -0.0183816 0.00622568 
v -0.00770076 -0.0193275 0.00622568 
v -0.00556595 -0.0200468 0.00622568 
v -0.00336589 -0.020531 0.00622568 
v -0.00112637 -0.0207746 0.00622568 
v 0.00112637 -0.0207746 0.00622568 
v 0.00336589 -0.020531 0.00622568 
v 0.00556595 -0.0200468 0.00622568 
v 0.00770076 -0.0193275 0.00622568 
v 0.00974528 -0.0183816 0.00622568 
v 0.0116756 -0.0172201 0.00622568 
v 0.0134689 -0.0158569 0.00622568 
v 0.0151044 -0.0143077 0.00622568 
v 0.0165628 -0.0125907 0.00622568 
v 0.017827 -0.0107261 0.00622568 
v 0.0188822 -0.00873583 0.00622568 
v 0.019716 -0.0066431 0.00622568 
v 0.0203187 -0.00447248 0.00622568 
v 0.0206831 -0.00224943 0.00622568 
v 0.0205569 1.16648e-18 0.00613041 
v 0.0204364 0.00222259 0.00613041 
v 0.0200763 0.00441912 0.00613041 
v 0.0194808 0.00656385 0.00613041 
v 0.0186569 0.00863161 0.00613041 
v 0.0176143 0.0105982 0.00613041 
v 0.0163652 0.0124405 0.00613041 
v 0.0149242 0.014137 0.00613041 
v 0.0133082 0.0156677 0.00613041 
v 0.0115363 0.0170147 0.00613041 
v 0.00962902 0.0181623 0.00613041 
v 0.00760889 0.0190969 0.00613041 
v 0.00549955 0.0198076 0.00613041 
v 0.00332573 0.0202861 0.00613041 
v 0.00111293 0.0205267 0.00613041 
v -0.00111293 0.0205267 0.00613041 
v -0.00332573 0.0202861 0.00613041 
v -0.00549955 0.0198076 0.00613041 
v -0.00760889 0.0190969 0.00613041 
v -0.00962902 0.0181623 0.00613041 
v -0.0115363 0.0170147 0.00613041 
v -0.0133082 0.0156677 0.00613041 
v -0.0149242 0.014137 0.00613041 
v -0.0163652 0.0124405 0.00613041 
v -0.0176143 0.0105982 0.00613041 
v -0.0186569 0.00863161 0.00613041 
v -0.0194808 0.00656385 0.00613041 
v -0.0200763 0.00441912 0.00613041 
v -0.0204364 0.00222259 0.00613041 
v -0.0205569 -3.11279e-18 0.00613041 
v -0.0204364 -0.00222259 0.00613041 
v -0.0200763 -0.00441912 0.00613041 
v -0.0194808 -0.00656385 0.00613041 
v -0.0186569 -0.00863161 0.00613041 
v -0.0176143 -0.0105982 0.00613041 
v -0.0163652 -0.0124405 0.00613041 
v -0.0149242 -0.014137 0.00613041 
v -0.0133082 -0.0156677 0.00613041 
v -0.0115363 -0.0170147 0.00613041 
v -0.00962902 -0.0181623 0.00613041 
v -0.00760889 -0.0190969 0.00613041 
v -0.00549955 -0.0198076 0.00613041 
v -0.00332573 -0.0202861 0.00613041 
v -0.00111293 -0.0205267 0.00613041 
v 0.00111293 -0.0205267 0.00613041 
v 0.00332573 -0.0202861 0.00613041 
v 0.00549955 -0.0198076 0.00613041 
v 0.00760889 -0.0190969 0.00613041 
v 0.00962902 -0.0181623 0.00613041 
v 0.0115363 -0.0170147 0.00613041 
v 0.0133082 -0.0156677 0.00613041 
v 0.0149242 -0.014137 0.00613041 
v 0.0163652 -0.0124405 0.00613041 
v 0.0176143 -0.0105982 0.00613041 
v 0.0186569 -0.00863161 0.00613041 
v 0.0194808 -0.00656385 0.00613041 
v 0.0200763 -0.00441912 0.00613041 
v 0.0204364 -0.00222259 0.00613041 
v 0.02032 1.16648e-18 0.0060097 
v 0.0202009 0.00219698 0.0060097 
v 0.0198449 0.0043682 0.0060097 
v 0.0192563 0.00648821 0.0060097 
v 0.0184419 0.00853215 0.0060097 
v 0.0174113 0.0104761 0.0060097 
v 0.0161766 0.0122971 0.0060097 
v 0.0147522 0.0139741 0.0060097 
v 0.0131549 0.0154871 0.0060097 
v 0.0114033 0.0168186 0.0060097 
v 0.00951806 0.017953 0.0060097 
v 0.00752121 0.0188768 0.0060097 
v 0.00543618 0.0195793 0.0060097 
v 0.00328741 0.0200523 0.0060097 
v 0.0011001 0.0202902 0.0060097 
v -0.0011001 0.0202902 0.0060097 
v -0.00328741 0.0200523 0.0060097 
v -0.00543618 0.0195793 0.0060097 
v -0.00752121 0.0188768 0.0060097 
v -0.00951806 0.017953 0.0060097 
v -0.0114033 0.0168186 0.0060097 
v -0.0131549 0.0154871 0.0060097 
v -0.0147522 0.0139741 0.0060097 
v -0.0161766 0.0122971 0.0060097 
v -0.0174113 0.0104761 0.0060097 
v -0.0184419 0.00853215 0.0060097 
v -0.0192563 0.00648821 0.0060097 
v -0.0198449 0.0043682 0.0060097 
v -0.0202009 0.00219698 0.0060097 
v -0.02032 -3.06347e-18 0.0060097 
v -0.0202009 -0.00219698 0.0060097 
v -0.0198449 -0.0043682 0.0060097 
v -0.0192563 -0.00648821 0.0060097 
v -0.0184419 -0.00853215 0.0060097 
v -0.0174113 -0.0104761 0.0060097 
v -0.0161766 -0.0122971 0.0060097 
v -0.0147522 -0.0139741 0.0060097 
v -0.0131549 -0.0154871 0.0060097 
v -0.0114033 -0.0168186 0.0060097 
v -0.00951806 -0.017953 0.0060097 
v -0.00752121 -0.0188768 0.0060097 
v -0.00543618 -0.0195793 0.0060097 
v -0.00328741 -0.0200523 0.0060097 
v -0.0011001 -0.0202902 0.0060097 
v 0.0011001 -0.0202902 0.0060097 
v 0.00328741 -0.0200523 0.0060097 
v 0.00543618 -0.0195793 0.0060097 
v 0.00752121 -0.0188768 0.0060097 
v 0.00951806 -0.017953 0.0060097 
v 0.0114033 -0.0168186 0.0060097 
v 0.0131549 -0.0154871 0.0060097 
v 0.0147522 -0.0139741 0.0060097 
v 0.0161766 -0.0122971 0.0060097 
v 0.0174113 -0.0104761 0.0060097 
v 0.0184419 -0.00853215 0.0060097 
v 0.0192563 -0.00648821 0.0060097 
v 0.0198449 -0.0043682 0.0060097 
v 0.0202009 -0.00219698 0.0060097 
v 0.020097 1.16648e-18 0.0058649 
v 0.0199792 0.00217287 0.0058649 
v 0.0196272 0.00432027 0.0058649 
v 0.019045 0.00641701 0.0058649 
v 0.0182396 0.00843852 0.0058649 
v 0.0172203 0.0103611 0.0058649 
v 0.0159991 0.0121622 0.0058649 
v 0.0145903 0.0138207 0.0058649 
v 0.0130105 0.0153172 0.0058649 
v 0.0112782 0.0166341 0.0058649 
v 0.00941362 0.017756 0.0058649 
v 0.00743868 0.0186697 0.0058649 
v 0.00537652 0.0193645 0.0058649 
v 0.00325134 0.0198323 0.0058649 
v 0.00108803 0.0200676 0.0058649 
v -0.00108803 0.0200676 0.0058649 
v -0.00325134 0.0198323 0.0058649 
v -0.00537652 0.0193645 0.0058649 
v -0.00743868 0.0186697 0.0058649 
v -0.00941362 0.017756 0.0058649 
v -0.0112782 0.0166341 0.0058649 
v -0.0130105 0.0153172 0.0058649 
v -0.0145903 0.0138207 0.0058649 
v -0.0159991 0.0121622 0.0058649 
v -0.0172203 0.0103611 0.0058649 
v -0.0182396 0.00843852 0.0058649 
v -0.019045 0.00641701 0.0058649 
v -0.0196272 0.00432027 0.0058649 
v -0.0199792 0.00217287 0.0058649 
v -0.020097 -3.01706e-18 0.0058649 
v -0.0199792 -0.00217287 0.0058649 
v -0.0196272 -0.00432027 0.0058649 
v -0.019045 -0.00641701 0.0058649 
v -0.0182396 -0.00843852 0.0058649 
v -0.0172203 -0.0103611 0.0058649 
v -0.0159991 -0.0121622 0.0058649 
v -0.0145903 -0.0138207 0.0058649 
v -0.0130105 -0.0153172 0.0058649 
v -0.0112782 -0.0166341 0.0058649 
v -0.00941362 -0.017756 0.0058649 
v -0.00743868 -0.0186697 0.0058649 
v -0.00537652 -0.0193645 0.0058649 
v -0.00325134 -0.0198323 0.0058649 
v -0.00108803 -0.0200676 0.0058649 
v 0.00108803 -0.0200676 0.0058649 
v 0.00325134 -0.0198323 0.0058649 
v 0.00537652 -0.0193645 0.0058649 
v 0.00743868 -0.0186697 0.0058649 
v 0.00941362 -0.017756 0.0058649 
v 0.0112782 -0.0166341 0.0058649 
v 0.0130105 -0.0153172 0.0058649 
v 0.0145903 -0.0138207 0.0058649 
v 0.0159991 -0.0121622 0.0058649 
v 0.0172203 -0.0103611 0.0058649 
v 0.0182396 -0.00843852 0.0058649 
v 0.019045 -0.00641701 0.0058649 
v 0.0196272 -0.00432027 0.0058649 
v 0.0199792 -0.00217287 0.0058649 
v 0.0198904 1.16648e-18 0.00569759 
v 0.0197738 0.00215053 0.00569759 
v 0.0194254 0.00427585 0.00569759 
v 0.0188492 0.00635104 0.00569759 
v 0.018052 0.00835177 0.00569759 
v 0.0170432 0.0102546 0.00569759 
v 0.0158346 0.0120372 0.00569759 
v 0.0144403 0.0136786 0.00569759 
v 0.0128768 0.0151597 0.00569759 
v 0.0111622 0.0164631 0.00569759 
v 0.00931684 0.0175734 0.00569759 
v 0.0073622 0.0184777 0.00569759 
v 0.00532125 0.0191654 0.00569759 
v 0.00321791 0.0196284 0.00569759 
v 0.00107684 0.0198612 0.00569759 
v -0.00107684 0.0198612 0.00569759 
v -0.00321791 0.0196284 0.00569759 
v -0.00532125 0.0191654 0.00569759 
v -0.0073622 0.0184777 0.00569759 
v -0.00931684 0.0175734 0.00569759 
v -0.0111622 0.0164631 0.00569759 
v -0.0128768 0.0151597 0.00569759 
v -0.0144403 0.0136786 0.00569759 
v -0.0158346 0.0120372 0.00569759 
v -0.0170432 0.0102546 0.00569759 
v -0.018052 0.00835177 0.00569759 
v -0.0188492 0.00635104 0.00569759 
v -0.0194254 0.00427585 0.00569759 
v -0.0197738 0.00215053 0.00569759 
v -0.0198904 -2.97405e-18 0.00569759 
v -0.0197738 -0.00215053 0.00569759 
v -0.0194254 -0.00427585 0.00569759 
v -0.0188492 -0.00635104 0.00569759 
v -0.018052 -0.00835177 0.00569759 
v -0.0170432 -0.0102546 0.00569759 
v -0.0158346 -0.0120372 0.00569759 
v -0.0144403 -0.0136786 0.00569759 
v -0.0128768 -0.0151597 0.00569759 
v -0.0111622 -0.0164631 0.00569759 
v -0.00931684 -0.0175734 0.00569759 
v -0.0073622 -0.0184777 0.00569759 
v -0.00532125 -0.0191654 0.00569759 
v -0.00321791 -0.0196284 0.00569759 
v -0.00107684 -0.0198612 0.00569759 
v 0.00107684 -0.0198612 0.00569759 
v 0.00321791 -0.0196284 0.00569759 
v 0.00532125 -0.0191654 0.00569759 
v 0.0073622 -0.0184777 0.00569759 
v 0.00931684 -0.0175734 0.00569759 
v 0.0111622 -0.0164631 0.00569759 
v 0.0128768 -0.0151597 0.00569759 
v 0.0144403 -0.0136786 0.00569759 
v 0.0158346 -0.0120372 0.00569759 
v 0.0170432 -0.0102546 0.00569759 
v 0.018052 -0.00835177 0.00569759 
v 0.0188492 -0.00635104 0.00569759 
v 0.0194254 -0.00427585 0.00569759 
v 0.0197738 -0.00215053 0.00569759 
v 0.0197024 1.16648e-18 0.00550959 
v 0.0195869 0.00213021 0.00550959 
v 0.0192418 0.00423544 0.00550959 
v 0.0186711 0.00629101 0.00550959 
v 0.0178814 0.00827283 0.00550959 
v 0.0168822 0.0101577 0.00550959 
v 0.015685 0.0119234 0.00550959 
v 0.0143039 0.0135493 0.00550959 
v 0.0127551 0.0150164 0.00550959 
v 0.0110567 0.0163075 0.00550959 
v 0.00922878 0.0174073 0.00550959 
v 0.00729261 0.0183031 0.00550959 
v 0.00527095 0.0189843 0.00550959 
v 0.0031875 0.0194429 0.00550959 
v 0.00106667 0.0196735 0.00550959 
v -0.00106667 0.0196735 0.00550959 
v -0.0031875 0.0194429 0.00550959 
v -0.00527095 0.0189843 0.00550959 
v -0.00729261 0.0183031 0.00550959 
v -0.00922878 0.0174073 0.00550959 
v -0.0110567 0.0163075 0.00550959 
v -0.0127551 0.0150164 0.00550959 
v -0.0143039 0.0135493 0.00550959 
v -0.015685 0.0119234 0.00550959 
v -0.0168822 0.0101577 0.00550959 
v -0.0178814 0.00827283 0.00550959 
v -0.0186711 0.00629101 0.00550959 
v -0.0192418 0.00423544 0.00550959 
v -0.0195869 0.00213021 0.00550959 
v -0.0197024 -2.93491e-18 0.00550959 
v -0.0195869 -0.00213021 0.00550959 
v -0.0192418 -0.00423544 0.00550959 
v -0.0186711 -0.00629101 0.00550959 
v -0.0178814 -0.00827283 0.00550959 
v -0.0168822 -0.0101577 0.00550959 
v -0.015685 -0.0119234 0.00550959 
v -0.0143039 -0.0135493 0.00550959 
v -0.0127551 -0.0150164 0.00550959 
v -0.0110567 -0.0163075 0.00550959 
v -0.00922878 -0.0174073 0.00550959 
v -0.00729261 -0.0183031 0.00550959 
v -0.00527095 -0.0189843 0.00550959 
v -0.0031875 -0.0194429 0.00550959 
v -0.00106667 -0.0196735 0.00550959 
v 0.00106667 -0.0196735 0.00550959 
v 0.0031875 -0.0194429 0.00550959 
v 0.00527095 -0.0189843 0.00550959 
v 0.00729261 -0.0183031 0.00550959 
v 0.00922878 -0.0174073 0.00550959 
v 0.0110567 -0.0163075 0.00550959 
v 0.0127551 -0.0150164 0.00550959 
v 0.0143039 -0.0135493 0.00550959 
v 0.015685 -0.0119234 0.00550959 
v 0.0168822 -0.0101577 0.00550959 
v 0.0178814 -0.00827283 0.00550959 
v 0.0186711 -0.00629101 0.00550959 
v 0.0192418 -0.00423544 0.00550959 
v 0.0195869 -0.00213021 0.00550959 
v 0.0195351 1.16648e-18 0.00530297 
v 0.0194206 0.00211212 0.00530297 
v 0.0190784 0.00419947 0.00530297 
v 0.0185125 0.00623759 0.00530297 
v 0.0177296 0.00820257 0.00530297 
v 0.0167388 0.0100714 0.00530297 
v 0.0155518 0.0118221 0.00530297 
v 0.0141824 0.0134343 0.00530297 
v 0.0126468 0.0148889 0.00530297 
v 0.0109628 0.016169 0.00530297 
v 0.0091504 0.0172595 0.00530297 
v 0.00723068 0.0181477 0.00530297 
v 0.00522619 0.018823 0.00530297 
v 0.00316043 0.0192778 0.00530297 
v 0.00105761 0.0195064 0.00530297 
v -0.00105761 0.0195064 0.00530297 
v -0.00316043 0.0192778 0.00530297 
v -0.00522619 0.018823 0.00530297 
v -0.00723068 0.0181477 0.00530297 
v -0.0091504 0.0172595 0.00530297 
v -0.0109628 0.016169 0.00530297 
v -0.0126468 0.0148889 0.00530297 
v -0.0141824 0.0134343 0.00530297 
v -0.0155518 0.0118221 0.00530297 
v -0.0167388 0.0100714 0.00530297 
v -0.0177296 0.00820257 0.00530297 
v -0.0185125 0.00623759 0.00530297 
v -0.0190784 0.00419947 0.00530297 
v -0.0194206 0.00211212 0.00530297 
v -0.0195351 -2.90008e-18 0.00530297 
v -0.0194206 -0.00211212 0.00530297 
v -0.0190784 -0.00419947 0.00530297 
v -0.0185125 -0.00623759 0.00530297 
v -0.0177296 -0.00820257 0.00530297 
v -0.0167388 -0.0100714 0.00530297 
v -0.0155518 -0.0118221 0.00530297 
v -0.0141824 -0.0134343 0.00530297 
v -0.0126468 -0.0148889 0.00530297 
v -0.0109628 -0.016169 0.00530297 
v -0.0091504 -0.0172595 0.00530297 
v -0.00723068 -0.0181477 0.00530297 
v -0.00522619 -0.018823 0.00530297 
v -0.00316043 -0.0192778 0.00530297 
v -0.00105761 -0.0195064 0.00530297 
v 0.00105761 -0.0195064 0.00530297 
v 0.00316043 -0.0192778 0.00530297 
v 0.00522619 -0.018823 0.00530297 
v 0.00723068 -0.0181477 0.00530297 
v 0.0091504 -0.0172595 0.00530297 
v 0.0109628 -0.016169 0.00530297 
v 0.0126468 -0.0148889 0.00530297 
v 0.0141824 -0.0134343 0.00530297 
v 0.0155518 -0.0118221 0.00530297 
v 0.0167388 -0.0100714 0.00530297 
v 0.0177296 -0.00820257 0.00530297 
v 0.0185125 -0.00623759 0.00530297 
v 0.0190784 -0.00419947 0.00530297 
v 0.0194206 -0.00211212 0.00530297 
v 0.0193903 1.16648e-18 0.00508 
v 0.0192766 0.00209646 0.00508 
v 0.018937 0.00416834 0.00508 
v 0.0183753 0.00619135 0.00508 
v 0.0175982 0.00814177 0.00508 
v 0.0166147 0.00999674 0.00508 
v 0.0154365 0.0117345 0.00508 
v 0.0140773 0.0133347 0.00508 
v 0.012553 0.0147785 0.00508 
v 0.0108816 0.0160491 0.00508 
v 0.00908258 0.0171316 0.00508 
v 0.00717709 0.0180131 0.00508 
v 0.00518745 0.0186835 0.00508 
v 0.003137 0.0191349 0.00508 
v 0.00104977 0.0193619 0.00508 
v -0.00104977 0.0193619 0.00508 
v -0.003137 0.0191349 0.00508 
v -0.00518745 0.0186835 0.00508 
v -0.00717709 0.0180131 0.00508 
v -0.00908258 0.0171316 0.00508 
v -0.0108816 0.0160491 0.00508 
v -0.012553 0.0147785 0.00508 
v -0.0140773 0.0133347 0.00508 
v -0.0154365 0.0117345 0.00508 
v -0.0166147 0.00999674 0.00508 
v -0.0175982 0.00814177 0.00508 
v -0.0183753 0.00619135 0.00508 
v -0.018937 0.00416834 0.00508 
v -0.0192766 0.00209646 0.00508 
v -0.0193903 -2.86994e-18 0.00508 
v -0.0192766 -0.00209646 0.00508 
v -0.018937 -0.00416834 0.00508 
v -0.0183753 -0.00619135 0.00508 
v -0.0175982 -0.00814177 0.00508 
v -0.0166147 -0.00999674 0.00508 
v -0.0154365 -0.0117345 0.00508 
v -0.0140773 -0.0133347 0.00508 
v -0.012553 -0.0147785 0.00508 
v -0.0108816 -0.0160491 0.00508 
v -0.00908258 -0.0171316 0.00508 
v -0.00717709 -0.0180131 0.00508 
v -0.00518745 -0.0186835 0.00508 
v -0.003137 -0.0191349 0.00508 
v -0.00104977 -0.0193619 0.00508 
v 0.00104977 -0.0193619 0.00508 
v 0.003137 -0.0191349 0.00508 
v 0.00518745 -0.0186835 0.00508 
v 0.00717709 -0.0180131 0.00508 
v 0.00908258 -0.0171316 0.00508 
v 0.0108816 -0.0160491 0.00508 
v 0.012553 -0.0147785 0.00508 
v 0.0140773 -0.0133347 0.00508 
v 0.0154365 -0.0117345 0.00508 
v 0.0166147 -0.00999674 0.00508 
v 0.0175982 -0.00814177 0.00508 
v 0.0183753 -0.00619135 0.00508 
v 0.018937 -0.00416834 0.00508 
v 0.0192766 -0.00209646 0.00508 
v 0.0192696 1.16648e-18 0.00484311 
v 0.0191566 0.00208341 0.00484311 
v 0.0188191 0.00414239 0.00484311 
v 0.0182609 0.00615281 0.00484311 
v 0.0174886 0.00809109 0.00484311 
v 0.0165113 0.00993451 0.00484311 
v 0.0153404 0.0116615 0.00484311 
v 0.0139896 0.0132517 0.00484311 
v 0.0124749 0.0146866 0.00484311 
v 0.0108138 0.0159492 0.00484311 
v 0.00902604 0.0170249 0.00484311 
v 0.00713241 0.017901 0.00484311 
v 0.00515516 0.0185672 0.00484311 
v 0.00311747 0.0190157 0.00484311 
v 0.00104323 0.0192413 0.00484311 
v -0.00104323 0.0192413 0.00484311 
v -0.00311747 0.0190157 0.00484311 
v -0.00515516 0.0185672 0.00484311 
v -0.00713241 0.017901 0.00484311 
v -0.00902604 0.0170249 0.00484311 
v -0.0108138 0.0159492 0.00484311 
v -0.0124749 0.0146866 0.00484311 
v -0.0139896 0.0132517 0.00484311 
v -0.0153404 0.0116615 0.00484311 
v -0.0165113 0.00993451 0.00484311 
v -0.0174886 0.00809109 0.00484311 
v -0.0182609 0.00615281 0.00484311 
v -0.0188191 0.00414239 0.00484311 
v -0.0191566 0.00208341 0.00484311 
v -0.0192696 -2.84481e-18 0.00484311 
v -0.0191566 -0.00208341 0.00484311 
v -0.0188191 -0.00414239 0.00484311 
v -0.0182609 -0.00615281 0.00484311 
v -0.0174886 -0.00809109 0.00484311 
v -0.0165113 -0.00993451 0.00484311 
v -0.0153404 -0.0116615 0.00484311 
v -0.0139896 -0.0132517 0.00484311 
v -0.0124749 -0.0146866 0.00484311 
v -0.0108138 -0.0159492 0.00484311 
v -0.00902604 -0.0170249 0.00484311 
v -0.00713241 -0.017901 0.00484311 
v -0.00515516 -0.0185672 0.00484311 
v -0.00311747 -0.0190157 0.00484311 
v -0.00104323 -0.0192413 0.00484311 
v 0.00104323 -0.0192413 0.00484311 
v 0.00311747 -0.0190157 0.00484311 
v 0.00515516 -0.0185672 0.00484311 
v 0.00713241 -0.017901 0.00484311 
v 0.00902604 -0.0170249 0.00484311 
v 0.0108138 -0.0159492 0.00484311 
v 0.0124749 -0.0146866 0.00484311 
v 0.0139896 -0.0132517 0.00484311 
v 0.0153404 -0.0116615 0.00484311 
v 0.0165113 -0.00993451 0.00484311 
v 0.0174886 -0.00809109 0.00484311 
v 0.0182609 -0.00615281 0.00484311 
v 0.0188191 -0.00414239 0.00484311 
v 0.0191566 -0.00208341 0.00484311 
v 0.0191743 1.16648e-18 0.0045949 
v 0.0190619 0.00207311 0.0045949 
v 0.018726 0.00412191 0.0045949 
v 0.0181706 0.00612239 0.0045949 
v 0.0174021 0.00805109 0.0045949 
v 0.0164297 0.00988539 0.0045949 
v 0.0152645 0.0116038 0.0045949 
v 0.0139205 0.0131862 0.0045949 
v 0.0124132 0.0146139 0.0045949 
v 0.0107604 0.0158704 0.0045949 
v 0.00898141 0.0169407 0.0045949 
v 0.00709715 0.0178125 0.0045949 
v 0.00512967 0.0184754 0.0045949 
v 0.00310206 0.0189217 0.0045949 
v 0.00103808 0.0191462 0.0045949 
v -0.00103808 0.0191462 0.0045949 
v -0.00310206 0.0189217 0.0045949 
v -0.00512967 0.0184754 0.0045949 
v -0.00709715 0.0178125 0.0045949 
v -0.00898141 0.0169407 0.0045949 
v -0.0107604 0.0158704 0.0045949 
v -0.0124132 0.0146139 0.0045949 
v -0.0139205 0.0131862 0.0045949 
v -0.0152645 0.0116038 0.0045949 
v -0.0164297 0.00988539 0.0045949 
v -0.0174021 0.00805109 0.0045949 
v -0.0181706 0.00612239 0.0045949 
v -0.018726 0.00412191 0.0045949 
v -0.0190619 0.00207311 0.0045949 
v -0.0191743 -2.82498e-18 0.0045949 
v -0.0190619 -0.00207311 0.0045949 
v -0.018726 -0.00412191 0.0045949 
v -0.0181706 -0.00612239 0.0045949 
v -0.0174021 -0.00805109 0.0045949 
v -0.0164297 -0.00988539 0.0045949 
v -0.0152645 -0.0116038 0.0045949 
v -0.0139205 -0.0131862 0.0045949 
v -0.0124132 -0.0146139 0.0045949 
v -0.0107604 -0.0158704 0.0045949 
v -0.00898141 -0.0169407 0.0045949 
v -0.00709715 -0.0178125 0.0045949 
v -0.00512967 -0.0184754 0.0045949 
v -0.00310206 -0.0189217 0.0045949 
v -0.00103808 -0.0191462 0.0045949 
v 0.00103808 -0.0191462 0.0045949 
v 0.00310206 -0.0189217 0.0045949 
v 0.00512967 -0.0184754 0.0045949 
v 0.00709715 -0.0178125 0.0045949 
v 0.00898141 -0.0169407 0.0045949 
v 0.0107604 -0.0158704 0.0045949 
v 0.0124132 -0.0146139 0.0045949 
v 0.0139205 -0.0131862 0.0045949 
v 0.0152645 -0.0116038 0.0045949 
v 0.0164297 -0.00988539 0.0045949 
v 0.0174021 -0.00805109 0.0045949 
v 0.0181706 -0.00612239 0.0045949 
v 0.018726 -0.00412191 0.0045949 
v 0.0190619 -0.00207311 0.0045949 
v 0.0191055 1.16648e-18 0.0043381 
v 0.0189935 0.00206567 0.0043381 
v 0.0186588 0.00410712 0.0043381 
v 0.0181054 0.00610042 0.0043381 
v 0.0173397 0.00802219 0.0043381 
v 0.0163707 0.00984992 0.0043381 
v 0.0152098 0.0115622 0.0043381 
v 0.0138705 0.0131388 0.0043381 
v 0.0123686 0.0145615 0.0043381 
v 0.0107218 0.0158134 0.0043381 
v 0.00894918 0.0168799 0.0043381 
v 0.00707168 0.0177486 0.0043381 
v 0.00511126 0.0184091 0.0043381 
v 0.00309093 0.0188538 0.0043381 
v 0.00103435 0.0190775 0.0043381 
v -0.00103435 0.0190775 0.0043381 
v -0.00309093 0.0188538 0.0043381 
v -0.00511126 0.0184091 0.0043381 
v -0.00707168 0.0177486 0.0043381 
v -0.00894918 0.0168799 0.0043381 
v -0.0107218 0.0158134 0.0043381 
v -0.0123686 0.0145615 0.0043381 
v -0.0138705 0.0131388 0.0043381 
v -0.0152098 0.0115622 0.0043381 
v -0.0163707 0.00984992 0.0043381 
v -0.0173397 0.00802219 0.0043381 
v -0.0181054 0.00610042 0.0043381 
v -0.0186588 0.00410712 0.0043381 
v -0.0189935 0.00206567 0.0043381 
v -0.0191055 -2.81066e-18 0.0043381 
v -0.0189935 -0.00206567 0.0043381 
v -0.0186588 -0.00410712 0.0043381 
v -0.0181054 -0.00610042 0.0043381 
v -0.0173397 -0.00802219 0.0043381 
v -0.0163707 -0.00984992 0.0043381 
v -0.0152098 -0.0115622 0.0043381 
v -0.0138705 -0.0131388 0.0043381 
v -0.0123686 -0.0145615 0.0043381 
v -0.0107218 -0.0158134 0.0043381 
v -0.00894918 -0.0168799 0.0043381 
v -0.00707168 -0.0177486 0.0043381 
v -0.00511126 -0.0184091 0.0043381 
v -0.00309093 -0.0188538 0.0043381 
v -0.00103435 -0.0190775 0.0043381 
v 0.00103435 -0.0190775 0.0043381 
v 0.00309093 -0.0188538 0.0043381 
v 0.00511126 -0.0184091 0.0043381 
v 0.00707168 -0.0177486 0.0043381 
v 0.00894918 -0.0168799 0.0043381 
v 0.0107218 -0.0158134 0.0043381 
v 0.0123686 -0.0145615 0.0043381 
v 0.0138705 -0.0131388 0.0043381 
v 0.0152098 -0.0115622 0.0043381 
v 0.0163707 -0.00984992 0.0043381 
v 0.0173397 -0.00802219 0.0043381 
v 0.0181054 -0.00610042 0.0043381 
v 0.0186588 -0.00410712 0.0043381 
v 0.0189935 -0.00206567 0.0043381 
v 0.0190639 1.16648e-18 0.0040755 
v 0.0189522 0.00206117 0.0040755 
v 0.0186182 0.00409818 0.0040755 
v 0.018066 0.00608714 0.0040755 
v 0.0173019 0.00800473 0.0040755 
v 0.0163351 0.00982847 0.0040755 
v 0.0151767 0.011537 0.0040755 
v 0.0138403 0.0131102 0.0040755 
v 0.0123417 0.0145298 0.0040755 
v 0.0106984 0.015779 0.0040755 
v 0.0089297 0.0168432 0.0040755 
v 0.00705628 0.0177099 0.0040755 
v 0.00510014 0.018369 0.0040755 
v 0.0030842 0.0188128 0.0040755 
v 0.0010321 0.019036 0.0040755 
v -0.0010321 0.019036 0.0040755 
v -0.0030842 0.0188128 0.0040755 
v -0.00510014 0.018369 0.0040755 
v -0.00705628 0.0177099 0.0040755 
v -0.0089297 0.0168432 0.0040755 
v -0.0106984 0.015779 0.0040755 
v -0.0123417 0.0145298 0.0040755 
v -0.0138403 0.0131102 0.0040755 
v -0.0151767 0.011537 0.0040755 
v -0.0163351 0.00982847 0.0040755 
v -0.0173019 0.00800473 0.0040755 
v -0.018066 0.00608714 0.0040755 
v -0.0186182 0.00409818 0.0040755 
v -0.0189522 0.00206117 0.0040755 
v -0.0190639 -2.802e-18 0.0040755 
v -0.0189522 -0.00206117 0.0040755 
v -0.0186182 -0.00409818 0.0040755 
v -0.018066 -0.00608714 0.0040755 
v -0.0173019 -0.00800473 0.0040755 
v -0.0163351 -0.00982847 0.0040755 
v -0.0151767 -0.011537 0.0040755 
v -0.0138403 -0.0131102 0.0040755 
v -0.0123417 -0.0145298 0.0040755 
v -0.0106984 -0.015779 0.0040755 
v -0.0089297 -0.0168432 0.0040755 
v -0.00705628 -0.0177099 0.0040755 
v -0.00510014 -0.018369 0.0040755 
v -0.0030842 -0.0188128 0.0040755 
v -0.0010321 -0.019036 0.0040755 
v 0.0010321 -0.019036 0.0040755 
v 0.0030842 -0.0188128 0.0040755 
v 0.00510014 -0.018369 0.0040755 
v 0.00705628 -0.0177099 0.0040755 
v 0.0089297 -0.0168432 0.0040755 
v 0.0106984 -0.015779 0.0040755 
v 0.0123417 -0.0145298 0.0040755 
v 0.0138403 -0.0131102 0.0040755 
v 0.0151767 -0.011537 0.0040755 
v 0.0163351 -0.00982847 0.0040755 
v 0.0173019 -0.00800473 0.0040755 
v 0.018066 -0.00608714 0.0040755 
v 0.0186182 -0.00409818 0.0040755 
v 0.0189522 -0.00206117 0.0040755 
v 0.01905 -3.49943e-18 0.00254 
v 0.0189383 -0.00205967 0.00254 
v 0.0186046 -0.00409519 0.00254 
v 0.0180528 -0.00608269 0.00254 
v 0.0172893 -0.00799889 0.00254 
v 0.0163231 -0.0098213 0.00254 
v 0.0151656 -0.0115286 0.00254 
v 0.0138302 -0.0131007 0.00254 
v 0.0123327 -0.0145192 0.00254 
v 0.0106906 -0.0157675 0.00254 
v 0.00892318 -0.0168309 0.00254 
v 0.00705113 -0.017697 0.00254 
v 0.00509641 -0.0183556 0.00254 
v 0.00308195 -0.018799 0.00254 
v 0.00103135 -0.0190221 0.00254 
v -0.00103135 -0.0190221 0.00254 
v -0.00308195 -0.018799 0.00254 
v -0.00509641 -0.0183556 0.00254 
v -0.00705113 -0.017697 0.00254 
v -0.00892318 -0.0168309 0.00254 
v -0.0106906 -0.0157675 0.00254 
v -0.0123327 -0.0145192 0.00254 
v -0.0138302 -0.0131007 0.00254 
v -0.0151656 -0.0115286 0.00254 
v -0.0163231 -0.0098213 0.00254 
v -0.0172893 -0.00799889 0.00254 
v -0.0180528 -0.00608269 0.00254 
v -0.0186046 -0.00409519 0.00254 
v -0.0189383 -0.00205967 0.00254 
v -0.01905 -1.34204e-17 0.00254 
v -0.0189383 0.00205967 0.00254 
v -0.0186046 0.00409519 0.00254 
v -0.0180528 0.00608269 0.00254 
v -0.0172893 0.00799889 0.00254 
v -0.0163231 0.0098213 0.00254 
v -0.0151656 0.0115286 0.00254 
v -0.0138302 0.0131007 0.00254 
v -0.0123327 0.0145192 0.00254 
v -0.0106906 0.0157675 0.00254 
v -0.00892318 0.0168309 0.00254 
v -0.00705113 0.017697 0.00254 
v -0.00509641 0.0183556 0.00254 
v -0.00308195 0.018799 0.00254 
v -0.00103135 0.0190221 0.00254 
v 0.00103135 0.0190221 0.00254 
v 0.00308195 0.018799 0.00254 
v 0.00509641 0.0183556 0.00254 
v 0.00705113 0.017697 0.00254 
v 0.00892318 0.0168309 0.00254 
v 0.0106906 0.0157675 0.00254 
v 0.0123327 0.0145192 0.00254 
v 0.0138302 0.0131007 0.00254 
v 0.0151656 0.0115286 0.00254 
v 0.0163231 0.0098213 0.00254 
v 0.0172893 0.00799889 0.00254 
v 0.0180528 0.00608269 0.00254 
v 0.0186046 0.00409519 0.00254 
v 0.0189383 0.00205967 0.00254 
v 0.0190639 1.16648e-18 0.0022745 
v 0.0189522 0.00206117 0.0022745 
v 0.0186182 0.00409818 0.0022745 
v 0.018066 0.00608714 0.0022745 
v 0.0173019 0.00800473 0.0022745 
v 0.0163351 0.00982847 0.0022745 
v 0.0151767 0.011537 0.0022745 
v 0.0138403 0.0131102 0.0022745 
v 0.0123417 0.0145298 0.0022745 
v 0.0106984 0.015779 0.0022745 
v 0.0089297 0.0168432 0.0022745 
v 0.00705628 0.0177099 0.0022745 
v 0.00510014 0.018369 0.0022745 
v 0.0030842 0.0188128 0.0022745 
v 0.0010321 0.019036 0.0022745 
v -0.0010321 0.019036 0.0022745 
v -0.0030842 0.0188128 0.0022745 
v -0.00510014 0.018369 0.0022745 
v -0.00705628 0.0177099 0.0022745 
v -0.0089297 0.0168432 0.0022745 
v -0.0106984 0.015779 0.0022745 
v -0.0123417 0.0145298 0.0022745 
v -0.0138403 0.0131102 0.0022745 
v -0.0151767 0.011537 0.0022745 
v -0.0163351 0.00982847 0.0022745 
v -0.0173019 0.00800473 0.0022745 
v -0.018066 0.00608714 0.0022745 
v -0.0186182 0.00409818 0.0022745 
v -0.0189522 0.00206117 0.0022745 
v -0.0190639 -2.802e-18 0.0022745 
v -0.0189522 -0.00206117 0.0022745 
v -0.0186182 -0.00409818 0.0022745 
v -0.018066 -0.00608714 0.0022745 
v -0.0173019 -0.00800473 0.0022745 
v -0.0163351 -0.00982847 0.0022745 
v -0.0151767 -0.011537 0.0022745 
v -0.0138403 -0.0131102 0.0022745 
v -0.0123417 -0.0145298 0.0022745 
v -0.0106984 -0.015779 0.0022745 
v -0.0089297 -0.0168432 0.0022745 
v -0.00705628 -0.0177099 0.0022745 
v -0.00510014 -0.018369 0.0022745 
v -0.0030842 -0.0188128 0.0022745 
v -0.0010321 -0.019036 0.0022745 
v 0.0010321 -0.019036 0.0022745 
v 0.0030842 -0.0188128 0.0022745 
v 0.00510014 -0.018369 0.0022745 
v 0.00705628 -0.0177099 0.0022745 
v 0.0089297 -0.0168432 0.0022745 
v 0.0106984 -0.015779 0.0022745 
v 0.0123417 -0.0145298 0.0022745 
v 0.0138403 -0.0131102 0.0022745 
v 0.0151767 -0.011537 0.0022745 
v 0.0163351 -0.00982847 0.0022745 
v 0.0173019 -0.00800473 0.0022745 
v 0.018066 -0.00608714 0.0022745 
v 0.0186182 -0.00409818 0.0022745 
v 0.0189522 -0.00206117 0.0022745 
v 0.0191055 1.16648e-18 0.0020119 
v 0.0189935 0.00206567 0.0020119 
v 0.0186588 0.00410712 0.0020119 
v 0.0181054 0.00610042 0.0020119 
v 0.0173397 0.00802219 0.0020119 
v 0.0163707 0.00984992 0.0020119 
v 0.0152098 0.0115622 0.0020119 
v 0.0138705 0.0131388 0.0020119 
v 0.0123686 0.0145615 0.0020119 
v 0.0107218 0.0158134 0.0020119 
v 0.00894918 0.0168799 0.0020119 
v 0.00707168 0.0177486 0.0020119 
v 0.00511126 0.0184091 0.0020119 
v 0.00309093 0.0188538 0.0020119 
v 0.00103435 0.0190775 0.0020119 
v -0.00103435 0.0190775 0.0020119 
v -0.00309093 0.0188538 0.0020119 
v -0.00511126 0.0184091 0.0020119 
v -0.00707168 0.0177486 0.0020119 
v -0.00894918 0.0168799 0.0020119 
v -0.0107218 0.0158134 0.0020119 
v -0.0123686 0.0145615 0.0020119 
v -0.0138705 0.0131388 0.0020119 
v -0.0152098 0.0115622 0.0020119 
v -0.0163707 0.00984992 0.0020119 
v -0.0173397 0.00802219 0.0020119 
v -0.0181054 0.00610042 0.0020119 
v -0.0186588 0.00410712 0.0020119 
v -0.0189935 0.00206567 0.0020119 
v -0.0191055 -2.81066e-18 0.0020119 
v -0.0189935 -0.00206567 0.0020119 
v -0.0186588 -0.00410712 0.0020119 
v -0.0181054 -0.00610042 0.0020119 
v -0.0173397 -0.00802219 0.0020119 
v -0.0163707 -0.00984992 0.0020119 
v -0.0152098 -0.0115622 0.0020119 
v -0.0138705 -0.0131388 0.0020119 
v -0.0123686 -0.0145615 0.0020119 
v -0.0107218 -0.0158134 0.0020119 
v -0.00894918 -0.0168799 0.0020119 
v -0.00707168 -0.0177486 0.0020119 
v -0.00511126 -0.0184091 0.0020119 
v -0.00309093 -0.0188538 0.0020119 
v -0.00103435 -0.0190775 0.0020119 
v 0.00103435 -0.0190775 0.0020119 
v 0.00309093 -0.0188538 0.0020119 
v 0.00511126 -0.0184091 0.0020119 
v 0.00707168 -0.0177486 0.0020119 
v 0.00894918 -0.0168799 0.0020119 
v 0.0107218 -0.0158134 0.0020119 
v 0.0123686 -0.0145615 0.0020119 
v 0.0138705 -0.0131388 0.0020119 
v 0.0152098 -0.0115622 0.0020119 
v 0.0163707 -0.00984992 0.0020119 
v 0.0173397 -0.00802219 0.0020119 
v 0.0181054 -0.00610042 0.0020119 
v 0.0186588 -0.00410712 0.0020119 
v 0.0189935 -0.00206567 0.0020119 
v 0.0191743 1.16648e-18 0.0017551 
v 0.0190619 0.00207311 0.0017551 
v 0.018726 0.00412191 0.0017551 
v 0.0181706 0.00612239 0.0017551 
v 0.0174021 0.00805109 0.0017551 
v 0.0164297 0.00988539 0.0017551 
v 0.0152645 0.0116038 0.0017551 
v 0.0139205 0.0131862 0.0017551 
v 0.0124132 0.0146139 0.0017551 
v 0.0107604 0.0158704 0.0017551 
v 0.00898141 0.0169407 0.0017551 
v 0.00709715 0.0178125 0.0017551 
v 0.00512967 0.0184754 0.0017551 
v 0.00310206 0.0189217 0.0017551 
v 0.00103808 0.0191462 0.0017551 
v -0.00103808 0.0191462 0.0017551 
v -0.00310206 0.0189217 0.0017551 
v -0.00512967 0.0184754 0.0017551 
v -0.00709715 0.0178125 0.0017551 
v -0.00898141 0.0169407 0.0017551 
v -0.0107604 0.0158704 0.0017551 
v -0.0124132 0.0146139 0.0017551 
v -0.0139205 0.0131862 0.0017551 
v -0.0152645 0.0116038 0.0017551 
v -0.0164297 0.00988539 0.0017551 
v -0.0174021 0.00805109 0.0017551 
v -0.0181706 0.00612239 0.0017551 
v -0.018726 0.00412191 0.0017551 
v -0.0190619 0.00207311 0.0017551 
v -0.0191743 -2.82498e-18 0.0017551 
v -0.0190619 -0.00207311 0.0017551 
v -0.018726 -0.00412191 0.0017551 
v -0.0181706 -0.00612239 0.0017551 
v -0.0174021 -0.00805109 0.0017551 
v -0.0164297 -0.00988539 0.0017551 
v -0.0152645 -0.0116038 0.0017551 
v -0.0139205 -0.0131862 0.0017551 
v -0.0124132 -0.0146139 0.0017551 
v -0.0107604 -0.0158704 0.0017551 
v -0.00898141 -0.0169407 0.0017551 
v -0.00709715 -0.0178125 0.0017551 
v -0.00512967 -0.0184754 0.0017551 
v -0.00310206 -0.0189217 0.0017551 
v -0.00103808 -0.0191462 0.0017551 
v 0.00103808 -0.0191462 0.0017551 
v 0.00310206 -0.0189217 0.0017551 
v 0.00512967 -0.0184754 0.0017551 
v 0.00709715 -0.0178125 0.0017551 
v 0.00898141 -0.0169407 0.0017551 
v 0.0107604 -0.0158704 0.0017551 
v 0.0124132 -0.0146139 0.0017551 
v 0.0139205 -0.0131862 0.0017551 
v 0.0152645 -0.0116038 0.0017551 
v 0.0164297 -0.00988539 0.0017551 
v 0.0174021 -0.00805109 0.0017551 
v 0.0181706 -0.00612239 0.0017551 
v 0.018726 -0.00412191 0.0017551 
v 0.0190619 -0.00207311 0.0017551 
v 0.0192696 1.16648e-18 0.00150689 
v 0.0191566 0.00208341 0.00150689 
v 0.0188191 0.00414239 0.00150689 
v 0.0182609 0.00615281 0.00150689 
v 0.0174886 0.00809109 0.00150689 
v 0.0165113 0.00993451 0.00150689 
v 0.0153404 0.0116615 0.00150689 
v 0.0139896 0.0132517 0.00150689 
v 0.0124749 0.0146866 0.00150689 
v 0.0108138 0.0159492 0.00150689 
v 0.00902604 0.0170249 0.00150689 
v 0.00713241 0.017901 0.00150689 
v 0.00515516 0.0185672 0.00150689 
v 0.00311747 0.0190157 0.00150689 
v 0.00104323 0.0192413 0.00150689 
v -0.00104323 0.0192413 0.00150689 
v -0.00311747 0.0190157 0.00150689 
v -0.00515516 0.0185672 0.00150689 
v -0.00713241 0.017901 0.00150689 
v -0.00902604 0.0170249 0.00150689 
v -0.0108138 0.0159492 0.00150689 
v -0.0124749 0.0146866 0.00150689 
v -0.0139896 0.0132517 0.00150689 
v -0.0153404 0.0116615 0.00150689 
v -0.0165113 0.00993451 0.00150689 
v -0.0174886 0.00809109 0.00150689 
v -0.0182609 0.00615281 0.00150689 
v -0.0188191 0.00414239 0.00150689 
v -0.0191566 0.00208341 0.00150689 
v -0.0192696 -2.84481e-18 0.00150689 
v -0.0191566 -0.00208341 0.00150689 
v -0.0188191 -0.00414239 0.00150689 
v -0.0182609 -0.00615281 0.00150689 
v -0.0174886 -0.00809109 0.00150689 
v -0.0165113 -0.00993451 0.00150689 
v -0.0153404 -0.0116615 0.00150689 
v -0.0139896 -0.0132517 0.00150689 
v -0.0124749 -0.0146866 0.00150689 
v -0.0108138 -0.0159492 0.00150689 
v -0.00902604 -0.0170249 0.00150689 
v -0.00713241 -0.017901 0.00150689 
v -0.00515516 -0.0185672 0.00150689 
v -0.00311747 -0.0190157 0.00150689 
v -0.00104323 -0.0192413 0.00150689 
v 0.00104323 -0.0192413 0.00150689 
v 0.00311747 -0.0190157 0.00150689 
v 0.00515516 -0.0185672 0.00150689 
v 0.00713241 -0.017901 0.00150689 
v 0.00902604 -0.0170249 0.00150689 
v 0.0108138 -0.0159492 0.00150689 
v 0.0124749 -0.0146866 0.00150689 
v 0.0139896 -0.0132517 0.00150689 
v 0.0153404 -0.0116615 0.00150689 
v 0.0165113 -0.00993451 0.00150689 
v 0.0174886 -0.00809109 0.00150689 
v 0.0182609 -0.00615281 0.00150689 
v 0.0188191 -0.00414239 0.00150689 
v 0.0191566 -0.00208341 0.00150689 
v 0.0193903 1.16648e-18 0.00127 
v 0.0192766 0.00209646 0.00127 
v 0.018937 0.00416834 0.00127 
v 0.0183753 0.00619135 0.00127 
v 0.0175982 0.00814177 0.00127 
v 0.0166147 0.00999674 0.00127 
v 0.0154365 0.0117345 0.00127 
v 0.0140773 0.0133347 0.00127 
v 0.012553 0.0147785 0.00127 
v 0.0108816 0.0160491 0.00127 
v 0.00908258 0.0171316 0.00127 
v 0.00717709 0.0180131 0.00127 
v 0.00518745 0.0186835 0.00127 
v 0.003137 0.0191349 0.00127 
v 0.00104977 0.0193619 0.00127 
v -0.00104977 0.0193619 0.00127 
v -0.003137 0.0191349 0.00127 
v -0.00518745 0.0186835 0.00127 
v -0.00717709 0.0180131 0.00127 
v -0.00908258 0.0171316 0.00127 
v -0.0108816 0.0160491 0.00127 
v -0.012553 0.0147785 0.00127 
v -0.0140773 0.0133347 0.00127 
v -0.0154365 0.0117345 0.00127 
v -0.0166147 0.00999674 0.00127 
v -0.0175982 0.00814177 0.00127 
v -0.0183753 0.00619135 0.00127 
v -0.018937 0.00416834 0.00127 
v -0.0192766 0.00209646 0.00127 
v -0.0193903 -2.86994e-18 0.00127 
v -0.0192766 -0.00209646 0.00127 
v -0.018937 -0.00416834 0.00127 
v -0.0183753 -0.00619135 0.00127 
v -0.0175982 -0.00814177 0.00127 
v -0.0166147 -0.00999674 0.00127 
v -0.0154365 -0.0117345 0.00127 
v -0.0140773 -0.0133347 0.00127 
v -0.012553 -0.0147785 0.00127 
v -0.0108816 -0.0160491 0.00127 
v -0.00908258 -0.0171316 0.00127 
v -0.00717709 -0.0180131 0.00127 
v -0.00518745 -0.0186835 0.00127 
v -0.003137 -0.0191349 0.00127 
v -0.00104977 -0.0193619 0.00127 
v 0.00104977 -0.0193619 0.00127 
v 0.003137 -0.0191349 0.00127 
v 0.00518745 -0.0186835 0.00127 
v 0.00717709 -0.0180131 0.00127 
v 0.00908258 -0.0171316 0.00127 
v 0.0108816 -0.0160491 0.00127 
v 0.012553 -0.0147785 0.00127 
v 0.0140773 -0.0133347 0.00127 
v 0.0154365 -0.0117345 0.00127 
v 0.0166147 -0.00999674 0.00127 
v 0.0175982 -0.00814177 0.00127 
v 0.0183753 -0.00619135 0.00127 
v 0.018937 -0.00416834 0.00127 
v 0.0192766 -0.00209646 0.00127 
v 0.0195351 1.16648e-18 0.00104703 
v 0.0194206 0.00211212 0.00104703 
v 0.0190784 0.00419947 0.00104703 
v 0.0185125 0.00623759 0.00104703 
v 0.0177296 0.00820257 0.00104703 
v 0.0167388 0.0100714 0.00104703 
v 0.0155518 0.0118221 0.00104703 
v 0.0141824 0.0134343 0.00104703 
v 0.0126468 0.0148889 0.00104703 
v 0.0109628 0.016169 0.00104703 
v 0.0091504 0.0172595 0.00104703 
v 0.00723068 0.0181477 0.00104703 
v 0.00522619 0.018823 0.00104703 
v 0.00316043 0.0192778 0.00104703 
v 0.00105761 0.0195064 0.00104703 
v -0.00105761 0.0195064 0.00104703 
v -0.00316043 0.0192778 0.00104703 
v -0.00522619 0.018823 0.00104703 
v -0.00723068 0.0181477 0.00104703 
v -0.0091504 0.0172595 0.00104703 
v -0.0109628 0.016169 0.00104703 
v -0.0126468 0.0148889 0.00104703 
v -0.0141824 0.0134343 0.00104703 
v -0.0155518 0.0118221 0.00104703 
v -0.0167388 0.0100714 0.00104703 
v -0.0177296 0.00820257 0.00104703 
v -0.0185125 0.00623759 0.00104703 
v -0.0190784 0.00419947 0.00104703 
v -0.0194206 0.00211212 0.00104703 
v -0.0195351 -2.90008e-18 0.00104703 
v -0.0194206 -0.00211212 0.00104703 
v -0.0190784 -0.00419947 0.00104703 
v -0.0185125 -0.00623759 0.00104703 
v -0.0177296 -0.00820257 0.00104703 
v -0.0167388 -0.0100714 0.00104703 
v -0.0155518 -0.0118221 0.00104703 
v -0.0141824 -0.0134343 0.00104703 
v -0.0126468 -0.0148889 0.00104703 
v -0.0109628 -0.016169 0.00104703 
v -0.0091504 -0.0172595 0.00104703 
v -0.00723068 -0.0181477 0.00104703 
v -0.00522619 -0.018823 0.00104703 
v -0.00316043 -0.0192778 0.00104703 
v -0.00105761 -0.0195064 0.00104703 
v 0.00105761 -0.0195064 0.00104703 
v 0.00316043 -0.0192778 0.00104703 
v 0.00522619 -0.018823 0.00104703 
v 0.00723068 -0.0181477 0.00104703 
v 0.0091504 -0.0172595 0.00104703 
v 0.0109628 -0.016169 0.00104703 
v 0.0126468 -0.0148889 0.00104703 
v 0.0141824 -0.0134343 0.00104703 
v 0.0155518 -0.0118221 0.00104703 
v 0.0167388 -0.0100714 0.00104703 
v 0.0177296 -0.00820257 0.00104703 
v 0.0185125 -0.00623759 0.00104703 
v 0.0190784 -0.00419947 0.00104703 
v 0.0194206 -0.00211212 0.00104703 
v 0.0197024 1.16648e-18 0.000840408 
v 0.0195869 0.00213021 0.000840408 
v 0.0192418 0.00423544 0.000840408 
v 0.0186711 0.00629101 0.000840408 
v 0.0178814 0.00827283 0.000840408 
v 0.0168822 0.0101577 0.000840408 
v 0.015685 0.0119234 0.000840408 
v 0.0143039 0.0135493 0.000840408 
v 0.0127551 0.0150164 0.000840408 
v 0.0110567 0.0163075 0.000840408 
v 0.00922878 0.0174073 0.000840408 
v 0.00729261 0.0183031 0.000840408 
v 0.00527095 0.0189843 0.000840408 
v 0.0031875 0.0194429 0.000840408 
v 0.00106667 0.0196735 0.000840408 
v -0.00106667 0.0196735 0.000840408 
v -0.0031875 0.0194429 0.000840408 
v -0.00527095 0.0189843 0.000840408 
v -0.00729261 0.0183031 0.000840408 
v -0.00922878 0.0174073 0.000840408 
v -0.0110567 0.0163075 0.000840408 
v -0.0127551 0.0150164 0.000840408 
v -0.0143039 0.0135493 0.000840408 
v -0.015685 0.0119234 0.000840408 
v -0.0168822 0.0101577 0.000840408 
v -0.0178814 0.00827283 0.000840408 
v -0.0186711 0.00629101 0.000840408 
v -0.0192418 0.00423544 0.000840408 
v -0.0195869 0.00213021 0.000840408 
v -0.0197024 -2.93491e-18 0.000840408 
v -0.0195869 -0.00213021 0.000840408 
v -0.0192418 -0.00423544 0.000840408 
v -0.0186711 -0.00629101 0.000840408 
v -0.0178814 -0.00827283 0.000840408 
v -0.0168822 -0.0101577 0.000840408 
v -0.015685 -0.0119234 0.000840408 
v -0.0143039 -0.0135493 0.000840408 
v -0.0127551 -0.0150164 0.000840408 
v -0.0110567 -0.0163075 0.000840408 
v -0.00922878 -0.0174073 0.000840408 
v -0.00729261 -0.0183031 0.000840408 
v -0.00527095 -0.0189843 0.000840408 
v -0.0031875 -0.0194429 0.000840408 
v -0.00106667 -0.0196735 0.000840408 
v 0.00106667 -0.0196735 0.000840408 
v 0.0031875 -0.0194429 0.000840408 
v 0.00527095 -0.0189843 0.000840408 
v 0.00729261 -0.0183031 0.000840408 
v 0.00922878 -0.0174073 0.000840408 
v 0.0110567 -0.0163075 0.000840408 
v 0.0127551 -0.0150164 0.000840408 
v 0.0143039 -0.0135493 0.000840408 
v 0.015685 -0.0119234 0.000840408 
v 0.0168822 -0.0101577 0.000840408 
v 0.0178814 -0.00827283 0.000840408 
v 0.0186711 -0.00629101 0.000840408 
v 0.0192418 -0.00423544 0.000840408 
v 0.0195869 -0.00213021 0.000840408 
v 0.0198904 1.16648e-18 0.000652412 
v 0.0197738 0.00215053 0.000652412 
v 0.0194254 0.00427585 0.000652412 
v 0.0188492 0.00635104 0.000652412 
v 0.018052 0.00835177 0.000652412 
v 0.0170432 0.0102546 0.000652412 
v 0.0158346 0.0120372 0.000652412 
v 0.0144403 0.0136786 0.000652412 
v 0.0128768 0.0151597 0.000652412 
v 0.0111622 0.0164631 0.000652412 
v 0.00931684 0.0175734 0.000652412 
v 0.0073622 0.0184777 0.000652412 
v 0.00532125 0.0191654 0.000652412 
v 0.00321791 0.0196284 0.000652412 
v 0.00107684 0.0198612 0.000652412 
v -0.00107684 0.0198612 0.000652412 
v -0.00321791 0.0196284 0.000652412 
v -0.00532125 0.0191654 0.000652412 
v -0.0073622 0.0184777 0.000652412 
v -0.00931684 0.0175734 0.000652412 
v -0.0111622 0.0164631 0.000652412 
v -0.0128768 0.0151597 0.000652412 
v -0.0144403 0.0136786 0.000652412 
v -0.0158346 0.0120372 0.000652412 
v -0.0170432 0.0102546 0.000652412 
v -0.018052 0.00835177 0.000652412 
v -0.0188492 0.00635104 0.000652412 
v -0.0194254 0.00427585 0.000652412 
v -0.0197738 0.00215053 0.000652412 
v -0.0198904 -2.97405e-18 0.000652412 
v -0.0197738 -0.00215053 0.000652412 
v -0.0194254 -0.00427585 0.000652412 
v -0.0188492 -0.00635104 0.000652412 
v -0.018052 -0.00835177 0.000652412 
v -0.0170432 -0.0102546 0.000652412 
v -0.0158346 -0.0120372 0.000652412 
v -0.0144403 -0.0136786 0.000652412 
v -0.0128768 -0.0151597 0.000652412 
v -0.0111622 -0.0164631 0.000652412 
v -0.00931684 -0.0175734 0.000652412 
v -0.0073622 -0.0184777 0.000652412 
v -0.00532125 -0.0191654 0.000652412 
v -0.00321791 -0.0196284 0.000652412 
v -0.00107684 -0.0198612 0.000652412 
v 0.00107684 -0.0198612 0.000652412 
v 0.00321791 -0.0196284 0.000652412 
v 0.00532125 -0.0191654 0.000652412 
v 0.0073622 -0.0184777 0.000652412 
v 0.00931684 -0.0175734 0.000652412 
v 0.0111622 -0.0164631 0.000652412 
v 0.0128768 -0.0151597 0.000652412 
v 0.0144403 -0.0136786 0.000652412 
v 0.0158346 -0.0120372 0.000652412 
v 0.0170432 -0.0102546 0.000652412 
v 0.018052 -0.00835177 0.000652412 
v 0.0188492 -0.00635104 0.000652412 
v 0.0194254 -0.00427585 0.000652412 
v 0.0197738 -0.00215053 0.000652412 
v 0.020097 1.16648e-18 0.000485097 
v 0.0199792 0.00217287 0.000485097 
v 0.0196272 0.00432027 0.000485097 
v 0.019045 0.00641701 0.000485097 
v 0.0182396 0.00843852 0.000485097 
v 0.0172203 0.0103611 0.000485097 
v 0.0159991 0.0121622 0.000485097 
v 0.0145903 0.0138207 0.000485097 
v 0.0130105 0.0153172 0.000485097 
v 0.0112782 0.0166341 0.000485097 
v 0.00941362 0.017756 0.000485097 
v 0.00743868 0.0186697 0.000485097 
v 0.00537652 0.0193645 0.000485097 
v 0.00325134 0.0198323 0.000485097 
v 0.00108803 0.0200676 0.000485097 
v -0.00108803 0.0200676 0.000485097 
v -0.00325134 0.0198323 0.000485097 
v -0.00537652 0.0193645 0.000485097 
v -0.00743868 0.0186697 0.000485097 
v -0.00941362 0.017756 0.000485097 
v -0.0112782 0.0166341 0.000485097 
v -0.0130105 0.0153172 0.000485097 
v -0.0145903 0.0138207 0.000485097 
v -0.0159991 0.0121622 0.000485097 
v -0.0172203 0.0103611 0.000485097 
v -0.0182396 0.00843852 0.000485097 
v -0.019045 0.00641701 0.000485097 
v -0.0196272 0.00432027 0.000485097 
v -0.0199792 0.00217287 0.000485097 
v -0.020097 -3.01706e-18 0.000485097 
v -0.0199792 -0.00217287 0.000485097 
v -0.0196272 -0.00432027 0.000485097 
v -0.019045 -0.00641701 0.000485097 
v -0.0182396 -0.00843852 0.000485097 
v -0.0172203 -0.0103611 0.000485097 
v -0.0159991 -0.0121622 0.000485097 
v -0.0145903 -0.0138207 0.000485097 
v -0.0130105 -0.0153172 0.000485097 
v -0.0112782 -0.0166341 0.000485097 
v -0.00941362 -0.017756 0.000485097 
v -0.00743868 -0.0186697 0.000485097 
v -0.00537652 -0.0193645 0.000485097 
v -0.00325134 -0.0198323 0.000485097 
v -0.00108803 -0.0200676 0.000485097 
v 0.00108803 -0.0200676 0.000485097 
v 0.00325134 -0.0198323 0.000485097 
v 0.00537652 -0.0193645 0.000485097 
v 0.00743868 -0.0186697 0.000485097 
v 0.00941362 -0.017756 0.000485097 
v 0.0112782 -0.0166341 0.000485097 
v 0.0130105 -0.0153172 0.000485097 
v 0.0145903 -0.0138207 0.000485097 
v 0.0159991 -0.0121622 0.000485097 
v 0.0172203 -0.0103611 0.000485097 
v 0.0182396 -0.00843852 0.000485097 
v 0.019045 -0.00641701 0.000485097 
v 0.0196272 -0.00432027 0.000485097 
v 0.0199792 -0.00217287 0.000485097 
v 0.02032 1.16648e-18 0.000340295 
v 0.0202009 0.00219698 0.000340295 
v 0.0198449 0.0043682 0.000340295 
v 0.0192563 0.00648821 0.000340295 
v 0.0184419 0.00853215 0.000340295 
v 0.0174113 0.0104761 0.000340295 
v 0.0161766 0.0122971 0.000340295 
v 0.0147522 0.0139741 0.000340295 
v 0.0131549 0.0154871 0.000340295 
v 0.0114033 0.0168186 0.000340295 
v 0.00951806 0.017953 0.000340295 
v 0.00752121 0.0188768 0.000340295 
v 0.00543618 0.0195793 0.000340295 
v 0.00328741 0.0200523 0.000340295 
v 0.0011001 0.0202902 0.000340295 
v -0.0011001 0.0202902 0.000340295 
v -0.00328741 0.0200523 0.000340295 
v -0.00543618 0.0195793 0.000340295 
v -0.00752121 0.0188768 0.000340295 
v -0.00951806 0.017953 0.000340295 
v -0.0114033 0.0168186 0.000340295 
v -0.0131549 0.0154871 0.000340295 
v -0.0147522 0.0139741 0.000340295 
v -0.0161766 0.0122971 0.000340295 
v -0.0174113 0.0104761 0.000340295 
v -0.0184419 0.00853215 0.000340295 
v -0.0192563 0.00648821 0.000340295 
v -0.0198449 0.0043682 0.000340295 
v -0.0202009 0.00219698 0.000340295 
v -0.02032 -3.06347e-18 0.000340295 
v -0.0202009 -0.00219698 0.000340295 
v -0.0198449 -0.0043682 0.000340295 
v -0.0192563 -0.00648821 0.000340295 
v -0.0184419 -0.00853215 0.000340295 
v -0.0174113 -0.0104761 0.000340295 
v -0.0161766 -0.0122971 0.000340295 
v -0.0147522 -0.0139741 0.000340295 
v -0.0131549 -0.0154871 0.000340295 
v -0.0114033 -0.0168186 0.000340295 
v -0.00951806 -0.017953 0.000340295 
v -0.00752121 -0.0188768 0.000340295 
v -0.00543618 -0.0195793 0.000340295 
v -0.00328741 -0.0200523 0.000340295 
v -0.0011001 -0.0202902 0.000340295 
v 0.0011001 -0.0202902 0.000340295 
v 0.00328741 -0.0200523 0.000340295 
v 0.00543618 -0.0195793 0.000340295 
v 0.00752121 -0.0188768 0.000340295 
v 0.00951806 -0.017953 0.000340295 
v 0.0114033 -0.0168186 0.000340295 
v 0.0131549 -0.0154871 0.000340295 
v 0.0147522 -0.0139741 0.000340295 
v 0.0161766 -0.0122971 0.000340295 
v 0.0174113 -0.0104761 0.000340295 
v 0.0184419 -0.00853215 0.000340295 
v 0.0192563 -0.00648821 0.000340295 
v 0.0198449 -0.0043682 0.000340295 
v 0.0202009 -0.00219698 0.000340295 
v 0.0205569 1.16648e-18 0.000219595 
v 0.0204364 0.00222259 0.000219595 
v 0.0200763 0.00441912 0.000219595 
v 0.0194808 0.00656385 0.000219595 
v 0.0186569 0.00863161 0.000219595 
v 0.0176143 0.0105982 0.000219595 
v 0.0163652 0.0124405 0.000219595 
v 0.0149242 0.014137 0.000219595 
v 0.0133082 0.0156677 0.000219595 
v 0.0115363 0.0170147 0.000219595 
v 0.00962902 0.0181623 0.000219595 
v 0.00760889 0.0190969 0.000219595 
v 0.00549955 0.0198076 0.000219595 
v 0.00332573 0.0202861 0.000219595 
v 0.00111293 0.0205267 0.000219595 
v -0.00111293 0.0205267 0.000219595 
v -0.00332573 0.0202861 0.000219595 
v -0.00549955 0.0198076 0.000219595 
v -0.00760889 0.0190969 0.000219595 
v -0.00962902 0.0181623 0.000219595 
v -0.0115363 0.0170147 0.000219595 
v -0.0133082 0.0156677 0.000219595 
v -0.0149242 0.014137 0.000219595 
v -0.0163652 0.0124405 0.000219595 
v -0.0176143 0.0105982 0.000219595 
v -0.0186569 0.00863161 0.000219595 
v -0.0194808 0.00656385 0.000219595 
v -0.0200763 0.00441912 0.000219595 
v -0.0204364 0.00222259 0.000219595 
v -0.0205569 -3.11279e-18 0.000219595 
v -0.0204364 -0.00222259 0.000219595 
v -0.0200763 -0.00441912 0.000219595 
v -0.0194808 -0.00656385 0.000219595 
v -0.0186569 -0.00863161 0.000219595 
v -0.0176143 -0.0105982 0.000219595 
v -0.0163652 -0.0124405 0.000219595 
v -0.0149242 -0.014137 0.000219595 
v -0.0133082 -0.0156677 0.000219595 
v -0.0115363 -0.0170147 0.000219595 
v -0.00962902 -0.0181623 0.000219595 
v -0.00760889 -0.0190969 0.000219595 
v -0.00549955 -0.0198076 0.000219595 
v -0.00332573 -0.0202861 0.000219595 
v -0.00111293 -0.0205267 0.000219595 
v 0.00111293 -0.0205267 0.000219595 
v 0.00332573 -0.0202861 0.000219595 
v 0.00549955 -0.0198076 0.000219595 
v 0.00760889 -0.0190969 0.000219595 
v 0.00962902 -0.0181623 0.000219595 
v 0.0115363 -0.0170147 0.000219595 
v 0.0133082 -0.0156677 0.000219595 
v 0.0149242 -0.014137 0.000219595 
v 0.0163652 -0.0124405 0.000219595 
v 0.0176143 -0.0105982 0.000219595 
v 0.0186569 -0.00863161 0.000219595 
v 0.0194808 -0.00656385 0.000219595 
v 0.0200763 -0.00441912 0.000219595 
v 0.0204364 -0.00222259 0.000219595 
v 0.0208051 1.16648e-18 0.000124316 
v 0.0206831 0.00224943 0.000124316 
v 0.0203187 0.00447248 0.000124316 
v 0.019716 0.0066431 0.000124316 
v 0.0188822 0.00873583 0.000124316 
v 0.017827 0.0107261 0.000124316 
v 0.0165628 0.0125907 0.000124316 
v 0.0151044 0.0143077 0.000124316 
v 0.0134689 0.0158569 0.000124316 
v 0.0116756 0.0172201 0.000124316 
v 0.00974528 0.0183816 0.000124316 
v 0.00770076 0.0193275 0.000124316 
v 0.00556595 0.0200468 0.000124316 
v 0.00336589 0.020531 0.000124316 
v 0.00112637 0.0207746 0.000124316 
v -0.00112637 0.0207746 0.000124316 
v -0.00336589 0.020531 0.000124316 
v -0.00556595 0.0200468 0.000124316 
v -0.00770076 0.0193275 0.000124316 
v -0.00974528 0.0183816 0.000124316 
v -0.0116756 0.0172201 0.000124316 
v -0.0134689 0.0158569 0.000124316 
v -0.0151044 0.0143077 0.000124316 
v -0.0165628 0.0125907 0.000124316 
v -0.017827 0.0107261 0.000124316 
v -0.0188822 0.00873583 0.000124316 
v -0.019716 0.0066431 0.000124316 
v -0.0203187 0.00447248 0.000124316 
v -0.0206831 0.00224943 0.000124316 
v -0.0208051 -3.16445e-18 0.000124316 
v -0.0206831 -0.00224943 0.000124316 
v -0.0203187 -0.00447248 0.000124316 
v -0.019716 -0.0066431 0.000124316 
v -0.0188822 -0.00873583 0.000124316 
v -0.017827 -0.0107261 0.000124316 
v -0.0165628 -0.0125907 0.000124316 
v -0.0151044 -0.0143077 0.000124316 
v -0.0134689 -0.0158569 0.000124316 
v -0.0116756 -0.0172201 0.000124316 
v -0.00974528 -0.0183816 0.000124316 
v -0.00770076 -0.0193275 0.000124316 
v -0.00556595 -0.0200468 0.000124316 
v -0.00336589 -0.020531 0.000124316 
v -0.00112637 -0.0207746 0.000124316 
v 0.00112637 -0.0207746 0.000124316 
v 0.00336589 -0.020531 0.000124316 
v 0.00556595 -0.0200468 0.000124316 
v 0.00770076 -0.0193275 0.000124316 
v 0.00974528 -0.0183816 0.000124316 
v 0.0116756 -0.0172201 0.000124316 
v 0.0134689 -0.0158569 0.000124316 
v 0.0151044 -0.0143077 0.000124316 
v 0.0165628 -0.0125907 0.000124316 
v 0.017827 -0.0107261 0.000124316 
v 0.0188822 -0.00873583 0.000124316 
v 0.019716 -0.0066431 0.000124316 
v 0.0203187 -0.00447248 0.000124316 
v 0.0206831 -0.00224943 0.000124316 
v 0.0210619 1.16648e-18 5.55051e-05 
v 0.0209384 0.00227719 5.55051e-05 
v 0.0205695 0.00452769 5.55051e-05 
v 0.0199594 0.0067251 5.55051e-05 
v 0.0191153 0.00884366 5.55051e-05 
v 0.018047 0.0108585 5.55051e-05 
v 0.0167672 0.0127461 5.55051e-05 
v 0.0152908 0.0144843 5.55051e-05 
v 0.0136352 0.0160526 5.55051e-05 
v 0.0118197 0.0174327 5.55051e-05 
v 0.00986557 0.0186084 5.55051e-05 
v 0.00779581 0.019566 5.55051e-05 
v 0.00563466 0.0202942 5.55051e-05 
v 0.00340744 0.0207844 5.55051e-05 
v 0.00114027 0.021031 5.55051e-05 
v -0.00114027 0.021031 5.55051e-05 
v -0.00340744 0.0207844 5.55051e-05 
v -0.00563466 0.0202942 5.55051e-05 
v -0.00779581 0.019566 5.55051e-05 
v -0.00986557 0.0186084 5.55051e-05 
v -0.0118197 0.0174327 5.55051e-05 
v -0.0136352 0.0160526 5.55051e-05 
v -0.0152908 0.0144843 5.55051e-05 
v -0.0167672 0.0127461 5.55051e-05 
v -0.018047 0.0108585 5.55051e-05 
v -0.0191153 0.00884366 5.55051e-05 
v -0.0199594 0.0067251 5.55051e-05 
v -0.0205695 0.00452769 5.55051e-05 
v -0.0209384 0.00227719 5.55051e-05 
v -0.0210619 -3.21791e-18 5.55051e-05 
v -0.0209384 -0.00227719 5.55051e-05 
v -0.0205695 -0.00452769 5.55051e-05 
v -0.0199594 -0.0067251 5.55051e-05 
v -0.0191153 -0.00884366 5.55051e-05 
v -0.018047 -0.0108585 5.55051e-05 
v -0.0167672 -0.0127461 5.55051e-05 
v -0.0152908 -0.0144843 5.55051e-05 
v -0.0136352 -0.0160526 5.55051e-05 
v -0.0118197 -0.0174327 5.55051e-05 
v -0.00986557 -0.0186084 5.55051e-05 
v -0.00779581 -0.019566 5.55051e-05 
v -0.00563466 -0.0202942 5.55051e-05 
v -0.00340744 -0.0207844 5.55051e-05 
v -0.00114027 -0.021031 5.55051e-05 
v 0.00114027 -0.021031 5.55051e-05 
v 0.00340744 -0.0207844 5.55051e-05 
v 0.00563466 -0.0202942 5.55051e-05 
v 0.00779581 -0.019566 5.55051e-05 
v 0.00986557 -0.0186084 5.55051e-05 
v 0.0118197 -0.0174327 5.55051e-05 
v 0.0136352 -0.0160526 5.55051e-05 
v 0.0152908 -0.0144843 5.55051e-05 
v 0.0167672 -0.0127461 5.55051e-05 
v 0.018047 -0.0108585 5.55051e-05 
v 0.0191153 -0.00884366 5.55051e-05 
v 0.0199594 -0.0067251 5.55051e-05 
v 0.0205695 -0.00452769 5.55051e-05 
v 0.0209384 -0.00227719 5.55051e-05 
v 0.0213245 1.16648e-18 1.39144e-05 
v 0.0211995 0.00230558 1.39144e-05 
v 0.0208259 0.00458414 1.39144e-05 
v 0.0202082 0.00680894 1.39144e-05 
v 0.0193536 0.00895392 1.39144e-05 
v 0.018272 0.0109939 1.39144e-05 
v 0.0169763 0.012905 1.39144e-05 
v 0.0154815 0.0146648 1.39144e-05 
v 0.0138052 0.0162527 1.39144e-05 
v 0.011967 0.0176501 1.39144e-05 
v 0.00998857 0.0188405 1.39144e-05 
v 0.00789301 0.01981 1.39144e-05 
v 0.00570491 0.0205472 1.39144e-05 
v 0.00344992 0.0210436 1.39144e-05 
v 0.00115449 0.0212932 1.39144e-05 
v -0.00115449 0.0212932 1.39144e-05 
v -0.00344992 0.0210436 1.39144e-05 
v -0.00570491 0.0205472 1.39144e-05 
v -0.00789301 0.01981 1.39144e-05 
v -0.00998857 0.0188405 1.39144e-05 
v -0.011967 0.0176501 1.39144e-05 
v -0.0138052 0.0162527 1.39144e-05 
v -0.0154815 0.0146648 1.39144e-05 
v -0.0169763 0.012905 1.39144e-05 
v -0.018272 0.0109939 1.39144e-05 
v -0.0193536 0.00895392 1.39144e-05 
v -0.0202082 0.00680894 1.39144e-05 
v -0.0208259 0.00458414 1.39144e-05 
v -0.0211995 0.00230558 1.39144e-05 
v -0.0213245 -3.27258e-18 1.39144e-05 
v -0.0211995 -0.00230558 1.39144e-05 
v -0.0208259 -0.00458414 1.39144e-05 
v -0.0202082 -0.00680894 1.39144e-05 
v -0.0193536 -0.00895392 1.39144e-05 
v -0.018272 -0.0109939 1.39144e-05 
v -0.0169763 -0.012905 1.39144e-05 
v -0.0154815 -0.0146648 1.39144e-05 
v -0.0138052 -0.0162527 1.39144e-05 
v -0.011967 -0.0176501 1.39144e-05 
v -0.00998857 -0.0188405 1.39144e-05 
v -0.00789301 -0.01981 1.39144e-05 
v -0.00570491 -0.0205472 1.39144e-05 
v -0.00344992 -0.0210436 1.39144e-05 
v -0.00115449 -0.0212932 1.39144e-05 
v 0.00115449 -0.0212932 1.39144e-05 
v 0.00344992 -0.0210436 1.39144e-05 
v 0.00570491 -0.0205472 1.39144e-05 
v 0.00789301 -0.01981 1.39144e-05 
v 0.00998857 -0.0188405 1.39144e-05 
v 0.011967 -0.0176501 1.39144e-05 
v 0.0138052 -0.0162527 1.39144e-05 
v 0.0154815 -0.0146648 1.39144e-05 
v 0.0169763 -0.012905 1.39144e-05 
v 0.018272 -0.0109939 1.39144e-05 
v 0.0193536 -0.00895392 1.39144e-05 
v 0.0202082 -0.00680894 1.39144e-05 
v 0.0208259 -0.00458414 1.39144e-05 
v 0.0211995 -0.00230558 1.39144e-05 
vn -1 0 0 
vn -0.994138 0.108119 0 
vn -0.976621 0.21497 0 
vn -0.947653 0.319302 0 
vn -0.907575 0.419889 0 
vn -0.856857 0.515554 0 
vn -0.796093 0.605174 0 
vn -0.725995 0.687699 0 
vn -0.647386 0.762162 0 
vn -0.561187 0.827689 0 
vn -0.468408 0.883512 0 
vn -0.370138 0.928977 0 
vn -0.267528 0.96355 0 
vn -0.161782 0.986827 0 
vn -0.0541389 0.998533 0 
vn 0.0541389 0.998533 0 
vn 0.161782 0.986827 0 
vn 0.267528 0.96355 0 
vn 0.370138 0.928977 0 
vn 0.468408 0.883512 0 
vn 0.561187 0.827689 0 
vn 0.647386 0.762162 0 
vn 0.725995 0.687699 0 
vn 0.796093 0.605174 0 
vn 0.856857 0.515554 0 
vn 0.907575 0.419889 0 
vn 0.947653 0.319302 0 
vn 0.976621 0.21497 0 
vn 0.994138 0.108119 0 
vn 1 1.22465e-16 0 
vn 0.994138 -0.108119 0 
vn 0.976621 -0.21497 0 
vn 0.947653 -0.319302 0 
vn 0.907575 -0.419889 0 
vn 0.856857 -0.515554 0 
vn 0.796093 -0.605174 0 
vn 0.725995 -0.687699 0 
vn 0.647386 -0.762162 0 
vn 0.561187 -0.827689 0 
vn 0.468408 -0.883512 0 
vn 0.370138 -0.928977 0 
vn 0.267528 -0.96355 0 
vn 0.161782 -0.986827 0 
vn 0.0541389 -0.998533 0 
vn -0.0541389 -0.998533 0 
vn -0.161782 -0.986827 0 
vn -0.267528 -0.96355 0 
vn -0.370138 -0.928977 0 
vn -0.468408 -0.883512 0 
vn -0.561187 -0.827689 0 
vn -0.647386 -0.762162 0 
vn -0.725995 -0.687699 0 
vn -0.796093 -0.605174 0 
vn -0.856857 -0.515554 0 
vn -0.907575 -0.419889 0 
vn -0.947653 -0.319302 0 
vn -0.976621 -0.21497 0 
vn -0.994138 -0.108119 0 
vn 0.994522 0 0.104528 
vn 1 0 0 
vn 0.994138 0.108119 0 
vn 0.988692 0.107527 0.104528 
vn 0.976621 0.21497 0 
vn 0.971271 0.213793 0.104528 
vn 0.947653 0.319302 0 
vn 0.942462 0.317552 0.104528 
vn 0.907575 0.419889 0 
vn 0.902604 0.417589 0.104528 
vn 0.856857 0.515554 0 
vn 0.852163 0.51273 0.104528 
vn 0.796093 0.605174 0 
vn 0.791732 0.601859 0.104528 
vn 0.725995 0.687699 0 
vn 0.722018 0.683932 0.104528 
vn 0.647386 0.762162 0 
vn 0.64384 0.757987 0.104528 
vn 0.561187 0.827689 0 
vn 0.558113 0.823155 0.104528 
vn 0.468408 0.883512 0 
vn 0.465842 0.878672 0.104528 
vn 0.370138 0.928977 0 
vn 0.36811 0.923888 0.104528 
vn 0.267528 0.96355 0 
vn 0.266063 0.958272 0.104528 
vn 0.161782 0.986827 0 
vn 0.160896 0.981421 0.104528 
vn 0.0541389 0.998533 0 
vn 0.0538423 0.993063 0.104528 
vn -0.0541389 0.998533 0 
vn -0.0538423 0.993063 0.104528 
vn -0.161782 0.986827 0 
vn -0.160896 0.981421 0.104528 
vn -0.267528 0.96355 0 
vn -0.266063 0.958272 0.104528 
vn -0.370138 0.928977 0 
vn -0.36811 0.923888 0.104528 
vn -0.468408 0.883512 0 
vn -0.465842 0.878672 0.104528 
vn -0.561187 0.827689 0 
vn -0.558113 0.823155 0.104528 
vn -0.647386 0.762162 0 
vn -0.64384 0.757987 0.104528 
vn -0.725995 0.687699 0 
vn -0.722018 0.683932 0.104528 
vn -0.796093 0.605174 0 
vn -0.791732 0.601859 0.104528 
vn -0.856857 0.515554 0 
vn -0.852163 0.51273 0.104528 
vn -0.907575 0.419889 0 
vn -0.902604 0.417589 0.104528 
vn -0.947653 0.319302 0 
vn -0.942462 0.317552 0.104528 
vn -0.976621 0.21497 0 
vn -0.971271 0.213793 0.104528 
vn -0.994138 0.108119 0 
vn -0.988692 0.107527 0.104528 
vn -1 -2.08167e-16 0 
vn -0.994522 -2.07026e-16 0.104528 
vn -0.994138 -0.108119 0 
vn -0.988692 -0.107527 0.104528 
vn -0.976621 -0.21497 0 
vn -0.971271 -0.213793 0.104528 
vn -0.947653 -0.319302 0 
vn -0.942462 -0.317552 0.104528 
vn -0.907575 -0.419889 0 
vn -0.902604 -0.417589 0.104528 
vn -0.856857 -0.515554 0 
vn -0.852163 -0.51273 0.104528 
vn -0.796093 -0.605174 0 
vn -0.791732 -0.601859 0.104528 
vn -0.725995 -0.687699 0 
vn -0.722018 -0.683932 0.104528 
vn -0.647386 -0.762162 0 
vn -0.64384 -0.757987 0.104528 
vn -0.561187 -0.827689 0 
vn -0.558113 -0.823155 0.104528 
vn -0.468408 -0.883512 0 
vn -0.465842 -0.878672 0.104528 
vn -0.370138 -0.928977 0 
vn -0.36811 -0.923888 0.104528 
vn -0.267528 -0.96355 0 
vn -0.266063 -0.958272 0.104528 
vn -0.161782 -0.986827 0 
vn -0.160896 -0.981421 0.104528 
vn -0.0541389 -0.998533 0 
vn -0.0538423 -0.993063 0.104528 
vn 0.0541389 -0.998533 0 
vn 0.0538423 -0.993063 0.104528 
vn 0.161782 -0.986827 0 
vn 0.160896 -0.981421 0.104528 
vn 0.267528 -0.96355 0 
vn 0.266063 -0.958272 0.104528 
vn 0.370138 -0.928977 0 
vn 0.36811 -0.923888 0.104528 
vn 0.468408 -0.883512 0 
vn 0.465842 -0.878672 0.104528 
vn 0.561187 -0.827689 0 
vn 0.558113 -0.823155 0.104528 
vn 0.647386 -0.762162 0 
vn 0.64384 -0.757987 0.104528 
vn 0.725995 -0.687699 0 
vn 0.722018 -0.683932 0.104528 
vn 0.796093 -0.605174 0 
vn 0.791732 -0.601859 0.104528 
vn 0.856857 -0.515554 0 
vn 0.852163 -0.51273 0.104528 
vn 0.907575 -0.419889 0 
vn 0.902604 -0.417589 0.104528 
vn 0.947653 -0.319302 0 
vn 0.942462 -0.317552 0.104528 
vn 0.976621 -0.21497 0 
vn 0.971271 -0.213793 0.104528 
vn 0.994138 -0.108119 0 
vn 0.988692 -0.107527 0.104528 
vn 0.978148 0 0.207912 
vn 0.972414 0.105756 0.207912 
vn 0.955279 0.210273 0.207912 
vn 0.926945 0.312324 0.207912 
vn 0.887743 0.410714 0.207912 
vn 0.838133 0.504288 0.207912 
vn 0.778697 0.59195 0.207912 
vn 0.710131 0.672672 0.207912 
vn 0.633239 0.745507 0.207912 
vn 0.548924 0.809602 0.207912 
vn 0.458173 0.864205 0.207912 
vn 0.36205 0.908676 0.207912 
vn 0.261682 0.942494 0.207912 
vn 0.158247 0.965262 0.207912 
vn 0.0529558 0.976713 0.207912 
vn -0.0529558 0.976713 0.207912 
vn -0.158247 0.965262 0.207912 
vn -0.261682 0.942494 0.207912 
vn -0.36205 0.908676 0.207912 
vn -0.458173 0.864205 0.207912 
vn -0.548924 0.809602 0.207912 
vn -0.633239 0.745507 0.207912 
vn -0.710131 0.672672 0.207912 
vn -0.778697 0.59195 0.207912 
vn -0.838133 0.504288 0.207912 
vn -0.887743 0.410714 0.207912 
vn -0.926945 0.312324 0.207912 
vn -0.955279 0.210273 0.207912 
vn -0.972414 0.105756 0.207912 
vn -0.978148 -2.03618e-16 0.207912 
vn -0.972414 -0.105756 0.207912 
vn -0.955279 -0.210273 0.207912 
vn -0.926945 -0.312324 0.207912 
vn -0.887743 -0.410714 0.207912 
vn -0.838133 -0.504288 0.207912 
vn -0.778697 -0.59195 0.207912 
vn -0.710131 -0.672672 0.207912 
vn -0.633239 -0.745507 0.207912 
vn -0.548924 -0.809602 0.207912 
vn -0.458173 -0.864205 0.207912 
vn -0.36205 -0.908676 0.207912 
vn -0.261682 -0.942494 0.207912 
vn -0.158247 -0.965262 0.207912 
vn -0.0529558 -0.976713 0.207912 
vn 0.0529558 -0.976713 0.207912 
vn 0.158247 -0.965262 0.207912 
vn 0.261682 -0.942494 0.207912 
vn 0.36205 -0.908676 0.207912 
vn 0.458173 -0.864205 0.207912 
vn 0.548924 -0.809602 0.207912 
vn 0.633239 -0.745507 0.207912 
vn 0.710131 -0.672672 0.207912 
vn 0.778697 -0.59195 0.207912 
vn 0.838133 -0.504288 0.207912 
vn 0.887743 -0.410714 0.207912 
vn 0.926945 -0.312324 0.207912 
vn 0.955279 -0.210273 0.207912 
vn 0.972414 -0.105756 0.207912 
vn 0.951057 0 0.309017 
vn 0.945481 0.102827 0.309017 
vn 0.928821 0.204449 0.309017 
vn 0.901272 0.303674 0.309017 
vn 0.863156 0.399338 0.309017 
vn 0.81492 0.490321 0.309017 
vn 0.757129 0.575555 0.309017 
vn 0.690463 0.654041 0.309017 
vn 0.615701 0.724859 0.309017 
vn 0.533721 0.787179 0.309017 
vn 0.445483 0.84027 0.309017 
vn 0.352022 0.883509 0.309017 
vn 0.254435 0.91639 0.309017 
vn 0.153864 0.938528 0.309017 
vn 0.0514892 0.949662 0.309017 
vn -0.0514892 0.949662 0.309017 
vn -0.153864 0.938528 0.309017 
vn -0.254435 0.91639 0.309017 
vn -0.352022 0.883509 0.309017 
vn -0.445483 0.84027 0.309017 
vn -0.533721 0.787179 0.309017 
vn -0.615701 0.724859 0.309017 
vn -0.690463 0.654041 0.309017 
vn -0.757129 0.575555 0.309017 
vn -0.81492 0.490321 0.309017 
vn -0.863156 0.399338 0.309017 
vn -0.901272 0.303674 0.309017 
vn -0.928821 0.204449 0.309017 
vn -0.945481 0.102827 0.309017 
vn -0.951057 -1.97978e-16 0.309017 
vn -0.945481 -0.102827 0.309017 
vn -0.928821 -0.204449 0.309017 
vn -0.901272 -0.303674 0.309017 
vn -0.863156 -0.399338 0.309017 
vn -0.81492 -0.490321 0.309017 
vn -0.757129 -0.575555 0.309017 
vn -0.690463 -0.654041 0.309017 
vn -0.615701 -0.724859 0.309017 
vn -0.533721 -0.787179 0.309017 
vn -0.445483 -0.84027 0.309017 
vn -0.352022 -0.883509 0.309017 
vn -0.254435 -0.91639 0.309017 
vn -0.153864 -0.938528 0.309017 
vn -0.0514892 -0.949662 0.309017 
vn 0.0514892 -0.949662 0.309017 
vn 0.153864 -0.938528 0.309017 
vn 0.254435 -0.91639 0.309017 
vn 0.352022 -0.883509 0.309017 
vn 0.445483 -0.84027 0.309017 
vn 0.533721 -0.787179 0.309017 
vn 0.615701 -0.724859 0.309017 
vn 0.690463 -0.654041 0.309017 
vn 0.757129 -0.575555 0.309017 
vn 0.81492 -0.490321 0.309017 
vn 0.863156 -0.399338 0.309017 
vn 0.901272 -0.303674 0.309017 
vn 0.928821 -0.204449 0.309017 
vn 0.945481 -0.102827 0.309017 
vn 0.913545 0 0.406737 
vn 0.90819 0.0987716 0.406737 
vn 0.892187 0.196385 0.406737 
vn 0.865724 0.291696 0.406737 
vn 0.829111 0.383588 0.406737 
vn 0.782778 0.470982 0.406737 
vn 0.727267 0.552854 0.406737 
vn 0.66323 0.628245 0.406737 
vn 0.591417 0.69627 0.406737 
vn 0.51267 0.756132 0.406737 
vn 0.427912 0.807128 0.406737 
vn 0.338138 0.848662 0.406737 
vn 0.244399 0.880247 0.406737 
vn 0.147795 0.901511 0.406737 
vn 0.0494584 0.912206 0.406737 
vn -0.0494584 0.912206 0.406737 
vn -0.147795 0.901511 0.406737 
vn -0.244399 0.880247 0.406737 
vn -0.338138 0.848662 0.406737 
vn -0.427912 0.807128 0.406737 
vn -0.51267 0.756132 0.406737 
vn -0.591417 0.69627 0.406737 
vn -0.66323 0.628245 0.406737 
vn -0.727267 0.552854 0.406737 
vn -0.782778 0.470982 0.406737 
vn -0.829111 0.383588 0.406737 
vn -0.865724 0.291696 0.406737 
vn -0.892187 0.196385 0.406737 
vn -0.90819 0.0987716 0.406737 
vn -0.913545 -1.9017e-16 0.406737 
vn -0.90819 -0.0987716 0.406737 
vn -0.892187 -0.196385 0.406737 
vn -0.865724 -0.291696 0.406737 
vn -0.829111 -0.383588 0.406737 
vn -0.782778 -0.470982 0.406737 
vn -0.727267 -0.552854 0.406737 
vn -0.66323 -0.628245 0.406737 
vn -0.591417 -0.69627 0.406737 
vn -0.51267 -0.756132 0.406737 
vn -0.427912 -0.807128 0.406737 
vn -0.338138 -0.848662 0.406737 
vn -0.244399 -0.880247 0.406737 
vn -0.147795 -0.901511 0.406737 
vn -0.0494584 -0.912206 0.406737 
vn 0.0494584 -0.912206 0.406737 
vn 0.147795 -0.901511 0.406737 
vn 0.244399 -0.880247 0.406737 
vn 0.338138 -0.848662 0.406737 
vn 0.427912 -0.807128 0.406737 
vn 0.51267 -0.756132 0.406737 
vn 0.591417 -0.69627 0.406737 
vn 0.66323 -0.628245 0.406737 
vn 0.727267 -0.552854 0.406737 
vn 0.782778 -0.470982 0.406737 
vn 0.829111 -0.383588 0.406737 
vn 0.865724 -0.291696 0.406737 
vn 0.892187 -0.196385 0.406737 
vn 0.90819 -0.0987716 0.406737 
vn 0.866025 0 0.5 
vn 0.860949 0.0936338 0.5 
vn 0.845778 0.18617 0.5 
vn 0.820692 0.276523 0.5 
vn 0.785983 0.363635 0.5 
vn 0.74206 0.446483 0.5 
vn 0.689437 0.524096 0.5 
vn 0.628731 0.595565 0.5 
vn 0.560653 0.660052 0.5 
vn 0.486002 0.7168 0.5 
vn 0.405654 0.765144 0.5 
vn 0.320549 0.804517 0.5 
vn 0.231686 0.834459 0.5 
vn 0.140107 0.854617 0.5 
vn 0.0468857 0.864755 0.5 
vn -0.0468857 0.864755 0.5 
vn -0.140107 0.854617 0.5 
vn -0.231686 0.834459 0.5 
vn -0.320549 0.804517 0.5 
vn -0.405654 0.765144 0.5 
vn -0.486002 0.7168 0.5 
vn -0.560653 0.660052 0.5 
vn -0.628731 0.595565 0.5 
vn -0.689437 0.524096 0.5 
vn -0.74206 0.446483 0.5 
vn -0.785983 0.363635 0.5 
vn -0.820692 0.276523 0.5 
vn -0.845778 0.18617 0.5 
vn -0.860949 0.0936338 0.5 
vn -0.866025 -1.80278e-16 0.5 
vn -0.860949 -0.0936338 0.5 
vn -0.845778 -0.18617 0.5 
vn -0.820692 -0.276523 0.5 
vn -0.785983 -0.363635 0.5 
vn -0.74206 -0.446483 0.5 
vn -0.689437 -0.524096 0.5 
vn -0.628731 -0.595565 0.5 
vn -0.560653 -0.660052 0.5 
vn -0.486002 -0.7168 0.5 
vn -0.405654 -0.765144 0.5 
vn -0.320549 -0.804517 0.5 
vn -0.231686 -0.834459 0.5 
vn -0.140107 -0.854617 0.5 
vn -0.0468857 -0.864755 0.5 
vn 0.0468857 -0.864755 0.5 
vn 0.140107 -0.854617 0.5 
vn 0.231686 -0.834459 0.5 
vn 0.320549 -0.804517 0.5 
vn 0.405654 -0.765144 0.5 
vn 0.486002 -0.7168 0.5 
vn 0.560653 -0.660052 0.5 
vn 0.628731 -0.595565 0.5 
vn 0.689437 -0.524096 0.5 
vn 0.74206 -0.446483 0.5 
vn 0.785983 -0.363635 0.5 
vn 0.820692 -0.276523 0.5 
vn 0.845778 -0.18617 0.5 
vn 0.860949 -0.0936338 0.5 
vn 0.809017 0 0.587785 
vn 0.804275 0.0874701 0.587785 
vn 0.790103 0.173915 0.587785 
vn 0.766668 0.25832 0.587785 
vn 0.734244 0.339697 0.587785 
vn 0.693212 0.417092 0.587785 
vn 0.644053 0.489596 0.587785 
vn 0.587343 0.556361 0.587785 
vn 0.523747 0.616602 0.587785 
vn 0.45401 0.669614 0.587785 
vn 0.37895 0.714776 0.587785 
vn 0.299448 0.751558 0.587785 
vn 0.216435 0.779528 0.587785 
vn 0.130884 0.798359 0.587785 
vn 0.0437993 0.807831 0.587785 
vn -0.0437993 0.807831 0.587785 
vn -0.130884 0.798359 0.587785 
vn -0.216435 0.779528 0.587785 
vn -0.299448 0.751558 0.587785 
vn -0.37895 0.714776 0.587785 
vn -0.45401 0.669614 0.587785 
vn -0.523747 0.616602 0.587785 
vn -0.587343 0.556361 0.587785 
vn -0.644053 0.489596 0.587785 
vn -0.693212 0.417092 0.587785 
vn -0.734244 0.339697 0.587785 
vn -0.766668 0.25832 0.587785 
vn -0.790103 0.173915 0.587785 
vn -0.804275 0.0874701 0.587785 
vn -0.809017 -1.6841e-16 0.587785 
vn -0.804275 -0.0874701 0.587785 
vn -0.790103 -0.173915 0.587785 
vn -0.766668 -0.25832 0.587785 
vn -0.734244 -0.339697 0.587785 
vn -0.693212 -0.417092 0.587785 
vn -0.644053 -0.489596 0.587785 
vn -0.587343 -0.556361 0.587785 
vn -0.523747 -0.616602 0.587785 
vn -0.45401 -0.669614 0.587785 
vn -0.37895 -0.714776 0.587785 
vn -0.299448 -0.751558 0.587785 
vn -0.216435 -0.779528 0.587785 
vn -0.130884 -0.798359 0.587785 
vn -0.0437993 -0.807831 0.587785 
vn 0.0437993 -0.807831 0.587785 
vn 0.130884 -0.798359 0.587785 
vn 0.216435 -0.779528 0.587785 
vn 0.299448 -0.751558 0.587785 
vn 0.37895 -0.714776 0.587785 
vn 0.45401 -0.669614 0.587785 
vn 0.523747 -0.616602 0.587785 
vn 0.587343 -0.556361 0.587785 
vn 0.644053 -0.489596 0.587785 
vn 0.693212 -0.417092 0.587785 
vn 0.734244 -0.339697 0.587785 
vn 0.766668 -0.25832 0.587785 
vn 0.790103 -0.173915 0.587785 
vn 0.804275 -0.0874701 0.587785 
vn 0.743145 0 0.669131 
vn 0.738788 0.0803481 0.669131 
vn 0.725771 0.159754 0.669131 
vn 0.704244 0.237287 0.669131 
vn 0.67446 0.312038 0.669131 
vn 0.636769 0.383131 0.669131 
vn 0.591612 0.449732 0.669131 
vn 0.53952 0.51106 0.669131 
vn 0.481102 0.566397 0.669131 
vn 0.417043 0.615093 0.669131 
vn 0.348095 0.656577 0.669131 
vn 0.275066 0.690364 0.669131 
vn 0.198812 0.716057 0.669131 
vn 0.120227 0.733355 0.669131 
vn 0.040233 0.742055 0.669131 
vn -0.040233 0.742055 0.669131 
vn -0.120227 0.733355 0.669131 
vn -0.198812 0.716057 0.669131 
vn -0.275066 0.690364 0.669131 
vn -0.348095 0.656577 0.669131 
vn -0.417043 0.615093 0.669131 
vn -0.481102 0.566397 0.669131 
vn -0.53952 0.51106 0.669131 
vn -0.591612 0.449732 0.669131 
vn -0.636769 0.383131 0.669131 
vn -0.67446 0.312038 0.669131 
vn -0.704244 0.237287 0.669131 
vn -0.725771 0.159754 0.669131 
vn -0.738788 0.0803481 0.669131 
vn -0.743145 -1.54698e-16 0.669131 
vn -0.738788 -0.0803481 0.669131 
vn -0.725771 -0.159754 0.669131 
vn -0.704244 -0.237287 0.669131 
vn -0.67446 -0.312038 0.669131 
vn -0.636769 -0.383131 0.669131 
vn -0.591612 -0.449732 0.669131 
vn -0.53952 -0.51106 0.669131 
vn -0.481102 -0.566397 0.669131 
vn -0.417043 -0.615093 0.669131 
vn -0.348095 -0.656577 0.669131 
vn -0.275066 -0.690364 0.669131 
vn -0.198812 -0.716057 0.669131 
vn -0.120227 -0.733355 0.669131 
vn -0.040233 -0.742055 0.669131 
vn 0.040233 -0.742055 0.669131 
vn 0.120227 -0.733355 0.669131 
vn 0.198812 -0.716057 0.669131 
vn 0.275066 -0.690364 0.669131 
vn 0.348095 -0.656577 0.669131 
vn 0.417043 -0.615093 0.669131 
vn 0.481102 -0.566397 0.669131 
vn 0.53952 -0.51106 0.669131 
vn 0.591612 -0.449732 0.669131 
vn 0.636769 -0.383131 0.669131 
vn 0.67446 -0.312038 0.669131 
vn 0.704244 -0.237287 0.669131 
vn 0.725771 -0.159754 0.669131 
vn 0.738788 -0.0803481 0.669131 
vn 0.669131 0 0.743145 
vn 0.665208 0.0723457 0.743145 
vn 0.653487 0.143843 0.743145 
vn 0.634104 0.213654 0.743145 
vn 0.607286 0.280961 0.743145 
vn 0.573349 0.344973 0.743145 
vn 0.53269 0.404941 0.743145 
vn 0.485786 0.460161 0.743145 
vn 0.433186 0.509986 0.743145 
vn 0.375507 0.553832 0.743145 
vn 0.313426 0.591185 0.743145 
vn 0.247671 0.621607 0.743145 
vn 0.179011 0.644741 0.743145 
vn 0.108253 0.660316 0.743145 
vn 0.036226 0.668149 0.743145 
vn -0.036226 0.668149 0.743145 
vn -0.108253 0.660316 0.743145 
vn -0.179011 0.644741 0.743145 
vn -0.247671 0.621607 0.743145 
vn -0.313426 0.591185 0.743145 
vn -0.375507 0.553832 0.743145 
vn -0.433186 0.509986 0.743145 
vn -0.485786 0.460161 0.743145 
vn -0.53269 0.404941 0.743145 
vn -0.573349 0.344973 0.743145 
vn -0.607286 0.280961 0.743145 
vn -0.634104 0.213654 0.743145 
vn -0.653487 0.143843 0.743145 
vn -0.665208 0.0723457 0.743145 
vn -0.669131 -1.39291e-16 0.743145 
vn -0.665208 -0.0723457 0.743145 
vn -0.653487 -0.143843 0.743145 
vn -0.634104 -0.213654 0.743145 
vn -0.607286 -0.280961 0.743145 
vn -0.573349 -0.344973 0.743145 
vn -0.53269 -0.404941 0.743145 
vn -0.485786 -0.460161 0.743145 
vn -0.433186 -0.509986 0.743145 
vn -0.375507 -0.553832 0.743145 
vn -0.313426 -0.591185 0.743145 
vn -0.247671 -0.621607 0.743145 
vn -0.179011 -0.644741 0.743145 
vn -0.108253 -0.660316 0.743145 
vn -0.036226 -0.668149 0.743145 
vn 0.036226 -0.668149 0.743145 
vn 0.108253 -0.660316 0.743145 
vn 0.179011 -0.644741 0.743145 
vn 0.247671 -0.621607 0.743145 
vn 0.313426 -0.591185 0.743145 
vn 0.375507 -0.553832 0.743145 
vn 0.433186 -0.509986 0.743145 
vn 0.485786 -0.460161 0.743145 
vn 0.53269 -0.404941 0.743145 
vn 0.573349 -0.344973 0.743145 
vn 0.607286 -0.280961 0.743145 
vn 0.634104 -0.213654 0.743145 
vn 0.653487 -0.143843 0.743145 
vn 0.665208 -0.0723457 0.743145 
vn 0.587785 0 0.809017 
vn 0.58434 0.0635508 0.809017 
vn 0.574043 0.126356 0.809017 
vn 0.557017 0.187681 0.809017 
vn 0.533459 0.246805 0.809017 
vn 0.503648 0.303035 0.809017 
vn 0.467932 0.355712 0.809017 
vn 0.426729 0.40422 0.809017 
vn 0.380524 0.447988 0.809017 
vn 0.329857 0.486503 0.809017 
vn 0.275324 0.519315 0.809017 
vn 0.217562 0.546039 0.809017 
vn 0.157249 0.56636 0.809017 
vn 0.0950931 0.580042 0.809017 
vn 0.0318221 0.586923 0.809017 
vn -0.0318221 0.586923 0.809017 
vn -0.0950931 0.580042 0.809017 
vn -0.157249 0.56636 0.809017 
vn -0.217562 0.546039 0.809017 
vn -0.275324 0.519315 0.809017 
vn -0.329857 0.486503 0.809017 
vn -0.380524 0.447988 0.809017 
vn -0.426729 0.40422 0.809017 
vn -0.467932 0.355712 0.809017 
vn -0.503648 0.303035 0.809017 
vn -0.533459 0.246805 0.809017 
vn -0.557017 0.187681 0.809017 
vn -0.574043 0.126356 0.809017 
vn -0.58434 0.0635508 0.809017 
vn -0.587785 -1.22357e-16 0.809017 
vn -0.58434 -0.0635508 0.809017 
vn -0.574043 -0.126356 0.809017 
vn -0.557017 -0.187681 0.809017 
vn -0.533459 -0.246805 0.809017 
vn -0.503648 -0.303035 0.809017 
vn -0.467932 -0.355712 0.809017 
vn -0.426729 -0.40422 0.809017 
vn -0.380524 -0.447988 0.809017 
vn -0.329857 -0.486503 0.809017 
vn -0.275324 -0.519315 0.809017 
vn -0.217562 -0.546039 0.809017 
vn -0.157249 -0.56636 0.809017 
vn -0.0950931 -0.580042 0.809017 
vn -0.0318221 -0.586923 0.809017 
vn 0.0318221 -0.586923 0.809017 
vn 0.0950931 -0.580042 0.809017 
vn 0.157249 -0.56636 0.809017 
vn 0.217562 -0.546039 0.809017 
vn 0.275324 -0.519315 0.809017 
vn 0.329857 -0.486503 0.809017 
vn 0.380524 -0.447988 0.809017 
vn 0.426729 -0.40422 0.809017 
vn 0.467932 -0.355712 0.809017 
vn 0.503648 -0.303035 0.809017 
vn 0.533459 -0.246805 0.809017 
vn 0.557017 -0.187681 0.809017 
vn 0.574043 -0.126356 0.809017 
vn 0.58434 -0.0635508 0.809017 
vn 0.5 0 0.866025 
vn 0.497069 0.0540595 0.866025 
vn 0.48831 0.107485 0.866025 
vn 0.473827 0.159651 0.866025 
vn 0.453788 0.209945 0.866025 
vn 0.428429 0.257777 0.866025 
vn 0.398047 0.302587 0.866025 
vn 0.362998 0.34385 0.866025 
vn 0.323693 0.381081 0.866025 
vn 0.280594 0.413844 0.866025 
vn 0.234204 0.441756 0.866025 
vn 0.185069 0.464488 0.866025 
vn 0.133764 0.481775 0.866025 
vn 0.080891 0.493413 0.866025 
vn 0.0270695 0.499267 0.866025 
vn -0.0270695 0.499267 0.866025 
vn -0.080891 0.493413 0.866025 
vn -0.133764 0.481775 0.866025 
vn -0.185069 0.464488 0.866025 
vn -0.234204 0.441756 0.866025 
vn -0.280594 0.413844 0.866025 
vn -0.323693 0.381081 0.866025 
vn -0.362998 0.34385 0.866025 
vn -0.398047 0.302587 0.866025 
vn -0.428429 0.257777 0.866025 
vn -0.453788 0.209945 0.866025 
vn -0.473827 0.159651 0.866025 
vn -0.48831 0.107485 0.866025 
vn -0.497069 0.0540595 0.866025 
vn -0.5 -1.04083e-16 0.866025 
vn -0.497069 -0.0540595 0.866025 
vn -0.48831 -0.107485 0.866025 
vn -0.473827 -0.159651 0.866025 
vn -0.453788 -0.209945 0.866025 
vn -0.428429 -0.257777 0.866025 
vn -0.398047 -0.302587 0.866025 
vn -0.362998 -0.34385 0.866025 
vn -0.323693 -0.381081 0.866025 
vn -0.280594 -0.413844 0.866025 
vn -0.234204 -0.441756 0.866025 
vn -0.185069 -0.464488 0.866025 
vn -0.133764 -0.481775 0.866025 
vn -0.080891 -0.493413 0.866025 
vn -0.0270695 -0.499267 0.866025 
vn 0.0270695 -0.499267 0.866025 
vn 0.080891 -0.493413 0.866025 
vn 0.133764 -0.481775 0.866025 
vn 0.185069 -0.464488 0.866025 
vn 0.234204 -0.441756 0.866025 
vn 0.280594 -0.413844 0.866025 
vn 0.323693 -0.381081 0.866025 
vn 0.362998 -0.34385 0.866025 
vn 0.398047 -0.302587 0.866025 
vn 0.428429 -0.257777 0.866025 
vn 0.453788 -0.209945 0.866025 
vn 0.473827 -0.159651 0.866025 
vn 0.48831 -0.107485 0.866025 
vn 0.497069 -0.0540595 0.866025 
vn 0.406737 0 0.913545 
vn 0.404352 0.043976 0.913545 
vn 0.397227 0.0874364 0.913545 
vn 0.385445 0.129872 0.913545 
vn 0.369144 0.170784 0.913545 
vn 0.348515 0.209695 0.913545 
vn 0.3238 0.246147 0.913545 
vn 0.295289 0.279713 0.913545 
vn 0.263316 0.309999 0.913545 
vn 0.228255 0.336651 0.913545 
vn 0.190519 0.359357 0.913545 
vn 0.150549 0.377849 0.913545 
vn 0.108814 0.391911 0.913545 
vn 0.0658027 0.401379 0.913545 
vn 0.0220203 0.40614 0.913545 
vn -0.0220203 0.40614 0.913545 
vn -0.0658027 0.401379 0.913545 
vn -0.108814 0.391911 0.913545 
vn -0.150549 0.377849 0.913545 
vn -0.190519 0.359357 0.913545 
vn -0.228255 0.336651 0.913545 
vn -0.263316 0.309999 0.913545 
vn -0.295289 0.279713 0.913545 
vn -0.3238 0.246147 0.913545 
vn -0.348515 0.209695 0.913545 
vn -0.369144 0.170784 0.913545 
vn -0.385445 0.129872 0.913545 
vn -0.397227 0.0874364 0.913545 
vn -0.404352 0.043976 0.913545 
vn -0.406737 -8.46691e-17 0.913545 
vn -0.404352 -0.043976 0.913545 
vn -0.397227 -0.0874364 0.913545 
vn -0.385445 -0.129872 0.913545 
vn -0.369144 -0.170784 0.913545 
vn -0.348515 -0.209695 0.913545 
vn -0.3238 -0.246147 0.913545 
vn -0.295289 -0.279713 0.913545 
vn -0.263316 -0.309999 0.913545 
vn -0.228255 -0.336651 0.913545 
vn -0.190519 -0.359357 0.913545 
vn -0.150549 -0.377849 0.913545 
vn -0.108814 -0.391911 0.913545 
vn -0.0658027 -0.401379 0.913545 
vn -0.0220203 -0.40614 0.913545 
vn 0.0220203 -0.40614 0.913545 
vn 0.0658027 -0.401379 0.913545 
vn 0.108814 -0.391911 0.913545 
vn 0.150549 -0.377849 0.913545 
vn 0.190519 -0.359357 0.913545 
vn 0.228255 -0.336651 0.913545 
vn 0.263316 -0.309999 0.913545 
vn 0.295289 -0.279713 0.913545 
vn 0.3238 -0.246147 0.913545 
vn 0.348515 -0.209695 0.913545 
vn 0.369144 -0.170784 0.913545 
vn 0.385445 -0.129872 0.913545 
vn 0.397227 -0.0874364 0.913545 
vn 0.404352 -0.043976 0.913545 
vn 0.309017 0 0.951057 
vn 0.307206 0.0334106 0.951057 
vn 0.301792 0.0664295 0.951057 
vn 0.292841 0.0986696 0.951057 
vn 0.280456 0.129753 0.951057 
vn 0.264783 0.159315 0.951057 
vn 0.246006 0.187009 0.951057 
vn 0.224345 0.212511 0.951057 
vn 0.200053 0.235521 0.951057 
vn 0.173416 0.25577 0.951057 
vn 0.144746 0.27302 0.951057 
vn 0.114379 0.28707 0.951057 
vn 0.0826708 0.297753 0.951057 
vn 0.0499934 0.304946 0.951057 
vn 0.0167298 0.308564 0.951057 
vn -0.0167298 0.308564 0.951057 
vn -0.0499934 0.304946 0.951057 
vn -0.0826708 0.297753 0.951057 
vn -0.114379 0.28707 0.951057 
vn -0.144746 0.27302 0.951057 
vn -0.173416 0.25577 0.951057 
vn -0.200053 0.235521 0.951057 
vn -0.224345 0.212511 0.951057 
vn -0.246006 0.187009 0.951057 
vn -0.264783 0.159315 0.951057 
vn -0.280456 0.129753 0.951057 
vn -0.292841 0.0986696 0.951057 
vn -0.301792 0.0664295 0.951057 
vn -0.307206 0.0334106 0.951057 
vn -0.309017 -6.43271e-17 0.951057 
vn -0.307206 -0.0334106 0.951057 
vn -0.301792 -0.0664295 0.951057 
vn -0.292841 -0.0986696 0.951057 
vn -0.280456 -0.129753 0.951057 
vn -0.264783 -0.159315 0.951057 
vn -0.246006 -0.187009 0.951057 
vn -0.224345 -0.212511 0.951057 
vn -0.200053 -0.235521 0.951057 
vn -0.173416 -0.25577 0.951057 
vn -0.144746 -0.27302 0.951057 
vn -0.114379 -0.28707 0.951057 
vn -0.0826708 -0.297753 0.951057 
vn -0.0499934 -0.304946 0.951057 
vn -0.0167298 -0.308564 0.951057 
vn 0.0167298 -0.308564 0.951057 
vn 0.0499934 -0.304946 0.951057 
vn 0.0826708 -0.297753 0.951057 
vn 0.114379 -0.28707 0.951057 
vn 0.144746 -0.27302 0.951057 
vn 0.173416 -0.25577 0.951057 
vn 0.200053 -0.235521 0.951057 
vn 0.224345 -0.212511 0.951057 
vn 0.246006 -0.187009 0.951057 
vn 0.264783 -0.159315 0.951057 
vn 0.280456 -0.129753 0.951057 
vn 0.292841 -0.0986696 0.951057 
vn 0.301792 -0.0664295 0.951057 
vn 0.307206 -0.0334106 0.951057 
vn 0.207912 0 0.978148 
vn 0.206693 0.0224792 0.978148 
vn 0.203051 0.0446949 0.978148 
vn 0.197028 0.0663865 0.978148 
vn 0.188696 0.0872999 0.978148 
vn 0.178151 0.10719 0.978148 
vn 0.165517 0.125823 0.978148 
vn 0.150943 0.142981 0.978148 
vn 0.134599 0.158462 0.978148 
vn 0.116677 0.172086 0.978148 
vn 0.0973876 0.183692 0.978148 
vn 0.076956 0.193145 0.978148 
vn 0.0556223 0.200333 0.978148 
vn 0.0336364 0.205173 0.978148 
vn 0.0112561 0.207607 0.978148 
vn -0.0112561 0.207607 0.978148 
vn -0.0336364 0.205173 0.978148 
vn -0.0556223 0.200333 0.978148 
vn -0.076956 0.193145 0.978148 
vn -0.0973876 0.183692 0.978148 
vn -0.116677 0.172086 0.978148 
vn -0.134599 0.158462 0.978148 
vn -0.150943 0.142981 0.978148 
vn -0.165517 0.125823 0.978148 
vn -0.178151 0.10719 0.978148 
vn -0.188696 0.0872999 0.978148 
vn -0.197028 0.0663865 0.978148 
vn -0.203051 0.0446949 0.978148 
vn -0.206693 0.0224792 0.978148 
vn -0.207912 -4.32803e-17 0.978148 
vn -0.206693 -0.0224792 0.978148 
vn -0.203051 -0.0446949 0.978148 
vn -0.197028 -0.0663865 0.978148 
vn -0.188696 -0.0872999 0.978148 
vn -0.178151 -0.10719 0.978148 
vn -0.165517 -0.125823 0.978148 
vn -0.150943 -0.142981 0.978148 
vn -0.134599 -0.158462 0.978148 
vn -0.116677 -0.172086 0.978148 
vn -0.0973876 -0.183692 0.978148 
vn -0.076956 -0.193145 0.978148 
vn -0.0556223 -0.200333 0.978148 
vn -0.0336364 -0.205173 0.978148 
vn -0.0112561 -0.207607 0.978148 
vn 0.0112561 -0.207607 0.978148 
vn 0.0336364 -0.205173 0.978148 
vn 0.0556223 -0.200333 0.978148 
vn 0.076956 -0.193145 0.978148 
vn 0.0973876 -0.183692 0.978148 
vn 0.116677 -0.172086 0.978148 
vn 0.134599 -0.158462 0.978148 
vn 0.150943 -0.142981 0.978148 
vn 0.165517 -0.125823 0.978148 
vn 0.178151 -0.10719 0.978148 
vn 0.188696 -0.0872999 0.978148 
vn 0.197028 -0.0663865 0.978148 
vn 0.203051 -0.0446949 0.978148 
vn 0.206693 -0.0224792 0.978148 
vn 0.104528 0 0.994522 
vn 0.103916 0.0113015 0.994522 
vn 0.102085 0.0224705 0.994522 
vn 0.0990567 0.0333761 0.994522 
vn 0.0948675 0.0438904 0.994522 
vn 0.089566 0.0538901 0.994522 
vn 0.0832144 0.0632579 0.994522 
vn 0.0758872 0.0718842 0.994522 
vn 0.0676703 0.0796676 0.994522 
vn 0.05866 0.0865171 0.994522 
vn 0.048962 0.0923522 0.994522 
vn 0.03869 0.0971045 0.994522 
vn 0.0279643 0.100718 0.994522 
vn 0.0169108 0.103151 0.994522 
vn 0.00565906 0.104375 0.994522 
vn -0.00565906 0.104375 0.994522 
vn -0.0169108 0.103151 0.994522 
vn -0.0279643 0.100718 0.994522 
vn -0.03869 0.0971045 0.994522 
vn -0.048962 0.0923522 0.994522 
vn -0.05866 0.0865171 0.994522 
vn -0.0676703 0.0796676 0.994522 
vn -0.0758872 0.0718842 0.994522 
vn -0.0832144 0.0632579 0.994522 
vn -0.089566 0.0538901 0.994522 
vn -0.0948675 0.0438904 0.994522 
vn -0.0990567 0.0333761 0.994522 
vn -0.102085 0.0224705 0.994522 
vn -0.103916 0.0113015 0.994522 
vn -0.104528 -2.17594e-17 0.994522 
vn -0.103916 -0.0113015 0.994522 
vn -0.102085 -0.0224705 0.994522 
vn -0.0990567 -0.0333761 0.994522 
vn -0.0948675 -0.0438904 0.994522 
vn -0.089566 -0.0538901 0.994522 
vn -0.0832144 -0.0632579 0.994522 
vn -0.0758872 -0.0718842 0.994522 
vn -0.0676703 -0.0796676 0.994522 
vn -0.05866 -0.0865171 0.994522 
vn -0.048962 -0.0923522 0.994522 
vn -0.03869 -0.0971045 0.994522 
vn -0.0279643 -0.100718 0.994522 
vn -0.0169108 -0.103151 0.994522 
vn -0.00565906 -0.104375 0.994522 
vn 0.00565906 -0.104375 0.994522 
vn 0.0169108 -0.103151 0.994522 
vn 0.0279643 -0.100718 0.994522 
vn 0.03869 -0.0971045 0.994522 
vn 0.048962 -0.0923522 0.994522 
vn 0.05866 -0.0865171 0.994522 
vn 0.0676703 -0.0796676 0.994522 
vn 0.0758872 -0.0718842 0.994522 
vn 0.0832144 -0.0632579 0.994522 
vn 0.089566 -0.0538901 0.994522 
vn 0.0948675 -0.0438904 0.994522 
vn 0.0990567 -0.0333761 0.994522 
vn 0.102085 -0.0224705 0.994522 
vn 0.103916 -0.0113015 0.994522 
vn 6.12323e-17 0 1 
vn 0.104528 0 -0.994522 
vn 6.12323e-17 0 -1 
vn 0.103916 0.0113015 -0.994522 
vn 0.102085 0.0224705 -0.994522 
vn 5.8027e-17 1.95516e-17 -1 
vn 0.0990567 0.0333761 -0.994522 
vn 0.0948675 0.0438904 -0.994522 
vn 5.24674e-17 3.15686e-17 -1 
vn 0.089566 0.0538901 -0.994522 
vn 0.0832144 0.0632579 -0.994522 
vn 4.44544e-17 4.21094e-17 -1 
vn 0.0758872 0.0718842 -0.994522 
vn 0.0676703 0.0796676 -0.994522 
vn 3.43628e-17 5.06813e-17 -1 
vn 0.05866 0.0865171 -0.994522 
vn 0.048962 0.0923522 -0.994522 
vn 2.26644e-17 5.68834e-17 -1 
vn 0.03869 0.0971045 -0.994522 
vn 0.0279643 0.100718 -0.994522 
vn 9.90629e-18 6.04257e-17 -1 
vn 0.0169108 0.103151 -0.994522 
vn 0.00565906 0.104375 -0.994522 
vn -3.31505e-18 6.11425e-17 -1 
vn -0.00565906 0.104375 -0.994522 
vn -0.0169108 0.103151 -0.994522 
vn -1.63814e-17 5.90004e-17 -1 
vn -0.0279643 0.100718 -0.994522 
vn -0.03869 0.0971045 -0.994522 
vn -2.86817e-17 5.40995e-17 -1 
vn -0.048962 0.0923522 -0.994522 
vn -0.05866 0.0865171 -0.994522 
vn -3.9641e-17 4.6669e-17 -1 
vn -0.0676703 0.0796676 -0.994522 
vn -0.0758872 0.0718842 -0.994522 
vn -4.87466e-17 3.70562e-17 -1 
vn -0.0832144 0.0632579 -0.994522 
vn -0.089566 0.0538901 -0.994522 
vn -5.5573e-17 2.57108e-17 -1 
vn -0.0948675 0.0438904 -0.994522 
vn -0.0990567 0.0333761 -0.994522 
vn -5.98008e-17 1.31631e-17 -1 
vn -0.102085 0.0224705 -0.994522 
vn -0.103916 0.0113015 -0.994522 
vn -6.12323e-17 -1.27465e-32 -1 
vn -0.104528 -2.17594e-17 -0.994522 
vn -0.103916 -0.0113015 -0.994522 
vn -5.98008e-17 -1.31631e-17 -1 
vn -0.102085 -0.0224705 -0.994522 
vn -0.0990567 -0.0333761 -0.994522 
vn -5.5573e-17 -2.57108e-17 -1 
vn -0.0948675 -0.0438904 -0.994522 
vn -0.089566 -0.0538901 -0.994522 
vn -4.87466e-17 -3.70562e-17 -1 
vn -0.0832144 -0.0632579 -0.994522 
vn -0.0758872 -0.0718842 -0.994522 
vn -3.9641e-17 -4.6669e-17 -1 
vn -0.0676703 -0.0796676 -0.994522 
vn -0.05866 -0.0865171 -0.994522 
vn -2.86817e-17 -5.40995e-17 -1 
vn -0.048962 -0.0923522 -0.994522 
vn -0.03869 -0.0971045 -0.994522 
vn -1.63814e-17 -5.90004e-17 -1 
vn -0.0279643 -0.100718 -0.994522 
vn -0.0169108 -0.103151 -0.994522 
vn -3.31505e-18 -6.11425e-17 -1 
vn -0.00565906 -0.104375 -0.994522 
vn 0.00565906 -0.104375 -0.994522 
vn 9.90629e-18 -6.04257e-17 -1 
vn 0.0169108 -0.103151 -0.994522 
vn 0.0279643 -0.100718 -0.994522 
vn 2.26644e-17 -5.68834e-17 -1 
vn 0.03869 -0.0971045 -0.994522 
vn 0.048962 -0.0923522 -0.994522 
vn 3.43628e-17 -5.06813e-17 -1 
vn 0.05866 -0.0865171 -0.994522 
vn 0.0676703 -0.0796676 -0.994522 
vn 4.44544e-17 -4.21094e-17 -1 
vn 0.0758872 -0.0718842 -0.994522 
vn 0.0832144 -0.0632579 -0.994522 
vn 5.24674e-17 -3.15686e-17 -1 
vn 0.089566 -0.0538901 -0.994522 
vn 0.0948675 -0.0438904 -0.994522 
vn 5.8027e-17 -1.95516e-17 -1 
vn 0.0990567 -0.0333761 -0.994522 
vn 0.102085 -0.0224705 -0.994522 
vn 6.08734e-17 -6.62038e-18 -1 
vn 0.103916 -0.0113015 -0.994522 
vn 0.207912 0 -0.978148 
vn 0.206693 0.0224792 -0.978148 
vn 0.203051 0.0446949 -0.978148 
vn 0.197028 0.0663865 -0.978148 
vn 0.188696 0.0872999 -0.978148 
vn 0.178151 0.10719 -0.978148 
vn 0.165517 0.125823 -0.978148 
vn 0.150943 0.142981 -0.978148 
vn 0.134599 0.158462 -0.978148 
vn 0.116677 0.172086 -0.978148 
vn 0.0973876 0.183692 -0.978148 
vn 0.076956 0.193145 -0.978148 
vn 0.0556223 0.200333 -0.978148 
vn 0.0336364 0.205173 -0.978148 
vn 0.0112561 0.207607 -0.978148 
vn -0.0112561 0.207607 -0.978148 
vn -0.0336364 0.205173 -0.978148 
vn -0.0556223 0.200333 -0.978148 
vn -0.076956 0.193145 -0.978148 
vn -0.0973876 0.183692 -0.978148 
vn -0.116677 0.172086 -0.978148 
vn -0.134599 0.158462 -0.978148 
vn -0.150943 0.142981 -0.978148 
vn -0.165517 0.125823 -0.978148 
vn -0.178151 0.10719 -0.978148 
vn -0.188696 0.0872999 -0.978148 
vn -0.197028 0.0663865 -0.978148 
vn -0.203051 0.0446949 -0.978148 
vn -0.206693 0.0224792 -0.978148 
vn -0.207912 -4.32803e-17 -0.978148 
vn -0.206693 -0.0224792 -0.978148 
vn -0.203051 -0.0446949 -0.978148 
vn -0.197028 -0.0663865 -0.978148 
vn -0.188696 -0.0872999 -0.978148 
vn -0.178151 -0.10719 -0.978148 
vn -0.165517 -0.125823 -0.978148 
vn -0.150943 -0.142981 -0.978148 
vn -0.134599 -0.158462 -0.978148 
vn -0.116677 -0.172086 -0.978148 
vn -0.0973876 -0.183692 -0.978148 
vn -0.076956 -0.193145 -0.978148 
vn -0.0556223 -0.200333 -0.978148 
vn -0.0336364 -0.205173 -0.978148 
vn -0.0112561 -0.207607 -0.978148 
vn 0.0112561 -0.207607 -0.978148 
vn 0.0336364 -0.205173 -0.978148 
vn 0.0556223 -0.200333 -0.978148 
vn 0.076956 -0.193145 -0.978148 
vn 0.0973876 -0.183692 -0.978148 
vn 0.116677 -0.172086 -0.978148 
vn 0.134599 -0.158462 -0.978148 
vn 0.150943 -0.142981 -0.978148 
vn 0.165517 -0.125823 -0.978148 
vn 0.178151 -0.10719 -0.978148 
vn 0.188696 -0.0872999 -0.978148 
vn 0.197028 -0.0663865 -0.978148 
vn 0.203051 -0.0446949 -0.978148 
vn 0.206693 -0.0224792 -0.978148 
vn 0.309017 0 -0.951057 
vn 0.307206 0.0334106 -0.951057 
vn 0.301792 0.0664295 -0.951057 
vn 0.292841 0.0986696 -0.951057 
vn 0.280456 0.129753 -0.951057 
vn 0.264783 0.159315 -0.951057 
vn 0.246006 0.187009 -0.951057 
vn 0.224345 0.212511 -0.951057 
vn 0.200053 0.235521 -0.951057 
vn 0.173416 0.25577 -0.951057 
vn 0.144746 0.27302 -0.951057 
vn 0.114379 0.28707 -0.951057 
vn 0.0826708 0.297753 -0.951057 
vn 0.0499934 0.304946 -0.951057 
vn 0.0167298 0.308564 -0.951057 
vn -0.0167298 0.308564 -0.951057 
vn -0.0499934 0.304946 -0.951057 
vn -0.0826708 0.297753 -0.951057 
vn -0.114379 0.28707 -0.951057 
vn -0.144746 0.27302 -0.951057 
vn -0.173416 0.25577 -0.951057 
vn -0.200053 0.235521 -0.951057 
vn -0.224345 0.212511 -0.951057 
vn -0.246006 0.187009 -0.951057 
vn -0.264783 0.159315 -0.951057 
vn -0.280456 0.129753 -0.951057 
vn -0.292841 0.0986696 -0.951057 
vn -0.301792 0.0664295 -0.951057 
vn -0.307206 0.0334106 -0.951057 
vn -0.309017 -6.43271e-17 -0.951057 
vn -0.307206 -0.0334106 -0.951057 
vn -0.301792 -0.0664295 -0.951057 
vn -0.292841 -0.0986696 -0.951057 
vn -0.280456 -0.129753 -0.951057 
vn -0.264783 -0.159315 -0.951057 
vn -0.246006 -0.187009 -0.951057 
vn -0.224345 -0.212511 -0.951057 
vn -0.200053 -0.235521 -0.951057 
vn -0.173416 -0.25577 -0.951057 
vn -0.144746 -0.27302 -0.951057 
vn -0.114379 -0.28707 -0.951057 
vn -0.0826708 -0.297753 -0.951057 
vn -0.0499934 -0.304946 -0.951057 
vn -0.0167298 -0.308564 -0.951057 
vn 0.0167298 -0.308564 -0.951057 
vn 0.0499934 -0.304946 -0.951057 
vn 0.0826708 -0.297753 -0.951057 
vn 0.114379 -0.28707 -0.951057 
vn 0.144746 -0.27302 -0.951057 
vn 0.173416 -0.25577 -0.951057 
vn 0.200053 -0.235521 -0.951057 
vn 0.224345 -0.212511 -0.951057 
vn 0.246006 -0.187009 -0.951057 
vn 0.264783 -0.159315 -0.951057 
vn 0.280456 -0.129753 -0.951057 
vn 0.292841 -0.0986696 -0.951057 
vn 0.301792 -0.0664295 -0.951057 
vn 0.307206 -0.0334106 -0.951057 
vn 0.406737 0 -0.913545 
vn 0.404352 0.043976 -0.913545 
vn 0.397227 0.0874364 -0.913545 
vn 0.385445 0.129872 -0.913545 
vn 0.369144 0.170784 -0.913545 
vn 0.348515 0.209695 -0.913545 
vn 0.3238 0.246147 -0.913545 
vn 0.295289 0.279713 -0.913545 
vn 0.263316 0.309999 -0.913545 
vn 0.228255 0.336651 -0.913545 
vn 0.190519 0.359357 -0.913545 
vn 0.150549 0.377849 -0.913545 
vn 0.108814 0.391911 -0.913545 
vn 0.0658027 0.401379 -0.913545 
vn 0.0220203 0.40614 -0.913545 
vn -0.0220203 0.40614 -0.913545 
vn -0.0658027 0.401379 -0.913545 
vn -0.108814 0.391911 -0.913545 
vn -0.150549 0.377849 -0.913545 
vn -0.190519 0.359357 -0.913545 
vn -0.228255 0.336651 -0.913545 
vn -0.263316 0.309999 -0.913545 
vn -0.295289 0.279713 -0.913545 
vn -0.3238 0.246147 -0.913545 
vn -0.348515 0.209695 -0.913545 
vn -0.369144 0.170784 -0.913545 
vn -0.385445 0.129872 -0.913545 
vn -0.397227 0.0874364 -0.913545 
vn -0.404352 0.043976 -0.913545 
vn -0.406737 -8.46691e-17 -0.913545 
vn -0.404352 -0.043976 -0.913545 
vn -0.397227 -0.0874364 -0.913545 
vn -0.385445 -0.129872 -0.913545 
vn -0.369144 -0.170784 -0.913545 
vn -0.348515 -0.209695 -0.913545 
vn -0.3238 -0.246147 -0.913545 
vn -0.295289 -0.279713 -0.913545 
vn -0.263316 -0.309999 -0.913545 
vn -0.228255 -0.336651 -0.913545 
vn -0.190519 -0.359357 -0.913545 
vn -0.150549 -0.377849 -0.913545 
vn -0.108814 -0.391911 -0.913545 
vn -0.0658027 -0.401379 -0.913545 
vn -0.0220203 -0.40614 -0.913545 
vn 0.0220203 -0.40614 -0.913545 
vn 0.0658027 -0.401379 -0.913545 
vn 0.108814 -0.391911 -0.913545 
vn 0.150549 -0.377849 -0.913545 
vn 0.190519 -0.359357 -0.913545 
vn 0.228255 -0.336651 -0.913545 
vn 0.263316 -0.309999 -0.913545 
vn 0.295289 -0.279713 -0.913545 
vn 0.3238 -0.246147 -0.913545 
vn 0.348515 -0.209695 -0.913545 
vn 0.369144 -0.170784 -0.913545 
vn 0.385445 -0.129872 -0.913545 
vn 0.397227 -0.0874364 -0.913545 
vn 0.404352 -0.043976 -0.913545 
vn 0.5 0 -0.866025 
vn 0.497069 0.0540595 -0.866025 
vn 0.48831 0.107485 -0.866025 
vn 0.473827 0.159651 -0.866025 
vn 0.453788 0.209945 -0.866025 
vn 0.428429 0.257777 -0.866025 
vn 0.398047 0.302587 -0.866025 
vn 0.362998 0.34385 -0.866025 
vn 0.323693 0.381081 -0.866025 
vn 0.280594 0.413844 -0.866025 
vn 0.234204 0.441756 -0.866025 
vn 0.185069 0.464488 -0.866025 
vn 0.133764 0.481775 -0.866025 
vn 0.080891 0.493413 -0.866025 
vn 0.0270695 0.499267 -0.866025 
vn -0.0270695 0.499267 -0.866025 
vn -0.080891 0.493413 -0.866025 
vn -0.133764 0.481775 -0.866025 
vn -0.185069 0.464488 -0.866025 
vn -0.234204 0.441756 -0.866025 
vn -0.280594 0.413844 -0.866025 
vn -0.323693 0.381081 -0.866025 
vn -0.362998 0.34385 -0.866025 
vn -0.398047 0.302587 -0.866025 
vn -0.428429 0.257777 -0.866025 
vn -0.453788 0.209945 -0.866025 
vn -0.473827 0.159651 -0.866025 
vn -0.48831 0.107485 -0.866025 
vn -0.497069 0.0540595 -0.866025 
vn -0.5 -1.04083e-16 -0.866025 
vn -0.497069 -0.0540595 -0.866025 
vn -0.48831 -0.107485 -0.866025 
vn -0.473827 -0.159651 -0.866025 
vn -0.453788 -0.209945 -0.866025 
vn -0.428429 -0.257777 -0.866025 
vn -0.398047 -0.302587 -0.866025 
vn -0.362998 -0.34385 -0.866025 
vn -0.323693 -0.381081 -0.866025 
vn -0.280594 -0.413844 -0.866025 
vn -0.234204 -0.441756 -0.866025 
vn -0.185069 -0.464488 -0.866025 
vn -0.133764 -0.481775 -0.866025 
vn -0.080891 -0.493413 -0.866025 
vn -0.0270695 -0.499267 -0.866025 
vn 0.0270695 -0.499267 -0.866025 
vn 0.080891 -0.493413 -0.866025 
vn 0.133764 -0.481775 -0.866025 
vn 0.185069 -0.464488 -0.866025 
vn 0.234204 -0.441756 -0.866025 
vn 0.280594 -0.413844 -0.866025 
vn 0.323693 -0.381081 -0.866025 
vn 0.362998 -0.34385 -0.866025 
vn 0.398047 -0.302587 -0.866025 
vn 0.428429 -0.257777 -0.866025 
vn 0.453788 -0.209945 -0.866025 
vn 0.473827 -0.159651 -0.866025 
vn 0.48831 -0.107485 -0.866025 
vn 0.497069 -0.0540595 -0.866025 
vn 0.587785 0 -0.809017 
vn 0.58434 0.0635508 -0.809017 
vn 0.574043 0.126356 -0.809017 
vn 0.557017 0.187681 -0.809017 
vn 0.533459 0.246805 -0.809017 
vn 0.503648 0.303035 -0.809017 
vn 0.467932 0.355712 -0.809017 
vn 0.426729 0.40422 -0.809017 
vn 0.380524 0.447988 -0.809017 
vn 0.329857 0.486503 -0.809017 
vn 0.275324 0.519315 -0.809017 
vn 0.217562 0.546039 -0.809017 
vn 0.157249 0.56636 -0.809017 
vn 0.0950931 0.580042 -0.809017 
vn 0.0318221 0.586923 -0.809017 
vn -0.0318221 0.586923 -0.809017 
vn -0.0950931 0.580042 -0.809017 
vn -0.157249 0.56636 -0.809017 
vn -0.217562 0.546039 -0.809017 
vn -0.275324 0.519315 -0.809017 
vn -0.329857 0.486503 -0.809017 
vn -0.380524 0.447988 -0.809017 
vn -0.426729 0.40422 -0.809017 
vn -0.467932 0.355712 -0.809017 
vn -0.503648 0.303035 -0.809017 
vn -0.533459 0.246805 -0.809017 
vn -0.557017 0.187681 -0.809017 
vn -0.574043 0.126356 -0.809017 
vn -0.58434 0.0635508 -0.809017 
vn -0.587785 -1.22357e-16 -0.809017 
vn -0.58434 -0.0635508 -0.809017 
vn -0.574043 -0.126356 -0.809017 
vn -0.557017 -0.187681 -0.809017 
vn -0.533459 -0.246805 -0.809017 
vn -0.503648 -0.303035 -0.809017 
vn -0.467932 -0.355712 -0.809017 
vn -0.426729 -0.40422 -0.809017 
vn -0.380524 -0.447988 -0.809017 
vn -0.329857 -0.486503 -0.809017 
vn -0.275324 -0.519315 -0.809017 
vn -0.217562 -0.546039 -0.809017 
vn -0.157249 -0.56636 -0.809017 
vn -0.0950931 -0.580042 -0.809017 
vn -0.0318221 -0.586923 -0.809017 
vn 0.0318221 -0.586923 -0.809017 
vn 0.0950931 -0.580042 -0.809017 
vn 0.157249 -0.56636 -0.809017 
vn 0.217562 -0.546039 -0.809017 
vn 0.275324 -0.519315 -0.809017 
vn 0.329857 -0.486503 -0.809017 
vn 0.380524 -0.447988 -0.809017 
vn 0.426729 -0.40422 -0.809017 
vn 0.467932 -0.355712 -0.809017 
vn 0.503648 -0.303035 -0.809017 
vn 0.533459 -0.246805 -0.809017 
vn 0.557017 -0.187681 -0.809017 
vn 0.574043 -0.126356 -0.809017 
vn 0.58434 -0.0635508 -0.809017 
vn 0.669131 0 -0.743145 
vn 0.665208 0.0723457 -0.743145 
vn 0.653487 0.143843 -0.743145 
vn 0.634104 0.213654 -0.743145 
vn 0.607286 0.280961 -0.743145 
vn 0.573349 0.344973 -0.743145 
vn 0.53269 0.404941 -0.743145 
vn 0.485786 0.460161 -0.743145 
vn 0.433186 0.509986 -0.743145 
vn 0.375507 0.553832 -0.743145 
vn 0.313426 0.591185 -0.743145 
vn 0.247671 0.621607 -0.743145 
vn 0.179011 0.644741 -0.743145 
vn 0.108253 0.660316 -0.743145 
vn 0.036226 0.668149 -0.743145 
vn -0.036226 0.668149 -0.743145 
vn -0.108253 0.660316 -0.743145 
vn -0.179011 0.644741 -0.743145 
vn -0.247671 0.621607 -0.743145 
vn -0.313426 0.591185 -0.743145 
vn -0.375507 0.553832 -0.743145 
vn -0.433186 0.509986 -0.743145 
vn -0.485786 0.460161 -0.743145 
vn -0.53269 0.404941 -0.743145 
vn -0.573349 0.344973 -0.743145 
vn -0.607286 0.280961 -0.743145 
vn -0.634104 0.213654 -0.743145 
vn -0.653487 0.143843 -0.743145 
vn -0.665208 0.0723457 -0.743145 
vn -0.669131 -1.39291e-16 -0.743145 
vn -0.665208 -0.0723457 -0.743145 
vn -0.653487 -0.143843 -0.743145 
vn -0.634104 -0.213654 -0.743145 
vn -0.607286 -0.280961 -0.743145 
vn -0.573349 -0.344973 -0.743145 
vn -0.53269 -0.404941 -0.743145 
vn -0.485786 -0.460161 -0.743145 
vn -0.433186 -0.509986 -0.743145 
vn -0.375507 -0.553832 -0.743145 
vn -0.313426 -0.591185 -0.743145 
vn -0.247671 -0.621607 -0.743145 
vn -0.179011 -0.644741 -0.743145 
vn -0.108253 -0.660316 -0.743145 
vn -0.036226 -0.668149 -0.743145 
vn 0.036226 -0.668149 -0.743145 
vn 0.108253 -0.660316 -0.743145 
vn 0.179011 -0.644741 -0.743145 
vn 0.247671 -0.621607 -0.743145 
vn 0.313426 -0.591185 -0.743145 
vn 0.375507 -0.553832 -0.743145 
vn 0.433186 -0.509986 -0.743145 
vn 0.485786 -0.460161 -0.743145 
vn 0.53269 -0.404941 -0.743145 
vn 0.573349 -0.344973 -0.743145 
vn 0.607286 -0.280961 -0.743145 
vn 0.634104 -0.213654 -0.743145 
vn 0.653487 -0.143843 -0.743145 
vn 0.665208 -0.0723457 -0.743145 
vn 0.743145 0 -0.669131 
vn 0.738788 0.0803481 -0.669131 
vn 0.725771 0.159754 -0.669131 
vn 0.704244 0.237287 -0.669131 
vn 0.67446 0.312038 -0.669131 
vn 0.636769 0.383131 -0.669131 
vn 0.591612 0.449732 -0.669131 
vn 0.53952 0.51106 -0.669131 
vn 0.481102 0.566397 -0.669131 
vn 0.417043 0.615093 -0.669131 
vn 0.348095 0.656577 -0.669131 
vn 0.275066 0.690364 -0.669131 
vn 0.198812 0.716057 -0.669131 
vn 0.120227 0.733355 -0.669131 
vn 0.040233 0.742055 -0.669131 
vn -0.040233 0.742055 -0.669131 
vn -0.120227 0.733355 -0.669131 
vn -0.198812 0.716057 -0.669131 
vn -0.275066 0.690364 -0.669131 
vn -0.348095 0.656577 -0.669131 
vn -0.417043 0.615093 -0.669131 
vn -0.481102 0.566397 -0.669131 
vn -0.53952 0.51106 -0.669131 
vn -0.591612 0.449732 -0.669131 
vn -0.636769 0.383131 -0.669131 
vn -0.67446 0.312038 -0.669131 
vn -0.704244 0.237287 -0.669131 
vn -0.725771 0.159754 -0.669131 
vn -0.738788 0.0803481 -0.669131 
vn -0.743145 -1.54698e-16 -0.669131 
vn -0.738788 -0.0803481 -0.669131 
vn -0.725771 -0.159754 -0.669131 
vn -0.704244 -0.237287 -0.669131 
vn -0.67446 -0.312038 -0.669131 
vn -0.636769 -0.383131 -0.669131 
vn -0.591612 -0.449732 -0.669131 
vn -0.53952 -0.51106 -0.669131 
vn -0.481102 -0.566397 -0.669131 
vn -0.417043 -0.615093 -0.669131 
vn -0.348095 -0.656577 -0.669131 
vn -0.275066 -0.690364 -0.669131 
vn -0.198812 -0.716057 -0.669131 
vn -0.120227 -0.733355 -0.669131 
vn -0.040233 -0.742055 -0.669131 
vn 0.040233 -0.742055 -0.669131 
vn 0.120227 -0.733355 -0.669131 
vn 0.198812 -0.716057 -0.669131 
vn 0.275066 -0.690364 -0.669131 
vn 0.348095 -0.656577 -0.669131 
vn 0.417043 -0.615093 -0.669131 
vn 0.481102 -0.566397 -0.669131 
vn 0.53952 -0.51106 -0.669131 
vn 0.591612 -0.449732 -0.669131 
vn 0.636769 -0.383131 -0.669131 
vn 0.67446 -0.312038 -0.669131 
vn 0.704244 -0.237287 -0.669131 
vn 0.725771 -0.159754 -0.669131 
vn 0.738788 -0.0803481 -0.669131 
vn 0.809017 0 -0.587785 
vn 0.804275 0.0874701 -0.587785 
vn 0.790103 0.173915 -0.587785 
vn 0.766668 0.25832 -0.587785 
vn 0.734244 0.339697 -0.587785 
vn 0.693212 0.417092 -0.587785 
vn 0.644053 0.489596 -0.587785 
vn 0.587343 0.556361 -0.587785 
vn 0.523747 0.616602 -0.587785 
vn 0.45401 0.669614 -0.587785 
vn 0.37895 0.714776 -0.587785 
vn 0.299448 0.751558 -0.587785 
vn 0.216435 0.779528 -0.587785 
vn 0.130884 0.798359 -0.587785 
vn 0.0437993 0.807831 -0.587785 
vn -0.0437993 0.807831 -0.587785 
vn -0.130884 0.798359 -0.587785 
vn -0.216435 0.779528 -0.587785 
vn -0.299448 0.751558 -0.587785 
vn -0.37895 0.714776 -0.587785 
vn -0.45401 0.669614 -0.587785 
vn -0.523747 0.616602 -0.587785 
vn -0.587343 0.556361 -0.587785 
vn -0.644053 0.489596 -0.587785 
vn -0.693212 0.417092 -0.587785 
vn -0.734244 0.339697 -0.587785 
vn -0.766668 0.25832 -0.587785 
vn -0.790103 0.173915 -0.587785 
vn -0.804275 0.0874701 -0.587785 
vn -0.809017 -1.6841e-16 -0.587785 
vn -0.804275 -0.0874701 -0.587785 
vn -0.790103 -0.173915 -0.587785 
vn -0.766668 -0.25832 -0.587785 
vn -0.734244 -0.339697 -0.587785 
vn -0.693212 -0.417092 -0.587785 
vn -0.644053 -0.489596 -0.587785 
vn -0.587343 -0.556361 -0.587785 
vn -0.523747 -0.616602 -0.587785 
vn -0.45401 -0.669614 -0.587785 
vn -0.37895 -0.714776 -0.587785 
vn -0.299448 -0.751558 -0.587785 
vn -0.216435 -0.779528 -0.587785 
vn -0.130884 -0.798359 -0.587785 
vn -0.0437993 -0.807831 -0.587785 
vn 0.0437993 -0.807831 -0.587785 
vn 0.130884 -0.798359 -0.587785 
vn 0.216435 -0.779528 -0.587785 
vn 0.299448 -0.751558 -0.587785 
vn 0.37895 -0.714776 -0.587785 
vn 0.45401 -0.669614 -0.587785 
vn 0.523747 -0.616602 -0.587785 
vn 0.587343 -0.556361 -0.587785 
vn 0.644053 -0.489596 -0.587785 
vn 0.693212 -0.417092 -0.587785 
vn 0.734244 -0.339697 -0.587785 
vn 0.766668 -0.25832 -0.587785 
vn 0.790103 -0.173915 -0.587785 
vn 0.804275 -0.0874701 -0.587785 
vn 0.866025 0 -0.5 
vn 0.860949 0.0936338 -0.5 
vn 0.845778 0.18617 -0.5 
vn 0.820692 0.276523 -0.5 
vn 0.785983 0.363635 -0.5 
vn 0.74206 0.446483 -0.5 
vn 0.689437 0.524096 -0.5 
vn 0.628731 0.595565 -0.5 
vn 0.560653 0.660052 -0.5 
vn 0.486002 0.7168 -0.5 
vn 0.405654 0.765144 -0.5 
vn 0.320549 0.804517 -0.5 
vn 0.231686 0.834459 -0.5 
vn 0.140107 0.854617 -0.5 
vn 0.0468857 0.864755 -0.5 
vn -0.0468857 0.864755 -0.5 
vn -0.140107 0.854617 -0.5 
vn -0.231686 0.834459 -0.5 
vn -0.320549 0.804517 -0.5 
vn -0.405654 0.765144 -0.5 
vn -0.486002 0.7168 -0.5 
vn -0.560653 0.660052 -0.5 
vn -0.628731 0.595565 -0.5 
vn -0.689437 0.524096 -0.5 
vn -0.74206 0.446483 -0.5 
vn -0.785983 0.363635 -0.5 
vn -0.820692 0.276523 -0.5 
vn -0.845778 0.18617 -0.5 
vn -0.860949 0.0936338 -0.5 
vn -0.866025 -1.80278e-16 -0.5 
vn -0.860949 -0.0936338 -0.5 
vn -0.845778 -0.18617 -0.5 
vn -0.820692 -0.276523 -0.5 
vn -0.785983 -0.363635 -0.5 
vn -0.74206 -0.446483 -0.5 
vn -0.689437 -0.524096 -0.5 
vn -0.628731 -0.595565 -0.5 
vn -0.560653 -0.660052 -0.5 
vn -0.486002 -0.7168 -0.5 
vn -0.405654 -0.765144 -0.5 
vn -0.320549 -0.804517 -0.5 
vn -0.231686 -0.834459 -0.5 
vn -0.140107 -0.854617 -0.5 
vn -0.0468857 -0.864755 -0.5 
vn 0.0468857 -0.864755 -0.5 
vn 0.140107 -0.854617 -0.5 
vn 0.231686 -0.834459 -0.5 
vn 0.320549 -0.804517 -0.5 
vn 0.405654 -0.765144 -0.5 
vn 0.486002 -0.7168 -0.5 
vn 0.560653 -0.660052 -0.5 
vn 0.628731 -0.595565 -0.5 
vn 0.689437 -0.524096 -0.5 
vn 0.74206 -0.446483 -0.5 
vn 0.785983 -0.363635 -0.5 
vn 0.820692 -0.276523 -0.5 
vn 0.845778 -0.18617 -0.5 
vn 0.860949 -0.0936338 -0.5 
vn 0.913545 0 -0.406737 
vn 0.90819 0.0987716 -0.406737 
vn 0.892187 0.196385 -0.406737 
vn 0.865724 0.291696 -0.406737 
vn 0.829111 0.383588 -0.406737 
vn 0.782778 0.470982 -0.406737 
vn 0.727267 0.552854 -0.406737 
vn 0.66323 0.628245 -0.406737 
vn 0.591417 0.69627 -0.406737 
vn 0.51267 0.756132 -0.406737 
vn 0.427912 0.807128 -0.406737 
vn 0.338138 0.848662 -0.406737 
vn 0.244399 0.880247 -0.406737 
vn 0.147795 0.901511 -0.406737 
vn 0.0494584 0.912206 -0.406737 
vn -0.0494584 0.912206 -0.406737 
vn -0.147795 0.901511 -0.406737 
vn -0.244399 0.880247 -0.406737 
vn -0.338138 0.848662 -0.406737 
vn -0.427912 0.807128 -0.406737 
vn -0.51267 0.756132 -0.406737 
vn -0.591417 0.69627 -0.406737 
vn -0.66323 0.628245 -0.406737 
vn -0.727267 0.552854 -0.406737 
vn -0.782778 0.470982 -0.406737 
vn -0.829111 0.383588 -0.406737 
vn -0.865724 0.291696 -0.406737 
vn -0.892187 0.196385 -0.406737 
vn -0.90819 0.0987716 -0.406737 
vn -0.913545 -1.9017e-16 -0.406737 
vn -0.90819 -0.0987716 -0.406737 
vn -0.892187 -0.196385 -0.406737 
vn -0.865724 -0.291696 -0.406737 
vn -0.829111 -0.383588 -0.406737 
vn -0.782778 -0.470982 -0.406737 
vn -0.727267 -0.552854 -0.406737 
vn -0.66323 -0.628245 -0.406737 
vn -0.591417 -0.69627 -0.406737 
vn -0.51267 -0.756132 -0.406737 
vn -0.427912 -0.807128 -0.406737 
vn -0.338138 -0.848662 -0.406737 
vn -0.244399 -0.880247 -0.406737 
vn -0.147795 -0.901511 -0.406737 
vn -0.0494584 -0.912206 -0.406737 
vn 0.0494584 -0.912206 -0.406737 
vn 0.147795 -0.901511 -0.406737 
vn 0.244399 -0.880247 -0.406737 
vn 0.338138 -0.848662 -0.406737 
vn 0.427912 -0.807128 -0.406737 
vn 0.51267 -0.756132 -0.406737 
vn 0.591417 -0.69627 -0.406737 
vn 0.66323 -0.628245 -0.406737 
vn 0.727267 -0.552854 -0.406737 
vn 0.782778 -0.470982 -0.406737 
vn 0.829111 -0.383588 -0.406737 
vn 0.865724 -0.291696 -0.406737 
vn 0.892187 -0.196385 -0.406737 
vn 0.90819 -0.0987716 -0.406737 
vn 0.951057 0 -0.309017 
vn 0.945481 0.102827 -0.309017 
vn 0.928821 0.204449 -0.309017 
vn 0.901272 0.303674 -0.309017 
vn 0.863156 0.399338 -0.309017 
vn 0.81492 0.490321 -0.309017 
vn 0.757129 0.575555 -0.309017 
vn 0.690463 0.654041 -0.309017 
vn 0.615701 0.724859 -0.309017 
vn 0.533721 0.787179 -0.309017 
vn 0.445483 0.84027 -0.309017 
vn 0.352022 0.883509 -0.309017 
vn 0.254435 0.91639 -0.309017 
vn 0.153864 0.938528 -0.309017 
vn 0.0514892 0.949662 -0.309017 
vn -0.0514892 0.949662 -0.309017 
vn -0.153864 0.938528 -0.309017 
vn -0.254435 0.91639 -0.309017 
vn -0.352022 0.883509 -0.309017 
vn -0.445483 0.84027 -0.309017 
vn -0.533721 0.787179 -0.309017 
vn -0.615701 0.724859 -0.309017 
vn -0.690463 0.654041 -0.309017 
vn -0.757129 0.575555 -0.309017 
vn -0.81492 0.490321 -0.309017 
vn -0.863156 0.399338 -0.309017 
vn -0.901272 0.303674 -0.309017 
vn -0.928821 0.204449 -0.309017 
vn -0.945481 0.102827 -0.309017 
vn -0.951057 -1.97978e-16 -0.309017 
vn -0.945481 -0.102827 -0.309017 
vn -0.928821 -0.204449 -0.309017 
vn -0.901272 -0.303674 -0.309017 
vn -0.863156 -0.399338 -0.309017 
vn -0.81492 -0.490321 -0.309017 
vn -0.757129 -0.575555 -0.309017 
vn -0.690463 -0.654041 -0.309017 
vn -0.615701 -0.724859 -0.309017 
vn -0.533721 -0.787179 -0.309017 
vn -0.445483 -0.84027 -0.309017 
vn -0.352022 -0.883509 -0.309017 
vn -0.254435 -0.91639 -0.309017 
vn -0.153864 -0.938528 -0.309017 
vn -0.0514892 -0.949662 -0.309017 
vn 0.0514892 -0.949662 -0.309017 
vn 0.153864 -0.938528 -0.309017 
vn 0.254435 -0.91639 -0.309017 
vn 0.352022 -0.883509 -0.309017 
vn 0.445483 -0.84027 -0.309017 
vn 0.533721 -0.787179 -0.309017 
vn 0.615701 -0.724859 -0.309017 
vn 0.690463 -0.654041 -0.309017 
vn 0.757129 -0.575555 -0.309017 
vn 0.81492 -0.490321 -0.309017 
vn 0.863156 -0.399338 -0.309017 
vn 0.901272 -0.303674 -0.309017 
vn 0.928821 -0.204449 -0.309017 
vn 0.945481 -0.102827 -0.309017 
vn 0.978148 0 -0.207912 
vn 0.972414 0.105756 -0.207912 
vn 0.955279 0.210273 -0.207912 
vn 0.926945 0.312324 -0.207912 
vn 0.887743 0.410714 -0.207912 
vn 0.838133 0.504288 -0.207912 
vn 0.778697 0.59195 -0.207912 
vn 0.710131 0.672672 -0.207912 
vn 0.633239 0.745507 -0.207912 
vn 0.548924 0.809602 -0.207912 
vn 0.458173 0.864205 -0.207912 
vn 0.36205 0.908676 -0.207912 
vn 0.261682 0.942494 -0.207912 
vn 0.158247 0.965262 -0.207912 
vn 0.0529558 0.976713 -0.207912 
vn -0.0529558 0.976713 -0.207912 
vn -0.158247 0.965262 -0.207912 
vn -0.261682 0.942494 -0.207912 
vn -0.36205 0.908676 -0.207912 
vn -0.458173 0.864205 -0.207912 
vn -0.548924 0.809602 -0.207912 
vn -0.633239 0.745507 -0.207912 
vn -0.710131 0.672672 -0.207912 
vn -0.778697 0.59195 -0.207912 
vn -0.838133 0.504288 -0.207912 
vn -0.887743 0.410714 -0.207912 
vn -0.926945 0.312324 -0.207912 
vn -0.955279 0.210273 -0.207912 
vn -0.972414 0.105756 -0.207912 
vn -0.978148 -2.03618e-16 -0.207912 
vn -0.972414 -0.105756 -0.207912 
vn -0.955279 -0.210273 -0.207912 
vn -0.926945 -0.312324 -0.207912 
vn -0.887743 -0.410714 -0.207912 
vn -0.838133 -0.504288 -0.207912 
vn -0.778697 -0.59195 -0.207912 
vn -0.710131 -0.672672 -0.207912 
vn -0.633239 -0.745507 -0.207912 
vn -0.548924 -0.809602 -0.207912 
vn -0.458173 -0.864205 -0.207912 
vn -0.36205 -0.908676 -0.207912 
vn -0.261682 -0.942494 -0.207912 
vn -0.158247 -0.965262 -0.207912 
vn -0.0529558 -0.976713 -0.207912 
vn 0.0529558 -0.976713 -0.207912 
vn 0.158247 -0.965262 -0.207912 
vn 0.261682 -0.942494 -0.207912 
vn 0.36205 -0.908676 -0.207912 
vn 0.458173 -0.864205 -0.207912 
vn 0.548924 -0.809602 -0.207912 
vn 0.633239 -0.745507 -0.207912 
vn 0.710131 -0.672672 -0.207912 
vn 0.778697 -0.59195 -0.207912 
vn 0.838133 -0.504288 -0.207912 
vn 0.887743 -0.410714 -0.207912 
vn 0.926945 -0.312324 -0.207912 
vn 0.955279 -0.210273 -0.207912 
vn 0.972414 -0.105756 -0.207912 
vn 0.994522 0 -0.104528 
vn 0.988692 0.107527 -0.104528 
vn 0.971271 0.213793 -0.104528 
vn 0.942462 0.317552 -0.104528 
vn 0.902604 0.417589 -0.104528 
vn 0.852163 0.51273 -0.104528 
vn 0.791732 0.601859 -0.104528 
vn 0.722018 0.683932 -0.104528 
vn 0.64384 0.757987 -0.104528 
vn 0.558113 0.823155 -0.104528 
vn 0.465842 0.878672 -0.104528 
vn 0.36811 0.923888 -0.104528 
vn 0.266063 0.958272 -0.104528 
vn 0.160896 0.981421 -0.104528 
vn 0.0538423 0.993063 -0.104528 
vn -0.0538423 0.993063 -0.104528 
vn -0.160896 0.981421 -0.104528 
vn -0.266063 0.958272 -0.104528 
vn -0.36811 0.923888 -0.104528 
vn -0.465842 0.878672 -0.104528 
vn -0.558113 0.823155 -0.104528 
vn -0.64384 0.757987 -0.104528 
vn -0.722018 0.683932 -0.104528 
vn -0.791732 0.601859 -0.104528 
vn -0.852163 0.51273 -0.104528 
vn -0.902604 0.417589 -0.104528 
vn -0.942462 0.317552 -0.104528 
vn -0.971271 0.213793 -0.104528 
vn -0.988692 0.107527 -0.104528 
vn -0.994522 -2.07026e-16 -0.104528 
vn -0.988692 -0.107527 -0.104528 
vn -0.971271 -0.213793 -0.104528 
vn -0.942462 -0.317552 -0.104528 
vn -0.902604 -0.417589 -0.104528 
vn -0.852163 -0.51273 -0.104528 
vn -0.791732 -0.601859 -0.104528 
vn -0.722018 -0.683932 -0.104528 
vn -0.64384 -0.757987 -0.104528 
vn -0.558113 -0.823155 -0.104528 
vn -0.465842 -0.878672 -0.104528 
vn -0.36811 -0.923888 -0.104528 
vn -0.266063 -0.958272 -0.104528 
vn -0.160896 -0.981421 -0.104528 
vn -0.0538423 -0.993063 -0.104528 
vn 0.0538423 -0.993063 -0.104528 
vn 0.160896 -0.981421 -0.104528 
vn 0.266063 -0.958272 -0.104528 
vn 0.36811 -0.923888 -0.104528 
vn 0.465842 -0.878672 -0.104528 
vn 0.558113 -0.823155 -0.104528 
vn 0.64384 -0.757987 -0.104528 
vn 0.722018 -0.683932 -0.104528 
vn 0.791732 -0.601859 -0.104528 
vn 0.852163 -0.51273 -0.104528 
vn 0.902604 -0.417589 -0.104528 
vn 0.942462 -0.317552 -0.104528 
vn 0.971271 -0.213793 -0.104528 
vn 0.988692 -0.107527 -0.104528 
vn 1 0 0 
vn 0.994138 0.108119 0 
vn 0.976621 0.21497 0 
vn 0.947653 0.319302 0 
vn 0.907575 0.419889 0 
vn 0.856857 0.515554 0 
vn 0.796093 0.605174 0 
vn 0.725995 0.687699 0 
vn 0.647386 0.762162 0 
vn 0.561187 0.827689 0 
vn 0.468408 0.883512 0 
vn 0.370138 0.928977 0 
vn 0.267528 0.96355 0 
vn 0.161782 0.986827 0 
vn 0.0541389 0.998533 0 
vn -0.0541389 0.998533 0 
vn -0.161782 0.986827 0 
vn -0.267528 0.96355 0 
vn -0.370138 0.928977 0 
vn -0.468408 0.883512 0 
vn -0.561187 0.827689 0 
vn -0.647386 0.762162 0 
vn -0.725995 0.687699 0 
vn -0.796093 0.605174 0 
vn -0.856857 0.515554 0 
vn -0.907575 0.419889 0 
vn -0.947653 0.319302 0 
vn -0.976621 0.21497 0 
vn -0.994138 0.108119 0 
vn -1 -2.08167e-16 0 
vn -0.994138 -0.108119 0 
vn -0.976621 -0.21497 0 
vn -0.947653 -0.319302 0 
vn -0.907575 -0.419889 0 
vn -0.856857 -0.515554 0 
vn -0.796093 -0.605174 0 
vn -0.725995 -0.687699 0 
vn -0.647386 -0.762162 0 
vn -0.561187 -0.827689 0 
vn -0.468408 -0.883512 0 
vn -0.370138 -0.928977 0 
vn -0.267528 -0.96355 0 
vn -0.161782 -0.986827 0 
vn -0.0541389 -0.998533 0 
vn 0.0541389 -0.998533 0 
vn 0.161782 -0.986827 0 
vn 0.267528 -0.96355 0 
vn 0.370138 -0.928977 0 
vn 0.468408 -0.883512 0 
vn 0.561187 -0.827689 0 
vn 0.647386 -0.762162 0 
vn 0.725995 -0.687699 0 
vn 0.796093 -0.605174 0 
vn 0.856857 -0.515554 0 
vn 0.907575 -0.419889 0 
vn 0.947653 -0.319302 0 
vn 0.976621 -0.21497 0 
vn 0.994138 -0.108119 0 
vn 0 0 -1 
vn -0.104528 0 0.994522 
vn 6.12323e-17 0 1 
vn -0.103916 -0.0113015 0.994522 
vn -0.102085 -0.0224705 0.994522 
vn 5.8027e-17 1.95516e-17 1 
vn -0.0990567 -0.0333761 0.994522 
vn -0.0948675 -0.0438904 0.994522 
vn 5.24674e-17 3.15686e-17 1 
vn -0.089566 -0.0538901 0.994522 
vn -0.0832144 -0.0632579 0.994522 
vn 4.44544e-17 4.21094e-17 1 
vn -0.0758872 -0.0718842 0.994522 
vn -0.0676703 -0.0796676 0.994522 
vn 3.43628e-17 5.06813e-17 1 
vn -0.05866 -0.0865171 0.994522 
vn -0.048962 -0.0923522 0.994522 
vn 2.26644e-17 5.68834e-17 1 
vn -0.03869 -0.0971045 0.994522 
vn -0.0279643 -0.100718 0.994522 
vn 9.90629e-18 6.04257e-17 1 
vn -0.0169108 -0.103151 0.994522 
vn -0.00565906 -0.104375 0.994522 
vn -3.31505e-18 6.11425e-17 1 
vn 0.00565906 -0.104375 0.994522 
vn 0.0169108 -0.103151 0.994522 
vn -1.63814e-17 5.90004e-17 1 
vn 0.0279643 -0.100718 0.994522 
vn 0.03869 -0.0971045 0.994522 
vn -2.86817e-17 5.40995e-17 1 
vn 0.048962 -0.0923522 0.994522 
vn 0.05866 -0.0865171 0.994522 
vn -3.9641e-17 4.6669e-17 1 
vn 0.0676703 -0.0796676 0.994522 
vn 0.0758872 -0.0718842 0.994522 
vn -4.87466e-17 3.70562e-17 1 
vn 0.0832144 -0.0632579 0.994522 
vn 0.089566 -0.0538901 0.994522 
vn -5.5573e-17 2.57108e-17 1 
vn 0.0948675 -0.0438904 0.994522 
vn 0.0990567 -0.0333761 0.994522 
vn -5.98008e-17 1.31631e-17 1 
vn 0.102085 -0.0224705 0.994522 
vn 0.103916 -0.0113015 0.994522 
vn -6.12323e-17 -1.27465e-32 1 
vn 0.104528 2.17594e-17 0.994522 
vn 0.103916 0.0113015 0.994522 
vn -5.98008e-17 -1.31631e-17 1 
vn 0.102085 0.0224705 0.994522 
vn 0.0990567 0.0333761 0.994522 
vn -5.5573e-17 -2.57108e-17 1 
vn 0.0948675 0.0438904 0.994522 
vn 0.089566 0.0538901 0.994522 
vn -4.87466e-17 -3.70562e-17 1 
vn 0.0832144 0.0632579 0.994522 
vn 0.0758872 0.0718842 0.994522 
vn -3.9641e-17 -4.6669e-17 1 
vn 0.0676703 0.0796676 0.994522 
vn 0.05866 0.0865171 0.994522 
vn -2.86817e-17 -5.40995e-17 1 
vn 0.048962 0.0923522 0.994522 
vn 0.03869 0.0971045 0.994522 
vn -1.63814e-17 -5.90004e-17 1 
vn 0.0279643 0.100718 0.994522 
vn 0.0169108 0.103151 0.994522 
vn -3.31505e-18 -6.11425e-17 1 
vn 0.00565906 0.104375 0.994522 
vn -0.00565906 0.104375 0.994522 
vn 9.90629e-18 -6.04257e-17 1 
vn -0.0169108 0.103151 0.994522 
vn -0.0279643 0.100718 0.994522 
vn 2.26644e-17 -5.68834e-17 1 
vn -0.03869 0.0971045 0.994522 
vn -0.048962 0.0923522 0.994522 
vn 3.43628e-17 -5.06813e-17 1 
vn -0.05866 0.0865171 0.994522 
vn -0.0676703 0.0796676 0.994522 
vn 4.44544e-17 -4.21094e-17 1 
vn -0.0758872 0.0718842 0.994522 
vn -0.0832144 0.0632579 0.994522 
vn 5.24674e-17 -3.15686e-17 1 
vn -0.089566 0.0538901 0.994522 
vn -0.0948675 0.0438904 0.994522 
vn 5.8027e-17 -1.95516e-17 1 
vn -0.0990567 0.0333761 0.994522 
vn -0.102085 0.0224705 0.994522 
vn 6.08734e-17 -6.62038e-18 1 
vn -0.103916 0.0113015 0.994522 
vn -0.207912 0 0.978148 
vn -0.206693 -0.0224792 0.978148 
vn -0.203051 -0.0446949 0.978148 
vn -0.197028 -0.0663865 0.978148 
vn -0.188696 -0.0872999 0.978148 
vn -0.178151 -0.10719 0.978148 
vn -0.165517 -0.125823 0.978148 
vn -0.150943 -0.142981 0.978148 
vn -0.134599 -0.158462 0.978148 
vn -0.116677 -0.172086 0.978148 
vn -0.0973876 -0.183692 0.978148 
vn -0.076956 -0.193145 0.978148 
vn -0.0556223 -0.200333 0.978148 
vn -0.0336364 -0.205173 0.978148 
vn -0.0112561 -0.207607 0.978148 
vn 0.0112561 -0.207607 0.978148 
vn 0.0336364 -0.205173 0.978148 
vn 0.0556223 -0.200333 0.978148 
vn 0.076956 -0.193145 0.978148 
vn 0.0973876 -0.183692 0.978148 
vn 0.116677 -0.172086 0.978148 
vn 0.134599 -0.158462 0.978148 
vn 0.150943 -0.142981 0.978148 
vn 0.165517 -0.125823 0.978148 
vn 0.178151 -0.10719 0.978148 
vn 0.188696 -0.0872999 0.978148 
vn 0.197028 -0.0663865 0.978148 
vn 0.203051 -0.0446949 0.978148 
vn 0.206693 -0.0224792 0.978148 
vn 0.207912 4.32803e-17 0.978148 
vn 0.206693 0.0224792 0.978148 
vn 0.203051 0.0446949 0.978148 
vn 0.197028 0.0663865 0.978148 
vn 0.188696 0.0872999 0.978148 
vn 0.178151 0.10719 0.978148 
vn 0.165517 0.125823 0.978148 
vn 0.150943 0.142981 0.978148 
vn 0.134599 0.158462 0.978148 
vn 0.116677 0.172086 0.978148 
vn 0.0973876 0.183692 0.978148 
vn 0.076956 0.193145 0.978148 
vn 0.0556223 0.200333 0.978148 
vn 0.0336364 0.205173 0.978148 
vn 0.0112561 0.207607 0.978148 
vn -0.0112561 0.207607 0.978148 
vn -0.0336364 0.205173 0.978148 
vn -0.0556223 0.200333 0.978148 
vn -0.076956 0.193145 0.978148 
vn -0.0973876 0.183692 0.978148 
vn -0.116677 0.172086 0.978148 
vn -0.134599 0.158462 0.978148 
vn -0.150943 0.142981 0.978148 
vn -0.165517 0.125823 0.978148 
vn -0.178151 0.10719 0.978148 
vn -0.188696 0.0872999 0.978148 
vn -0.197028 0.0663865 0.978148 
vn -0.203051 0.0446949 0.978148 
vn -0.206693 0.0224792 0.978148 
vn -0.309017 0 0.951057 
vn -0.307206 -0.0334106 0.951057 
vn -0.301792 -0.0664295 0.951057 
vn -0.292841 -0.0986696 0.951057 
vn -0.280456 -0.129753 0.951057 
vn -0.264783 -0.159315 0.951057 
vn -0.246006 -0.187009 0.951057 
vn -0.224345 -0.212511 0.951057 
vn -0.200053 -0.235521 0.951057 
vn -0.173416 -0.25577 0.951057 
vn -0.144746 -0.27302 0.951057 
vn -0.114379 -0.28707 0.951057 
vn -0.0826708 -0.297753 0.951057 
vn -0.0499934 -0.304946 0.951057 
vn -0.0167298 -0.308564 0.951057 
vn 0.0167298 -0.308564 0.951057 
vn 0.0499934 -0.304946 0.951057 
vn 0.0826708 -0.297753 0.951057 
vn 0.114379 -0.28707 0.951057 
vn 0.144746 -0.27302 0.951057 
vn 0.173416 -0.25577 0.951057 
vn 0.200053 -0.235521 0.951057 
vn 0.224345 -0.212511 0.951057 
vn 0.246006 -0.187009 0.951057 
vn 0.264783 -0.159315 0.951057 
vn 0.280456 -0.129753 0.951057 
vn 0.292841 -0.0986696 0.951057 
vn 0.301792 -0.0664295 0.951057 
vn 0.307206 -0.0334106 0.951057 
vn 0.309017 6.43271e-17 0.951057 
vn 0.307206 0.0334106 0.951057 
vn 0.301792 0.0664295 0.951057 
vn 0.292841 0.0986696 0.951057 
vn 0.280456 0.129753 0.951057 
vn 0.264783 0.159315 0.951057 
vn 0.246006 0.187009 0.951057 
vn 0.224345 0.212511 0.951057 
vn 0.200053 0.235521 0.951057 
vn 0.173416 0.25577 0.951057 
vn 0.144746 0.27302 0.951057 
vn 0.114379 0.28707 0.951057 
vn 0.0826708 0.297753 0.951057 
vn 0.0499934 0.304946 0.951057 
vn 0.0167298 0.308564 0.951057 
vn -0.0167298 0.308564 0.951057 
vn -0.0499934 0.304946 0.951057 
vn -0.0826708 0.297753 0.951057 
vn -0.114379 0.28707 0.951057 
vn -0.144746 0.27302 0.951057 
vn -0.173416 0.25577 0.951057 
vn -0.200053 0.235521 0.951057 
vn -0.224345 0.212511 0.951057 
vn -0.246006 0.187009 0.951057 
vn -0.264783 0.159315 0.951057 
vn -0.280456 0.129753 0.951057 
vn -0.292841 0.0986696 0.951057 
vn -0.301792 0.0664295 0.951057 
vn -0.307206 0.0334106 0.951057 
vn -0.406737 0 0.913545 
vn -0.404352 -0.043976 0.913545 
vn -0.397227 -0.0874364 0.913545 
vn -0.385445 -0.129872 0.913545 
vn -0.369144 -0.170784 0.913545 
vn -0.348515 -0.209695 0.913545 
vn -0.3238 -0.246147 0.913545 
vn -0.295289 -0.279713 0.913545 
vn -0.263316 -0.309999 0.913545 
vn -0.228255 -0.336651 0.913545 
vn -0.190519 -0.359357 0.913545 
vn -0.150549 -0.377849 0.913545 
vn -0.108814 -0.391911 0.913545 
vn -0.0658027 -0.401379 0.913545 
vn -0.0220203 -0.40614 0.913545 
vn 0.0220203 -0.40614 0.913545 
vn 0.0658027 -0.401379 0.913545 
vn 0.108814 -0.391911 0.913545 
vn 0.150549 -0.377849 0.913545 
vn 0.190519 -0.359357 0.913545 
vn 0.228255 -0.336651 0.913545 
vn 0.263316 -0.309999 0.913545 
vn 0.295289 -0.279713 0.913545 
vn 0.3238 -0.246147 0.913545 
vn 0.348515 -0.209695 0.913545 
vn 0.369144 -0.170784 0.913545 
vn 0.385445 -0.129872 0.913545 
vn 0.397227 -0.0874364 0.913545 
vn 0.404352 -0.043976 0.913545 
vn 0.406737 8.46691e-17 0.913545 
vn 0.404352 0.043976 0.913545 
vn 0.397227 0.0874364 0.913545 
vn 0.385445 0.129872 0.913545 
vn 0.369144 0.170784 0.913545 
vn 0.348515 0.209695 0.913545 
vn 0.3238 0.246147 0.913545 
vn 0.295289 0.279713 0.913545 
vn 0.263316 0.309999 0.913545 
vn 0.228255 0.336651 0.913545 
vn 0.190519 0.359357 0.913545 
vn 0.150549 0.377849 0.913545 
vn 0.108814 0.391911 0.913545 
vn 0.0658027 0.401379 0.913545 
vn 0.0220203 0.40614 0.913545 
vn -0.0220203 0.40614 0.913545 
vn -0.0658027 0.401379 0.913545 
vn -0.108814 0.391911 0.913545 
vn -0.150549 0.377849 0.913545 
vn -0.190519 0.359357 0.913545 
vn -0.228255 0.336651 0.913545 
vn -0.263316 0.309999 0.913545 
vn -0.295289 0.279713 0.913545 
vn -0.3238 0.246147 0.913545 
vn -0.348515 0.209695 0.913545 
vn -0.369144 0.170784 0.913545 
vn -0.385445 0.129872 0.913545 
vn -0.397227 0.0874364 0.913545 
vn -0.404352 0.043976 0.913545 
vn -0.5 0 0.866025 
vn -0.497069 -0.0540595 0.866025 
vn -0.48831 -0.107485 0.866025 
vn -0.473827 -0.159651 0.866025 
vn -0.453788 -0.209945 0.866025 
vn -0.428429 -0.257777 0.866025 
vn -0.398047 -0.302587 0.866025 
vn -0.362998 -0.34385 0.866025 
vn -0.323693 -0.381081 0.866025 
vn -0.280594 -0.413844 0.866025 
vn -0.234204 -0.441756 0.866025 
vn -0.185069 -0.464488 0.866025 
vn -0.133764 -0.481775 0.866025 
vn -0.080891 -0.493413 0.866025 
vn -0.0270695 -0.499267 0.866025 
vn 0.0270695 -0.499267 0.866025 
vn 0.080891 -0.493413 0.866025 
vn 0.133764 -0.481775 0.866025 
vn 0.185069 -0.464488 0.866025 
vn 0.234204 -0.441756 0.866025 
vn 0.280594 -0.413844 0.866025 
vn 0.323693 -0.381081 0.866025 
vn 0.362998 -0.34385 0.866025 
vn 0.398047 -0.302587 0.866025 
vn 0.428429 -0.257777 0.866025 
vn 0.453788 -0.209945 0.866025 
vn 0.473827 -0.159651 0.866025 
vn 0.48831 -0.107485 0.866025 
vn 0.497069 -0.0540595 0.866025 
vn 0.5 1.04083e-16 0.866025 
vn 0.497069 0.0540595 0.866025 
vn 0.48831 0.107485 0.866025 
vn 0.473827 0.159651 0.866025 
vn 0.453788 0.209945 0.866025 
vn 0.428429 0.257777 0.866025 
vn 0.398047 0.302587 0.866025 
vn 0.362998 0.34385 0.866025 
vn 0.323693 0.381081 0.866025 
vn 0.280594 0.413844 0.866025 
vn 0.234204 0.441756 0.866025 
vn 0.185069 0.464488 0.866025 
vn 0.133764 0.481775 0.866025 
vn 0.080891 0.493413 0.866025 
vn 0.0270695 0.499267 0.866025 
vn -0.0270695 0.499267 0.866025 
vn -0.080891 0.493413 0.866025 
vn -0.133764 0.481775 0.866025 
vn -0.185069 0.464488 0.866025 
vn -0.234204 0.441756 0.866025 
vn -0.280594 0.413844 0.866025 
vn -0.323693 0.381081 0.866025 
vn -0.362998 0.34385 0.866025 
vn -0.398047 0.302587 0.866025 
vn -0.428429 0.257777 0.866025 
vn -0.453788 0.209945 0.866025 
vn -0.473827 0.159651 0.866025 
vn -0.48831 0.107485 0.866025 
vn -0.497069 0.0540595 0.866025 
vn -0.587785 0 0.809017 
vn -0.58434 -0.0635508 0.809017 
vn -0.574043 -0.126356 0.809017 
vn -0.557017 -0.187681 0.809017 
vn -0.533459 -0.246805 0.809017 
vn -0.503648 -0.303035 0.809017 
vn -0.467932 -0.355712 0.809017 
vn -0.426729 -0.40422 0.809017 
vn -0.380524 -0.447988 0.809017 
vn -0.329857 -0.486503 0.809017 
vn -0.275324 -0.519315 0.809017 
vn -0.217562 -0.546039 0.809017 
vn -0.157249 -0.56636 0.809017 
vn -0.0950931 -0.580042 0.809017 
vn -0.0318221 -0.586923 0.809017 
vn 0.0318221 -0.586923 0.809017 
vn 0.0950931 -0.580042 0.809017 
vn 0.157249 -0.56636 0.809017 
vn 0.217562 -0.546039 0.809017 
vn 0.275324 -0.519315 0.809017 
vn 0.329857 -0.486503 0.809017 
vn 0.380524 -0.447988 0.809017 
vn 0.426729 -0.40422 0.809017 
vn 0.467932 -0.355712 0.809017 
vn 0.503648 -0.303035 0.809017 
vn 0.533459 -0.246805 0.809017 
vn 0.557017 -0.187681 0.809017 
vn 0.574043 -0.126356 0.809017 
vn 0.58434 -0.0635508 0.809017 
vn 0.587785 1.22357e-16 0.809017 
vn 0.58434 0.0635508 0.809017 
vn 0.574043 0.126356 0.809017 
vn 0.557017 0.187681 0.809017 
vn 0.533459 0.246805 0.809017 
vn 0.503648 0.303035 0.809017 
vn 0.467932 0.355712 0.809017 
vn 0.426729 0.40422 0.809017 
vn 0.380524 0.447988 0.809017 
vn 0.329857 0.486503 0.809017 
vn 0.275324 0.519315 0.809017 
vn 0.217562 0.546039 0.809017 
vn 0.157249 0.56636 0.809017 
vn 0.0950931 0.580042 0.809017 
vn 0.0318221 0.586923 0.809017 
vn -0.0318221 0.586923 0.809017 
vn -0.0950931 0.580042 0.809017 
vn -0.157249 0.56636 0.809017 
vn -0.217562 0.546039 0.809017 
vn -0.275324 0.519315 0.809017 
vn -0.329857 0.486503 0.809017 
vn -0.380524 0.447988 0.809017 
vn -0.426729 0.40422 0.809017 
vn -0.467932 0.355712 0.809017 
vn -0.503648 0.303035 0.809017 
vn -0.533459 0.246805 0.809017 
vn -0.557017 0.187681 0.809017 
vn -0.574043 0.126356 0.809017 
vn -0.58434 0.0635508 0.809017 
vn -0.669131 0 0.743145 
vn -0.665208 -0.0723457 0.743145 
vn -0.653487 -0.143843 0.743145 
vn -0.634104 -0.213654 0.743145 
vn -0.607286 -0.280961 0.743145 
vn -0.573349 -0.344973 0.743145 
vn -0.53269 -0.404941 0.743145 
vn -0.485786 -0.460161 0.743145 
vn -0.433186 -0.509986 0.743145 
vn -0.375507 -0.553832 0.743145 
vn -0.313426 -0.591185 0.743145 
vn -0.247671 -0.621607 0.743145 
vn -0.179011 -0.644741 0.743145 
vn -0.108253 -0.660316 0.743145 
vn -0.036226 -0.668149 0.743145 
vn 0.036226 -0.668149 0.743145 
vn 0.108253 -0.660316 0.743145 
vn 0.179011 -0.644741 0.743145 
vn 0.247671 -0.621607 0.743145 
vn 0.313426 -0.591185 0.743145 
vn 0.375507 -0.553832 0.743145 
vn 0.433186 -0.509986 0.743145 
vn 0.485786 -0.460161 0.743145 
vn 0.53269 -0.404941 0.743145 
vn 0.573349 -0.344973 0.743145 
vn 0.607286 -0.280961 0.743145 
vn 0.634104 -0.213654 0.743145 
vn 0.653487 -0.143843 0.743145 
vn 0.665208 -0.0723457 0.743145 
vn 0.669131 1.39291e-16 0.743145 
vn 0.665208 0.0723457 0.743145 
vn 0.653487 0.143843 0.743145 
vn 0.634104 0.213654 0.743145 
vn 0.607286 0.280961 0.743145 
vn 0.573349 0.344973 0.743145 
vn 0.53269 0.404941 0.743145 
vn 0.485786 0.460161 0.743145 
vn 0.433186 0.509986 0.743145 
vn 0.375507 0.553832 0.743145 
vn 0.313426 0.591185 0.743145 
vn 0.247671 0.621607 0.743145 
vn 0.179011 0.644741 0.743145 
vn 0.108253 0.660316 0.743145 
vn 0.036226 0.668149 0.743145 
vn -0.036226 0.668149 0.743145 
vn -0.108253 0.660316 0.743145 
vn -0.179011 0.644741 0.743145 
vn -0.247671 0.621607 0.743145 
vn -0.313426 0.591185 0.743145 
vn -0.375507 0.553832 0.743145 
vn -0.433186 0.509986 0.743145 
vn -0.485786 0.460161 0.743145 
vn -0.53269 0.404941 0.743145 
vn -0.573349 0.344973 0.743145 
vn -0.607286 0.280961 0.743145 
vn -0.634104 0.213654 0.743145 
vn -0.653487 0.143843 0.743145 
vn -0.665208 0.0723457 0.743145 
vn -0.743145 0 0.669131 
vn -0.738788 -0.0803481 0.669131 
vn -0.725771 -0.159754 0.669131 
vn -0.704244 -0.237287 0.669131 
vn -0.67446 -0.312038 0.669131 
vn -0.636769 -0.383131 0.669131 
vn -0.591612 -0.449732 0.669131 
vn -0.53952 -0.51106 0.669131 
vn -0.481102 -0.566397 0.669131 
vn -0.417043 -0.615093 0.669131 
vn -0.348095 -0.656577 0.669131 
vn -0.275066 -0.690364 0.669131 
vn -0.198812 -0.716057 0.669131 
vn -0.120227 -0.733355 0.669131 
vn -0.040233 -0.742055 0.669131 
vn 0.040233 -0.742055 0.669131 
vn 0.120227 -0.733355 0.669131 
vn 0.198812 -0.716057 0.669131 
vn 0.275066 -0.690364 0.669131 
vn 0.348095 -0.656577 0.669131 
vn 0.417043 -0.615093 0.669131 
vn 0.481102 -0.566397 0.669131 
vn 0.53952 -0.51106 0.669131 
vn 0.591612 -0.449732 0.669131 
vn 0.636769 -0.383131 0.669131 
vn 0.67446 -0.312038 0.669131 
vn 0.704244 -0.237287 0.669131 
vn 0.725771 -0.159754 0.669131 
vn 0.738788 -0.0803481 0.669131 
vn 0.743145 1.54698e-16 0.669131 
vn 0.738788 0.0803481 0.669131 
vn 0.725771 0.159754 0.669131 
vn 0.704244 0.237287 0.669131 
vn 0.67446 0.312038 0.669131 
vn 0.636769 0.383131 0.669131 
vn 0.591612 0.449732 0.669131 
vn 0.53952 0.51106 0.669131 
vn 0.481102 0.566397 0.669131 
vn 0.417043 0.615093 0.669131 
vn 0.348095 0.656577 0.669131 
vn 0.275066 0.690364 0.669131 
vn 0.198812 0.716057 0.669131 
vn 0.120227 0.733355 0.669131 
vn 0.040233 0.742055 0.669131 
vn -0.040233 0.742055 0.669131 
vn -0.120227 0.733355 0.669131 
vn -0.198812 0.716057 0.669131 
vn -0.275066 0.690364 0.669131 
vn -0.348095 0.656577 0.669131 
vn -0.417043 0.615093 0.669131 
vn -0.481102 0.566397 0.669131 
vn -0.53952 0.51106 0.669131 
vn -0.591612 0.449732 0.669131 
vn -0.636769 0.383131 0.669131 
vn -0.67446 0.312038 0.669131 
vn -0.704244 0.237287 0.669131 
vn -0.725771 0.159754 0.669131 
vn -0.738788 0.0803481 0.669131 
vn -0.809017 0 0.587785 
vn -0.804275 -0.0874701 0.587785 
vn -0.790103 -0.173915 0.587785 
vn -0.766668 -0.25832 0.587785 
vn -0.734244 -0.339697 0.587785 
vn -0.693212 -0.417092 0.587785 
vn -0.644053 -0.489596 0.587785 
vn -0.587343 -0.556361 0.587785 
vn -0.523747 -0.616602 0.587785 
vn -0.45401 -0.669614 0.587785 
vn -0.37895 -0.714776 0.587785 
vn -0.299448 -0.751558 0.587785 
vn -0.216435 -0.779528 0.587785 
vn -0.130884 -0.798359 0.587785 
vn -0.0437993 -0.807831 0.587785 
vn 0.0437993 -0.807831 0.587785 
vn 0.130884 -0.798359 0.587785 
vn 0.216435 -0.779528 0.587785 
vn 0.299448 -0.751558 0.587785 
vn 0.37895 -0.714776 0.587785 
vn 0.45401 -0.669614 0.587785 
vn 0.523747 -0.616602 0.587785 
vn 0.587343 -0.556361 0.587785 
vn 0.644053 -0.489596 0.587785 
vn 0.693212 -0.417092 0.587785 
vn 0.734244 -0.339697 0.587785 
vn 0.766668 -0.25832 0.587785 
vn 0.790103 -0.173915 0.587785 
vn 0.804275 -0.0874701 0.587785 
vn 0.809017 1.6841e-16 0.587785 
vn 0.804275 0.0874701 0.587785 
vn 0.790103 0.173915 0.587785 
vn 0.766668 0.25832 0.587785 
vn 0.734244 0.339697 0.587785 
vn 0.693212 0.417092 0.587785 
vn 0.644053 0.489596 0.587785 
vn 0.587343 0.556361 0.587785 
vn 0.523747 0.616602 0.587785 
vn 0.45401 0.669614 0.587785 
vn 0.37895 0.714776 0.587785 
vn 0.299448 0.751558 0.587785 
vn 0.216435 0.779528 0.587785 
vn 0.130884 0.798359 0.587785 
vn 0.0437993 0.807831 0.587785 
vn -0.0437993 0.807831 0.587785 
vn -0.130884 0.798359 0.587785 
vn -0.216435 0.779528 0.587785 
vn -0.299448 0.751558 0.587785 
vn -0.37895 0.714776 0.587785 
vn -0.45401 0.669614 0.587785 
vn -0.523747 0.616602 0.587785 
vn -0.587343 0.556361 0.587785 
vn -0.644053 0.489596 0.587785 
vn -0.693212 0.417092 0.587785 
vn -0.734244 0.339697 0.587785 
vn -0.766668 0.25832 0.587785 
vn -0.790103 0.173915 0.587785 
vn -0.804275 0.0874701 0.587785 
vn -0.866025 0 0.5 
vn -0.860949 -0.0936338 0.5 
vn -0.845778 -0.18617 0.5 
vn -0.820692 -0.276523 0.5 
vn -0.785983 -0.363635 0.5 
vn -0.74206 -0.446483 0.5 
vn -0.689437 -0.524096 0.5 
vn -0.628731 -0.595565 0.5 
vn -0.560653 -0.660052 0.5 
vn -0.486002 -0.7168 0.5 
vn -0.405654 -0.765144 0.5 
vn -0.320549 -0.804517 0.5 
vn -0.231686 -0.834459 0.5 
vn -0.140107 -0.854617 0.5 
vn -0.0468857 -0.864755 0.5 
vn 0.0468857 -0.864755 0.5 
vn 0.140107 -0.854617 0.5 
vn 0.231686 -0.834459 0.5 
vn 0.320549 -0.804517 0.5 
vn 0.405654 -0.765144 0.5 
vn 0.486002 -0.7168 0.5 
vn 0.560653 -0.660052 0.5 
vn 0.628731 -0.595565 0.5 
vn 0.689437 -0.524096 0.5 
vn 0.74206 -0.446483 0.5 
vn 0.785983 -0.363635 0.5 
vn 0.820692 -0.276523 0.5 
vn 0.845778 -0.18617 0.5 
vn 0.860949 -0.0936338 0.5 
vn 0.866025 1.80278e-16 0.5 
vn 0.860949 0.0936338 0.5 
vn 0.845778 0.18617 0.5 
vn 0.820692 0.276523 0.5 
vn 0.785983 0.363635 0.5 
vn 0.74206 0.446483 0.5 
vn 0.689437 0.524096 0.5 
vn 0.628731 0.595565 0.5 
vn 0.560653 0.660052 0.5 
vn 0.486002 0.7168 0.5 
vn 0.405654 0.765144 0.5 
vn 0.320549 0.804517 0.5 
vn 0.231686 0.834459 0.5 
vn 0.140107 0.854617 0.5 
vn 0.0468857 0.864755 0.5 
vn -0.0468857 0.864755 0.5 
vn -0.140107 0.854617 0.5 
vn -0.231686 0.834459 0.5 
vn -0.320549 0.804517 0.5 
vn -0.405654 0.765144 0.5 
vn -0.486002 0.7168 0.5 
vn -0.560653 0.660052 0.5 
vn -0.628731 0.595565 0.5 
vn -0.689437 0.524096 0.5 
vn -0.74206 0.446483 0.5 
vn -0.785983 0.363635 0.5 
vn -0.820692 0.276523 0.5 
vn -0.845778 0.18617 0.5 
vn -0.860949 0.0936338 0.5 
vn -0.913545 0 0.406737 
vn -0.90819 -0.0987716 0.406737 
vn -0.892187 -0.196385 0.406737 
vn -0.865724 -0.291696 0.406737 
vn -0.829111 -0.383588 0.406737 
vn -0.782778 -0.470982 0.406737 
vn -0.727267 -0.552854 0.406737 
vn -0.66323 -0.628245 0.406737 
vn -0.591417 -0.69627 0.406737 
vn -0.51267 -0.756132 0.406737 
vn -0.427912 -0.807128 0.406737 
vn -0.338138 -0.848662 0.406737 
vn -0.244399 -0.880247 0.406737 
vn -0.147795 -0.901511 0.406737 
vn -0.0494584 -0.912206 0.406737 
vn 0.0494584 -0.912206 0.406737 
vn 0.147795 -0.901511 0.406737 
vn 0.244399 -0.880247 0.406737 
vn 0.338138 -0.848662 0.406737 
vn 0.427912 -0.807128 0.406737 
vn 0.51267 -0.756132 0.406737 
vn 0.591417 -0.69627 0.406737 
vn 0.66323 -0.628245 0.406737 
vn 0.727267 -0.552854 0.406737 
vn 0.782778 -0.470982 0.406737 
vn 0.829111 -0.383588 0.406737 
vn 0.865724 -0.291696 0.406737 
vn 0.892187 -0.196385 0.406737 
vn 0.90819 -0.0987716 0.406737 
vn 0.913545 1.9017e-16 0.406737 
vn 0.90819 0.0987716 0.406737 
vn 0.892187 0.196385 0.406737 
vn 0.865724 0.291696 0.406737 
vn 0.829111 0.383588 0.406737 
vn 0.782778 0.470982 0.406737 
vn 0.727267 0.552854 0.406737 
vn 0.66323 0.628245 0.406737 
vn 0.591417 0.69627 0.406737 
vn 0.51267 0.756132 0.406737 
vn 0.427912 0.807128 0.406737 
vn 0.338138 0.848662 0.406737 
vn 0.244399 0.880247 0.406737 
vn 0.147795 0.901511 0.406737 
vn 0.0494584 0.912206 0.406737 
vn -0.0494584 0.912206 0.406737 
vn -0.147795 0.901511 0.406737 
vn -0.244399 0.880247 0.406737 
vn -0.338138 0.848662 0.406737 
vn -0.427912 0.807128 0.406737 
vn -0.51267 0.756132 0.406737 
vn -0.591417 0.69627 0.406737 
vn -0.66323 0.628245 0.406737 
vn -0.727267 0.552854 0.406737 
vn -0.782778 0.470982 0.406737 
vn -0.829111 0.383588 0.406737 
vn -0.865724 0.291696 0.406737 
vn -0.892187 0.196385 0.406737 
vn -0.90819 0.0987716 0.406737 
vn -0.951057 0 0.309017 
vn -0.945481 -0.102827 0.309017 
vn -0.928821 -0.204449 0.309017 
vn -0.901272 -0.303674 0.309017 
vn -0.863156 -0.399338 0.309017 
vn -0.81492 -0.490321 0.309017 
vn -0.757129 -0.575555 0.309017 
vn -0.690463 -0.654041 0.309017 
vn -0.615701 -0.724859 0.309017 
vn -0.533721 -0.787179 0.309017 
vn -0.445483 -0.84027 0.309017 
vn -0.352022 -0.883509 0.309017 
vn -0.254435 -0.91639 0.309017 
vn -0.153864 -0.938528 0.309017 
vn -0.0514892 -0.949662 0.309017 
vn 0.0514892 -0.949662 0.309017 
vn 0.153864 -0.938528 0.309017 
vn 0.254435 -0.91639 0.309017 
vn 0.352022 -0.883509 0.309017 
vn 0.445483 -0.84027 0.309017 
vn 0.533721 -0.787179 0.309017 
vn 0.615701 -0.724859 0.309017 
vn 0.690463 -0.654041 0.309017 
vn 0.757129 -0.575555 0.309017 
vn 0.81492 -0.490321 0.309017 
vn 0.863156 -0.399338 0.309017 
vn 0.901272 -0.303674 0.309017 
vn 0.928821 -0.204449 0.309017 
vn 0.945481 -0.102827 0.309017 
vn 0.951057 1.97978e-16 0.309017 
vn 0.945481 0.102827 0.309017 
vn 0.928821 0.204449 0.309017 
vn 0.901272 0.303674 0.309017 
vn 0.863156 0.399338 0.309017 
vn 0.81492 0.490321 0.309017 
vn 0.757129 0.575555 0.309017 
vn 0.690463 0.654041 0.309017 
vn 0.615701 0.724859 0.309017 
vn 0.533721 0.787179 0.309017 
vn 0.445483 0.84027 0.309017 
vn 0.352022 0.883509 0.309017 
vn 0.254435 0.91639 0.309017 
vn 0.153864 0.938528 0.309017 
vn 0.0514892 0.949662 0.309017 
vn -0.0514892 0.949662 0.309017 
vn -0.153864 0.938528 0.309017 
vn -0.254435 0.91639 0.309017 
vn -0.352022 0.883509 0.309017 
vn -0.445483 0.84027 0.309017 
vn -0.533721 0.787179 0.309017 
vn -0.615701 0.724859 0.309017 
vn -0.690463 0.654041 0.309017 
vn -0.757129 0.575555 0.309017 
vn -0.81492 0.490321 0.309017 
vn -0.863156 0.399338 0.309017 
vn -0.901272 0.303674 0.309017 
vn -0.928821 0.204449 0.309017 
vn -0.945481 0.102827 0.309017 
vn -0.978148 0 0.207912 
vn -0.972414 -0.105756 0.207912 
vn -0.955279 -0.210273 0.207912 
vn -0.926945 -0.312324 0.207912 
vn -0.887743 -0.410714 0.207912 
vn -0.838133 -0.504288 0.207912 
vn -0.778697 -0.59195 0.207912 
vn -0.710131 -0.672672 0.207912 
vn -0.633239 -0.745507 0.207912 
vn -0.548924 -0.809602 0.207912 
vn -0.458173 -0.864205 0.207912 
vn -0.36205 -0.908676 0.207912 
vn -0.261682 -0.942494 0.207912 
vn -0.158247 -0.965262 0.207912 
vn -0.0529558 -0.976713 0.207912 
vn 0.0529558 -0.976713 0.207912 
vn 0.158247 -0.965262 0.207912 
vn 0.261682 -0.942494 0.207912 
vn 0.36205 -0.908676 0.207912 
vn 0.458173 -0.864205 0.207912 
vn 0.548924 -0.809602 0.207912 
vn 0.633239 -0.745507 0.207912 
vn 0.710131 -0.672672 0.207912 
vn 0.778697 -0.59195 0.207912 
vn 0.838133 -0.504288 0.207912 
vn 0.887743 -0.410714 0.207912 
vn 0.926945 -0.312324 0.207912 
vn 0.955279 -0.210273 0.207912 
vn 0.972414 -0.105756 0.207912 
vn 0.978148 2.03618e-16 0.207912 
vn 0.972414 0.105756 0.207912 
vn 0.955279 0.210273 0.207912 
vn 0.926945 0.312324 0.207912 
vn 0.887743 0.410714 0.207912 
vn 0.838133 0.504288 0.207912 
vn 0.778697 0.59195 0.207912 
vn 0.710131 0.672672 0.207912 
vn 0.633239 0.745507 0.207912 
vn 0.548924 0.809602 0.207912 
vn 0.458173 0.864205 0.207912 
vn 0.36205 0.908676 0.207912 
vn 0.261682 0.942494 0.207912 
vn 0.158247 0.965262 0.207912 
vn 0.0529558 0.976713 0.207912 
vn -0.0529558 0.976713 0.207912 
vn -0.158247 0.965262 0.207912 
vn -0.261682 0.942494 0.207912 
vn -0.36205 0.908676 0.207912 
vn -0.458173 0.864205 0.207912 
vn -0.548924 0.809602 0.207912 
vn -0.633239 0.745507 0.207912 
vn -0.710131 0.672672 0.207912 
vn -0.778697 0.59195 0.207912 
vn -0.838133 0.504288 0.207912 
vn -0.887743 0.410714 0.207912 
vn -0.926945 0.312324 0.207912 
vn -0.955279 0.210273 0.207912 
vn -0.972414 0.105756 0.207912 
vn -0.994522 0 0.104528 
vn -0.988692 -0.107527 0.104528 
vn -0.971271 -0.213793 0.104528 
vn -0.942462 -0.317552 0.104528 
vn -0.902604 -0.417589 0.104528 
vn -0.852163 -0.51273 0.104528 
vn -0.791732 -0.601859 0.104528 
vn -0.722018 -0.683932 0.104528 
vn -0.64384 -0.757987 0.104528 
vn -0.558113 -0.823155 0.104528 
vn -0.465842 -0.878672 0.104528 
vn -0.36811 -0.923888 0.104528 
vn -0.266063 -0.958272 0.104528 
vn -0.160896 -0.981421 0.104528 
vn -0.0538423 -0.993063 0.104528 
vn 0.0538423 -0.993063 0.104528 
vn 0.160896 -0.981421 0.104528 
vn 0.266063 -0.958272 0.104528 
vn 0.36811 -0.923888 0.104528 
vn 0.465842 -0.878672 0.104528 
vn 0.558113 -0.823155 0.104528 
vn 0.64384 -0.757987 0.104528 
vn 0.722018 -0.683932 0.104528 
vn 0.791732 -0.601859 0.104528 
vn 0.852163 -0.51273 0.104528 
vn 0.902604 -0.417589 0.104528 
vn 0.942462 -0.317552 0.104528 
vn 0.971271 -0.213793 0.104528 
vn 0.988692 -0.107527 0.104528 
vn 0.994522 2.07026e-16 0.104528 
vn 0.988692 0.107527 0.104528 
vn 0.971271 0.213793 0.104528 
vn 0.942462 0.317552 0.104528 
vn 0.902604 0.417589 0.104528 
vn 0.852163 0.51273 0.104528 
vn 0.791732 0.601859 0.104528 
vn 0.722018 0.683932 0.104528 
vn 0.64384 0.757987 0.104528 
vn 0.558113 0.823155 0.104528 
vn 0.465842 0.878672 0.104528 
vn 0.36811 0.923888 0.104528 
vn 0.266063 0.958272 0.104528 
vn 0.160896 0.981421 0.104528 
vn 0.0538423 0.993063 0.104528 
vn -0.0538423 0.993063 0.104528 
vn -0.160896 0.981421 0.104528 
vn -0.266063 0.958272 0.104528 
vn -0.36811 0.923888 0.104528 
vn -0.465842 0.878672 0.104528 
vn -0.558113 0.823155 0.104528 
vn -0.64384 0.757987 0.104528 
vn -0.722018 0.683932 0.104528 
vn -0.791732 0.601859 0.104528 
vn -0.852163 0.51273 0.104528 
vn -0.902604 0.417589 0.104528 
vn -0.942462 0.317552 0.104528 
vn -0.971271 0.213793 0.104528 
vn -0.988692 0.107527 0.104528 
vn -1 0 1.22465e-16 
vn -0.994138 -0.108119 1.22465e-16 
vn -0.976621 -0.21497 1.22465e-16 
vn -0.947653 -0.319302 1.22465e-16 
vn -0.907575 -0.419889 1.22465e-16 
vn -0.856857 -0.515554 1.22465e-16 
vn -0.796093 -0.605174 1.22465e-16 
vn -0.725995 -0.687699 1.22465e-16 
vn -0.647386 -0.762162 1.22465e-16 
vn -0.561187 -0.827689 1.22465e-16 
vn -0.468408 -0.883512 1.22465e-16 
vn -0.370138 -0.928977 1.22465e-16 
vn -0.267528 -0.96355 1.22465e-16 
vn -0.161782 -0.986827 1.22465e-16 
vn -0.0541389 -0.998533 1.22465e-16 
vn 0.0541389 -0.998533 1.22465e-16 
vn 0.161782 -0.986827 1.22465e-16 
vn 0.267528 -0.96355 1.22465e-16 
vn 0.370138 -0.928977 1.22465e-16 
vn 0.468408 -0.883512 1.22465e-16 
vn 0.561187 -0.827689 1.22465e-16 
vn 0.647386 -0.762162 1.22465e-16 
vn 0.725995 -0.687699 1.22465e-16 
vn 0.796093 -0.605174 1.22465e-16 
vn 0.856857 -0.515554 1.22465e-16 
vn 0.907575 -0.419889 1.22465e-16 
vn 0.947653 -0.319302 1.22465e-16 
vn 0.976621 -0.21497 1.22465e-16 
vn 0.994138 -0.108119 1.22465e-16 
vn 1 2.08167e-16 1.22465e-16 
vn 0.994138 0.108119 1.22465e-16 
vn 0.976621 0.21497 1.22465e-16 
vn 0.947653 0.319302 1.22465e-16 
vn 0.907575 0.419889 1.22465e-16 
vn 0.856857 0.515554 1.22465e-16 
vn 0.796093 0.605174 1.22465e-16 
vn 0.725995 0.687699 1.22465e-16 
vn 0.647386 0.762162 1.22465e-16 
vn 0.561187 0.827689 1.22465e-16 
vn 0.468408 0.883512 1.22465e-16 
vn 0.370138 0.928977 1.22465e-16 
vn 0.267528 0.96355 1.22465e-16 
vn 0.161782 0.986827 1.22465e-16 
vn 0.0541389 0.998533 1.22465e-16 
vn -0.0541389 0.998533 1.22465e-16 
vn -0.161782 0.986827 1.22465e-16 
vn -0.267528 0.96355 1.22465e-16 
vn -0.370138 0.928977 1.22465e-16 
vn -0.468408 0.883512 1.22465e-16 
vn -0.561187 0.827689 1.22465e-16 
vn -0.647386 0.762162 1.22465e-16 
vn -0.725995 0.687699 1.22465e-16 
vn -0.796093 0.605174 1.22465e-16 
vn -0.856857 0.515554 1.22465e-16 
vn -0.907575 0.419889 1.22465e-16 
vn -0.947653 0.319302 1.22465e-16 
vn -0.976621 0.21497 1.22465e-16 
vn -0.994138 0.108119 1.22465e-16 
vn -1 2.44929e-16 0 
vn -0.976621 0.21497 0 
vn -0.994138 0.108119 0 
vn -0.947653 0.319302 0 
vn -0.976621 0.21497 0 
vn -0.907575 0.419889 0 
vn -0.947653 0.319302 0 
vn -0.856857 0.515554 0 
vn -0.907575 0.419889 0 
vn -0.796093 0.605174 0 
vn -0.856857 0.515554 0 
vn -0.725995 0.687699 0 
vn -0.796093 0.605174 0 
vn -0.647386 0.762162 0 
vn -0.725995 0.687699 0 
vn -0.561187 0.827689 0 
vn -0.647386 0.762162 0 
vn -0.468408 0.883512 0 
vn -0.561187 0.827689 0 
vn -0.370138 0.928977 0 
vn -0.468408 0.883512 0 
vn -0.267528 0.96355 0 
vn -0.370138 0.928977 0 
vn -0.161782 0.986827 0 
vn -0.267528 0.96355 0 
vn -0.0541389 0.998533 0 
vn -0.161782 0.986827 0 
vn 0.0541389 0.998533 0 
vn -0.0541389 0.998533 0 
vn 0.161782 0.986827 0 
vn 0.0541389 0.998533 0 
vn 0.267528 0.96355 0 
vn 0.161782 0.986827 0 
vn 0.370138 0.928977 0 
vn 0.267528 0.96355 0 
vn 0.468408 0.883512 0 
vn 0.370138 0.928977 0 
vn 0.561187 0.827689 0 
vn 0.468408 0.883512 0 
vn 0.647386 0.762162 0 
vn 0.561187 0.827689 0 
vn 0.725995 0.687699 0 
vn 0.647386 0.762162 0 
vn 0.796093 0.605174 0 
vn 0.725995 0.687699 0 
vn 0.856857 0.515554 0 
vn 0.796093 0.605174 0 
vn 0.907575 0.419889 0 
vn 0.856857 0.515554 0 
vn 0.947653 0.319302 0 
vn 0.907575 0.419889 0 
vn 0.976621 0.21497 0 
vn 0.947653 0.319302 0 
vn 0.994138 0.108119 0 
vn 0.976621 0.21497 0 
vn 1 -1.22465e-16 0 
vn 0.994138 0.108119 0 
vn 0.994138 -0.108119 0 
vn 1 -1.22465e-16 0 
vn 0.976621 -0.21497 0 
vn 0.994138 -0.108119 0 
vn 0.947653 -0.319302 0 
vn 0.976621 -0.21497 0 
vn 0.907575 -0.419889 0 
vn 0.947653 -0.319302 0 
vn 0.856857 -0.515554 0 
vn 0.907575 -0.419889 0 
vn 0.796093 -0.605174 0 
vn 0.856857 -0.515554 0 
vn 0.725995 -0.687699 0 
vn 0.796093 -0.605174 0 
vn 0.647386 -0.762162 0 
vn 0.725995 -0.687699 0 
vn 0.561187 -0.827689 0 
vn 0.647386 -0.762162 0 
vn 0.468408 -0.883512 0 
vn 0.561187 -0.827689 0 
vn 0.370138 -0.928977 0 
vn 0.468408 -0.883512 0 
vn 0.267528 -0.96355 0 
vn 0.370138 -0.928977 0 
vn 0.161782 -0.986827 0 
vn 0.267528 -0.96355 0 
vn 0.0541389 -0.998533 0 
vn 0.161782 -0.986827 0 
vn -0.0541389 -0.998533 0 
vn 0.0541389 -0.998533 0 
vn -0.161782 -0.986827 0 
vn -0.0541389 -0.998533 0 
vn -0.267528 -0.96355 0 
vn -0.161782 -0.986827 0 
vn -0.370138 -0.928977 0 
vn -0.267528 -0.96355 0 
vn -0.468408 -0.883512 0 
vn -0.370138 -0.928977 0 
vn -0.561187 -0.827689 0 
vn -0.468408 -0.883512 0 
vn -0.647386 -0.762162 0 
vn -0.561187 -0.827689 0 
vn -0.725995 -0.687699 0 
vn -0.647386 -0.762162 0 
vn -0.796093 -0.605174 0 
vn -0.725995 -0.687699 0 
vn -0.856857 -0.515554 0 
vn -0.796093 -0.605174 0 
vn -0.907575 -0.419889 0 
vn -0.856857 -0.515554 0 
vn -0.947653 -0.319302 0 
vn -0.907575 -0.419889 0 
vn -0.976621 -0.21497 0 
vn -0.947653 -0.319302 0 
vn -0.994138 -0.108119 0 
vn -0.976621 -0.21497 0 
vn -0.994522 0 -0.104528 
vn -1 0 -1.22465e-16 
vn -0.994138 -0.108119 -1.22465e-16 
vn -0.988692 -0.107527 -0.104528 
vn -0.976621 -0.21497 -1.22465e-16 
vn -0.971271 -0.213793 -0.104528 
vn -0.947653 -0.319302 -1.22465e-16 
vn -0.942462 -0.317552 -0.104528 
vn -0.907575 -0.419889 -1.22465e-16 
vn -0.902604 -0.417589 -0.104528 
vn -0.856857 -0.515554 -1.22465e-16 
vn -0.852163 -0.51273 -0.104528 
vn -0.796093 -0.605174 -1.22465e-16 
vn -0.791732 -0.601859 -0.104528 
vn -0.725995 -0.687699 -1.22465e-16 
vn -0.722018 -0.683932 -0.104528 
vn -0.647386 -0.762162 -1.22465e-16 
vn -0.64384 -0.757987 -0.104528 
vn -0.561187 -0.827689 -1.22465e-16 
vn -0.558113 -0.823155 -0.104528 
vn -0.468408 -0.883512 -1.22465e-16 
vn -0.465842 -0.878672 -0.104528 
vn -0.370138 -0.928977 -1.22465e-16 
vn -0.36811 -0.923888 -0.104528 
vn -0.267528 -0.96355 -1.22465e-16 
vn -0.266063 -0.958272 -0.104528 
vn -0.161782 -0.986827 -1.22465e-16 
vn -0.160896 -0.981421 -0.104528 
vn -0.0541389 -0.998533 -1.22465e-16 
vn -0.0538423 -0.993063 -0.104528 
vn 0.0541389 -0.998533 -1.22465e-16 
vn 0.0538423 -0.993063 -0.104528 
vn 0.161782 -0.986827 -1.22465e-16 
vn 0.160896 -0.981421 -0.104528 
vn 0.267528 -0.96355 -1.22465e-16 
vn 0.266063 -0.958272 -0.104528 
vn 0.370138 -0.928977 -1.22465e-16 
vn 0.36811 -0.923888 -0.104528 
vn 0.468408 -0.883512 -1.22465e-16 
vn 0.465842 -0.878672 -0.104528 
vn 0.561187 -0.827689 -1.22465e-16 
vn 0.558113 -0.823155 -0.104528 
vn 0.647386 -0.762162 -1.22465e-16 
vn 0.64384 -0.757987 -0.104528 
vn 0.725995 -0.687699 -1.22465e-16 
vn 0.722018 -0.683932 -0.104528 
vn 0.796093 -0.605174 -1.22465e-16 
vn 0.791732 -0.601859 -0.104528 
vn 0.856857 -0.515554 -1.22465e-16 
vn 0.852163 -0.51273 -0.104528 
vn 0.907575 -0.419889 -1.22465e-16 
vn 0.902604 -0.417589 -0.104528 
vn 0.947653 -0.319302 -1.22465e-16 
vn 0.942462 -0.317552 -0.104528 
vn 0.976621 -0.21497 -1.22465e-16 
vn 0.971271 -0.213793 -0.104528 
vn 0.994138 -0.108119 -1.22465e-16 
vn 0.988692 -0.107527 -0.104528 
vn 1 2.08167e-16 -1.22465e-16 
vn 0.994522 2.07026e-16 -0.104528 
vn 0.994138 0.108119 -1.22465e-16 
vn 0.988692 0.107527 -0.104528 
vn 0.976621 0.21497 -1.22465e-16 
vn 0.971271 0.213793 -0.104528 
vn 0.947653 0.319302 -1.22465e-16 
vn 0.942462 0.317552 -0.104528 
vn 0.907575 0.419889 -1.22465e-16 
vn 0.902604 0.417589 -0.104528 
vn 0.856857 0.515554 -1.22465e-16 
vn 0.852163 0.51273 -0.104528 
vn 0.796093 0.605174 -1.22465e-16 
vn 0.791732 0.601859 -0.104528 
vn 0.725995 0.687699 -1.22465e-16 
vn 0.722018 0.683932 -0.104528 
vn 0.647386 0.762162 -1.22465e-16 
vn 0.64384 0.757987 -0.104528 
vn 0.561187 0.827689 -1.22465e-16 
vn 0.558113 0.823155 -0.104528 
vn 0.468408 0.883512 -1.22465e-16 
vn 0.465842 0.878672 -0.104528 
vn 0.370138 0.928977 -1.22465e-16 
vn 0.36811 0.923888 -0.104528 
vn 0.267528 0.96355 -1.22465e-16 
vn 0.266063 0.958272 -0.104528 
vn 0.161782 0.986827 -1.22465e-16 
vn 0.160896 0.981421 -0.104528 
vn 0.0541389 0.998533 -1.22465e-16 
vn 0.0538423 0.993063 -0.104528 
vn -0.0541389 0.998533 -1.22465e-16 
vn -0.0538423 0.993063 -0.104528 
vn -0.161782 0.986827 -1.22465e-16 
vn -0.160896 0.981421 -0.104528 
vn -0.267528 0.96355 -1.22465e-16 
vn -0.266063 0.958272 -0.104528 
vn -0.370138 0.928977 -1.22465e-16 
vn -0.36811 0.923888 -0.104528 
vn -0.468408 0.883512 -1.22465e-16 
vn -0.465842 0.878672 -0.104528 
vn -0.561187 0.827689 -1.22465e-16 
vn -0.558113 0.823155 -0.104528 
vn -0.647386 0.762162 -1.22465e-16 
vn -0.64384 0.757987 -0.104528 
vn -0.725995 0.687699 -1.22465e-16 
vn -0.722018 0.683932 -0.104528 
vn -0.796093 0.605174 -1.22465e-16 
vn -0.791732 0.601859 -0.104528 
vn -0.856857 0.515554 -1.22465e-16 
vn -0.852163 0.51273 -0.104528 
vn -0.907575 0.419889 -1.22465e-16 
vn -0.902604 0.417589 -0.104528 
vn -0.947653 0.319302 -1.22465e-16 
vn -0.942462 0.317552 -0.104528 
vn -0.976621 0.21497 -1.22465e-16 
vn -0.971271 0.213793 -0.104528 
vn -0.994138 0.108119 -1.22465e-16 
vn -0.988692 0.107527 -0.104528 
vn -0.978148 0 -0.207912 
vn -0.972414 -0.105756 -0.207912 
vn -0.955279 -0.210273 -0.207912 
vn -0.926945 -0.312324 -0.207912 
vn -0.887743 -0.410714 -0.207912 
vn -0.838133 -0.504288 -0.207912 
vn -0.778697 -0.59195 -0.207912 
vn -0.710131 -0.672672 -0.207912 
vn -0.633239 -0.745507 -0.207912 
vn -0.548924 -0.809602 -0.207912 
vn -0.458173 -0.864205 -0.207912 
vn -0.36205 -0.908676 -0.207912 
vn -0.261682 -0.942494 -0.207912 
vn -0.158247 -0.965262 -0.207912 
vn -0.0529558 -0.976713 -0.207912 
vn 0.0529558 -0.976713 -0.207912 
vn 0.158247 -0.965262 -0.207912 
vn 0.261682 -0.942494 -0.207912 
vn 0.36205 -0.908676 -0.207912 
vn 0.458173 -0.864205 -0.207912 
vn 0.548924 -0.809602 -0.207912 
vn 0.633239 -0.745507 -0.207912 
vn 0.710131 -0.672672 -0.207912 
vn 0.778697 -0.59195 -0.207912 
vn 0.838133 -0.504288 -0.207912 
vn 0.887743 -0.410714 -0.207912 
vn 0.926945 -0.312324 -0.207912 
vn 0.955279 -0.210273 -0.207912 
vn 0.972414 -0.105756 -0.207912 
vn 0.978148 2.03618e-16 -0.207912 
vn 0.972414 0.105756 -0.207912 
vn 0.955279 0.210273 -0.207912 
vn 0.926945 0.312324 -0.207912 
vn 0.887743 0.410714 -0.207912 
vn 0.838133 0.504288 -0.207912 
vn 0.778697 0.59195 -0.207912 
vn 0.710131 0.672672 -0.207912 
vn 0.633239 0.745507 -0.207912 
vn 0.548924 0.809602 -0.207912 
vn 0.458173 0.864205 -0.207912 
vn 0.36205 0.908676 -0.207912 
vn 0.261682 0.942494 -0.207912 
vn 0.158247 0.965262 -0.207912 
vn 0.0529558 0.976713 -0.207912 
vn -0.0529558 0.976713 -0.207912 
vn -0.158247 0.965262 -0.207912 
vn -0.261682 0.942494 -0.207912 
vn -0.36205 0.908676 -0.207912 
vn -0.458173 0.864205 -0.207912 
vn -0.548924 0.809602 -0.207912 
vn -0.633239 0.745507 -0.207912 
vn -0.710131 0.672672 -0.207912 
vn -0.778697 0.59195 -0.207912 
vn -0.838133 0.504288 -0.207912 
vn -0.887743 0.410714 -0.207912 
vn -0.926945 0.312324 -0.207912 
vn -0.955279 0.210273 -0.207912 
vn -0.972414 0.105756 -0.207912 
vn -0.951057 0 -0.309017 
vn -0.945481 -0.102827 -0.309017 
vn -0.928821 -0.204449 -0.309017 
vn -0.901272 -0.303674 -0.309017 
vn -0.863156 -0.399338 -0.309017 
vn -0.81492 -0.490321 -0.309017 
vn -0.757129 -0.575555 -0.309017 
vn -0.690463 -0.654041 -0.309017 
vn -0.615701 -0.724859 -0.309017 
vn -0.533721 -0.787179 -0.309017 
vn -0.445483 -0.84027 -0.309017 
vn -0.352022 -0.883509 -0.309017 
vn -0.254435 -0.91639 -0.309017 
vn -0.153864 -0.938528 -0.309017 
vn -0.0514892 -0.949662 -0.309017 
vn 0.0514892 -0.949662 -0.309017 
vn 0.153864 -0.938528 -0.309017 
vn 0.254435 -0.91639 -0.309017 
vn 0.352022 -0.883509 -0.309017 
vn 0.445483 -0.84027 -0.309017 
vn 0.533721 -0.787179 -0.309017 
vn 0.615701 -0.724859 -0.309017 
vn 0.690463 -0.654041 -0.309017 
vn 0.757129 -0.575555 -0.309017 
vn 0.81492 -0.490321 -0.309017 
vn 0.863156 -0.399338 -0.309017 
vn 0.901272 -0.303674 -0.309017 
vn 0.928821 -0.204449 -0.309017 
vn 0.945481 -0.102827 -0.309017 
vn 0.951057 1.97978e-16 -0.309017 
vn 0.945481 0.102827 -0.309017 
vn 0.928821 0.204449 -0.309017 
vn 0.901272 0.303674 -0.309017 
vn 0.863156 0.399338 -0.309017 
vn 0.81492 0.490321 -0.309017 
vn 0.757129 0.575555 -0.309017 
vn 0.690463 0.654041 -0.309017 
vn 0.615701 0.724859 -0.309017 
vn 0.533721 0.787179 -0.309017 
vn 0.445483 0.84027 -0.309017 
vn 0.352022 0.883509 -0.309017 
vn 0.254435 0.91639 -0.309017 
vn 0.153864 0.938528 -0.309017 
vn 0.0514892 0.949662 -0.309017 
vn -0.0514892 0.949662 -0.309017 
vn -0.153864 0.938528 -0.309017 
vn -0.254435 0.91639 -0.309017 
vn -0.352022 0.883509 -0.309017 
vn -0.445483 0.84027 -0.309017 
vn -0.533721 0.787179 -0.309017 
vn -0.615701 0.724859 -0.309017 
vn -0.690463 0.654041 -0.309017 
vn -0.757129 0.575555 -0.309017 
vn -0.81492 0.490321 -0.309017 
vn -0.863156 0.399338 -0.309017 
vn -0.901272 0.303674 -0.309017 
vn -0.928821 0.204449 -0.309017 
vn -0.945481 0.102827 -0.309017 
vn -0.913545 0 -0.406737 
vn -0.90819 -0.0987716 -0.406737 
vn -0.892187 -0.196385 -0.406737 
vn -0.865724 -0.291696 -0.406737 
vn -0.829111 -0.383588 -0.406737 
vn -0.782778 -0.470982 -0.406737 
vn -0.727267 -0.552854 -0.406737 
vn -0.66323 -0.628245 -0.406737 
vn -0.591417 -0.69627 -0.406737 
vn -0.51267 -0.756132 -0.406737 
vn -0.427912 -0.807128 -0.406737 
vn -0.338138 -0.848662 -0.406737 
vn -0.244399 -0.880247 -0.406737 
vn -0.147795 -0.901511 -0.406737 
vn -0.0494584 -0.912206 -0.406737 
vn 0.0494584 -0.912206 -0.406737 
vn 0.147795 -0.901511 -0.406737 
vn 0.244399 -0.880247 -0.406737 
vn 0.338138 -0.848662 -0.406737 
vn 0.427912 -0.807128 -0.406737 
vn 0.51267 -0.756132 -0.406737 
vn 0.591417 -0.69627 -0.406737 
vn 0.66323 -0.628245 -0.406737 
vn 0.727267 -0.552854 -0.406737 
vn 0.782778 -0.470982 -0.406737 
vn 0.829111 -0.383588 -0.406737 
vn 0.865724 -0.291696 -0.406737 
vn 0.892187 -0.196385 -0.406737 
vn 0.90819 -0.0987716 -0.406737 
vn 0.913545 1.9017e-16 -0.406737 
vn 0.90819 0.0987716 -0.406737 
vn 0.892187 0.196385 -0.406737 
vn 0.865724 0.291696 -0.406737 
vn 0.829111 0.383588 -0.406737 
vn 0.782778 0.470982 -0.406737 
vn 0.727267 0.552854 -0.406737 
vn 0.66323 0.628245 -0.406737 
vn 0.591417 0.69627 -0.406737 
vn 0.51267 0.756132 -0.406737 
vn 0.427912 0.807128 -0.406737 
vn 0.338138 0.848662 -0.406737 
vn 0.244399 0.880247 -0.406737 
vn 0.147795 0.901511 -0.406737 
vn 0.0494584 0.912206 -0.406737 
vn -0.0494584 0.912206 -0.406737 
vn -0.147795 0.901511 -0.406737 
vn -0.244399 0.880247 -0.406737 
vn -0.338138 0.848662 -0.406737 
vn -0.427912 0.807128 -0.406737 
vn -0.51267 0.756132 -0.406737 
vn -0.591417 0.69627 -0.406737 
vn -0.66323 0.628245 -0.406737 
vn -0.727267 0.552854 -0.406737 
vn -0.782778 0.470982 -0.406737 
vn -0.829111 0.383588 -0.406737 
vn -0.865724 0.291696 -0.406737 
vn -0.892187 0.196385 -0.406737 
vn -0.90819 0.0987716 -0.406737 
vn -0.866025 0 -0.5 
vn -0.860949 -0.0936338 -0.5 
vn -0.845778 -0.18617 -0.5 
vn -0.820692 -0.276523 -0.5 
vn -0.785983 -0.363635 -0.5 
vn -0.74206 -0.446483 -0.5 
vn -0.689437 -0.524096 -0.5 
vn -0.628731 -0.595565 -0.5 
vn -0.560653 -0.660052 -0.5 
vn -0.486002 -0.7168 -0.5 
vn -0.405654 -0.765144 -0.5 
vn -0.320549 -0.804517 -0.5 
vn -0.231686 -0.834459 -0.5 
vn -0.140107 -0.854617 -0.5 
vn -0.0468857 -0.864755 -0.5 
vn 0.0468857 -0.864755 -0.5 
vn 0.140107 -0.854617 -0.5 
vn 0.231686 -0.834459 -0.5 
vn 0.320549 -0.804517 -0.5 
vn 0.405654 -0.765144 -0.5 
vn 0.486002 -0.7168 -0.5 
vn 0.560653 -0.660052 -0.5 
vn 0.628731 -0.595565 -0.5 
vn 0.689437 -0.524096 -0.5 
vn 0.74206 -0.446483 -0.5 
vn 0.785983 -0.363635 -0.5 
vn 0.820692 -0.276523 -0.5 
vn 0.845778 -0.18617 -0.5 
vn 0.860949 -0.0936338 -0.5 
vn 0.866025 1.80278e-16 -0.5 
vn 0.860949 0.0936338 -0.5 
vn 0.845778 0.18617 -0.5 
vn 0.820692 0.276523 -0.5 
vn 0.785983 0.363635 -0.5 
vn 0.74206 0.446483 -0.5 
vn 0.689437 0.524096 -0.5 
vn 0.628731 0.595565 -0.5 
vn 0.560653 0.660052 -0.5 
vn 0.486002 0.7168 -0.5 
vn 0.405654 0.765144 -0.5 
vn 0.320549 0.804517 -0.5 
vn 0.231686 0.834459 -0.5 
vn 0.140107 0.854617 -0.5 
vn 0.0468857 0.864755 -0.5 
vn -0.0468857 0.864755 -0.5 
vn -0.140107 0.854617 -0.5 
vn -0.231686 0.834459 -0.5 
vn -0.320549 0.804517 -0.5 
vn -0.405654 0.765144 -0.5 
vn -0.486002 0.7168 -0.5 
vn -0.560653 0.660052 -0.5 
vn -0.628731 0.595565 -0.5 
vn -0.689437 0.524096 -0.5 
vn -0.74206 0.446483 -0.5 
vn -0.785983 0.363635 -0.5 
vn -0.820692 0.276523 -0.5 
vn -0.845778 0.18617 -0.5 
vn -0.860949 0.0936338 -0.5 
vn -0.809017 0 -0.587785 
vn -0.804275 -0.0874701 -0.587785 
vn -0.790103 -0.173915 -0.587785 
vn -0.766668 -0.25832 -0.587785 
vn -0.734244 -0.339697 -0.587785 
vn -0.693212 -0.417092 -0.587785 
vn -0.644053 -0.489596 -0.587785 
vn -0.587343 -0.556361 -0.587785 
vn -0.523747 -0.616602 -0.587785 
vn -0.45401 -0.669614 -0.587785 
vn -0.37895 -0.714776 -0.587785 
vn -0.299448 -0.751558 -0.587785 
vn -0.216435 -0.779528 -0.587785 
vn -0.130884 -0.798359 -0.587785 
vn -0.0437993 -0.807831 -0.587785 
vn 0.0437993 -0.807831 -0.587785 
vn 0.130884 -0.798359 -0.587785 
vn 0.216435 -0.779528 -0.587785 
vn 0.299448 -0.751558 -0.587785 
vn 0.37895 -0.714776 -0.587785 
vn 0.45401 -0.669614 -0.587785 
vn 0.523747 -0.616602 -0.587785 
vn 0.587343 -0.556361 -0.587785 
vn 0.644053 -0.489596 -0.587785 
vn 0.693212 -0.417092 -0.587785 
vn 0.734244 -0.339697 -0.587785 
vn 0.766668 -0.25832 -0.587785 
vn 0.790103 -0.173915 -0.587785 
vn 0.804275 -0.0874701 -0.587785 
vn 0.809017 1.6841e-16 -0.587785 
vn 0.804275 0.0874701 -0.587785 
vn 0.790103 0.173915 -0.587785 
vn 0.766668 0.25832 -0.587785 
vn 0.734244 0.339697 -0.587785 
vn 0.693212 0.417092 -0.587785 
vn 0.644053 0.489596 -0.587785 
vn 0.587343 0.556361 -0.587785 
vn 0.523747 0.616602 -0.587785 
vn 0.45401 0.669614 -0.587785 
vn 0.37895 0.714776 -0.587785 
vn 0.299448 0.751558 -0.587785 
vn 0.216435 0.779528 -0.587785 
vn 0.130884 0.798359 -0.587785 
vn 0.0437993 0.807831 -0.587785 
vn -0.0437993 0.807831 -0.587785 
vn -0.130884 0.798359 -0.587785 
vn -0.216435 0.779528 -0.587785 
vn -0.299448 0.751558 -0.587785 
vn -0.37895 0.714776 -0.587785 
vn -0.45401 0.669614 -0.587785 
vn -0.523747 0.616602 -0.587785 
vn -0.587343 0.556361 -0.587785 
vn -0.644053 0.489596 -0.587785 
vn -0.693212 0.417092 -0.587785 
vn -0.734244 0.339697 -0.587785 
vn -0.766668 0.25832 -0.587785 
vn -0.790103 0.173915 -0.587785 
vn -0.804275 0.0874701 -0.587785 
vn -0.743145 0 -0.669131 
vn -0.738788 -0.0803481 -0.669131 
vn -0.725771 -0.159754 -0.669131 
vn -0.704244 -0.237287 -0.669131 
vn -0.67446 -0.312038 -0.669131 
vn -0.636769 -0.383131 -0.669131 
vn -0.591612 -0.449732 -0.669131 
vn -0.53952 -0.51106 -0.669131 
vn -0.481102 -0.566397 -0.669131 
vn -0.417043 -0.615093 -0.669131 
vn -0.348095 -0.656577 -0.669131 
vn -0.275066 -0.690364 -0.669131 
vn -0.198812 -0.716057 -0.669131 
vn -0.120227 -0.733355 -0.669131 
vn -0.040233 -0.742055 -0.669131 
vn 0.040233 -0.742055 -0.669131 
vn 0.120227 -0.733355 -0.669131 
vn 0.198812 -0.716057 -0.669131 
vn 0.275066 -0.690364 -0.669131 
vn 0.348095 -0.656577 -0.669131 
vn 0.417043 -0.615093 -0.669131 
vn 0.481102 -0.566397 -0.669131 
vn 0.53952 -0.51106 -0.669131 
vn 0.591612 -0.449732 -0.669131 
vn 0.636769 -0.383131 -0.669131 
vn 0.67446 -0.312038 -0.669131 
vn 0.704244 -0.237287 -0.669131 
vn 0.725771 -0.159754 -0.669131 
vn 0.738788 -0.0803481 -0.669131 
vn 0.743145 1.54698e-16 -0.669131 
vn 0.738788 0.0803481 -0.669131 
vn 0.725771 0.159754 -0.669131 
vn 0.704244 0.237287 -0.669131 
vn 0.67446 0.312038 -0.669131 
vn 0.636769 0.383131 -0.669131 
vn 0.591612 0.449732 -0.669131 
vn 0.53952 0.51106 -0.669131 
vn 0.481102 0.566397 -0.669131 
vn 0.417043 0.615093 -0.669131 
vn 0.348095 0.656577 -0.669131 
vn 0.275066 0.690364 -0.669131 
vn 0.198812 0.716057 -0.669131 
vn 0.120227 0.733355 -0.669131 
vn 0.040233 0.742055 -0.669131 
vn -0.040233 0.742055 -0.669131 
vn -0.120227 0.733355 -0.669131 
vn -0.198812 0.716057 -0.669131 
vn -0.275066 0.690364 -0.669131 
vn -0.348095 0.656577 -0.669131 
vn -0.417043 0.615093 -0.669131 
vn -0.481102 0.566397 -0.669131 
vn -0.53952 0.51106 -0.669131 
vn -0.591612 0.449732 -0.669131 
vn -0.636769 0.383131 -0.669131 
vn -0.67446 0.312038 -0.669131 
vn -0.704244 0.237287 -0.669131 
vn -0.725771 0.159754 -0.669131 
vn -0.738788 0.0803481 -0.669131 
vn -0.669131 0 -0.743145 
vn -0.665208 -0.0723457 -0.743145 
vn -0.653487 -0.143843 -0.743145 
vn -0.634104 -0.213654 -0.743145 
vn -0.607286 -0.280961 -0.743145 
vn -0.573349 -0.344973 -0.743145 
vn -0.53269 -0.404941 -0.743145 
vn -0.485786 -0.460161 -0.743145 
vn -0.433186 -0.509986 -0.743145 
vn -0.375507 -0.553832 -0.743145 
vn -0.313426 -0.591185 -0.743145 
vn -0.247671 -0.621607 -0.743145 
vn -0.179011 -0.644741 -0.743145 
vn -0.108253 -0.660316 -0.743145 
vn -0.036226 -0.668149 -0.743145 
vn 0.036226 -0.668149 -0.743145 
vn 0.108253 -0.660316 -0.743145 
vn 0.179011 -0.644741 -0.743145 
vn 0.247671 -0.621607 -0.743145 
vn 0.313426 -0.591185 -0.743145 
vn 0.375507 -0.553832 -0.743145 
vn 0.433186 -0.509986 -0.743145 
vn 0.485786 -0.460161 -0.743145 
vn 0.53269 -0.404941 -0.743145 
vn 0.573349 -0.344973 -0.743145 
vn 0.607286 -0.280961 -0.743145 
vn 0.634104 -0.213654 -0.743145 
vn 0.653487 -0.143843 -0.743145 
vn 0.665208 -0.0723457 -0.743145 
vn 0.669131 1.39291e-16 -0.743145 
vn 0.665208 0.0723457 -0.743145 
vn 0.653487 0.143843 -0.743145 
vn 0.634104 0.213654 -0.743145 
vn 0.607286 0.280961 -0.743145 
vn 0.573349 0.344973 -0.743145 
vn 0.53269 0.404941 -0.743145 
vn 0.485786 0.460161 -0.743145 
vn 0.433186 0.509986 -0.743145 
vn 0.375507 0.553832 -0.743145 
vn 0.313426 0.591185 -0.743145 
vn 0.247671 0.621607 -0.743145 
vn 0.179011 0.644741 -0.743145 
vn 0.108253 0.660316 -0.743145 
vn 0.036226 0.668149 -0.743145 
vn -0.036226 0.668149 -0.743145 
vn -0.108253 0.660316 -0.743145 
vn -0.179011 0.644741 -0.743145 
vn -0.247671 0.621607 -0.743145 
vn -0.313426 0.591185 -0.743145 
vn -0.375507 0.553832 -0.743145 
vn -0.433186 0.509986 -0.743145 
vn -0.485786 0.460161 -0.743145 
vn -0.53269 0.404941 -0.743145 
vn -0.573349 0.344973 -0.743145 
vn -0.607286 0.280961 -0.743145 
vn -0.634104 0.213654 -0.743145 
vn -0.653487 0.143843 -0.743145 
vn -0.665208 0.0723457 -0.743145 
vn -0.587785 0 -0.809017 
vn -0.58434 -0.0635508 -0.809017 
vn -0.574043 -0.126356 -0.809017 
vn -0.557017 -0.187681 -0.809017 
vn -0.533459 -0.246805 -0.809017 
vn -0.503648 -0.303035 -0.809017 
vn -0.467932 -0.355712 -0.809017 
vn -0.426729 -0.40422 -0.809017 
vn -0.380524 -0.447988 -0.809017 
vn -0.329857 -0.486503 -0.809017 
vn -0.275324 -0.519315 -0.809017 
vn -0.217562 -0.546039 -0.809017 
vn -0.157249 -0.56636 -0.809017 
vn -0.0950931 -0.580042 -0.809017 
vn -0.0318221 -0.586923 -0.809017 
vn 0.0318221 -0.586923 -0.809017 
vn 0.0950931 -0.580042 -0.809017 
vn 0.157249 -0.56636 -0.809017 
vn 0.217562 -0.546039 -0.809017 
vn 0.275324 -0.519315 -0.809017 
vn 0.329857 -0.486503 -0.809017 
vn 0.380524 -0.447988 -0.809017 
vn 0.426729 -0.40422 -0.809017 
vn 0.467932 -0.355712 -0.809017 
vn 0.503648 -0.303035 -0.809017 
vn 0.533459 -0.246805 -0.809017 
vn 0.557017 -0.187681 -0.809017 
vn 0.574043 -0.126356 -0.809017 
vn 0.58434 -0.0635508 -0.809017 
vn 0.587785 1.22357e-16 -0.809017 
vn 0.58434 0.0635508 -0.809017 
vn 0.574043 0.126356 -0.809017 
vn 0.557017 0.187681 -0.809017 
vn 0.533459 0.246805 -0.809017 
vn 0.503648 0.303035 -0.809017 
vn 0.467932 0.355712 -0.809017 
vn 0.426729 0.40422 -0.809017 
vn 0.380524 0.447988 -0.809017 
vn 0.329857 0.486503 -0.809017 
vn 0.275324 0.519315 -0.809017 
vn 0.217562 0.546039 -0.809017 
vn 0.157249 0.56636 -0.809017 
vn 0.0950931 0.580042 -0.809017 
vn 0.0318221 0.586923 -0.809017 
vn -0.0318221 0.586923 -0.809017 
vn -0.0950931 0.580042 -0.809017 
vn -0.157249 0.56636 -0.809017 
vn -0.217562 0.546039 -0.809017 
vn -0.275324 0.519315 -0.809017 
vn -0.329857 0.486503 -0.809017 
vn -0.380524 0.447988 -0.809017 
vn -0.426729 0.40422 -0.809017 
vn -0.467932 0.355712 -0.809017 
vn -0.503648 0.303035 -0.809017 
vn -0.533459 0.246805 -0.809017 
vn -0.557017 0.187681 -0.809017 
vn -0.574043 0.126356 -0.809017 
vn -0.58434 0.0635508 -0.809017 
vn -0.5 0 -0.866025 
vn -0.497069 -0.0540595 -0.866025 
vn -0.48831 -0.107485 -0.866025 
vn -0.473827 -0.159651 -0.866025 
vn -0.453788 -0.209945 -0.866025 
vn -0.428429 -0.257777 -0.866025 
vn -0.398047 -0.302587 -0.866025 
vn -0.362998 -0.34385 -0.866025 
vn -0.323693 -0.381081 -0.866025 
vn -0.280594 -0.413844 -0.866025 
vn -0.234204 -0.441756 -0.866025 
vn -0.185069 -0.464488 -0.866025 
vn -0.133764 -0.481775 -0.866025 
vn -0.080891 -0.493413 -0.866025 
vn -0.0270695 -0.499267 -0.866025 
vn 0.0270695 -0.499267 -0.866025 
vn 0.080891 -0.493413 -0.866025 
vn 0.133764 -0.481775 -0.866025 
vn 0.185069 -0.464488 -0.866025 
vn 0.234204 -0.441756 -0.866025 
vn 0.280594 -0.413844 -0.866025 
vn 0.323693 -0.381081 -0.866025 
vn 0.362998 -0.34385 -0.866025 
vn 0.398047 -0.302587 -0.866025 
vn 0.428429 -0.257777 -0.866025 
vn 0.453788 -0.209945 -0.866025 
vn 0.473827 -0.159651 -0.866025 
vn 0.48831 -0.107485 -0.866025 
vn 0.497069 -0.0540595 -0.866025 
vn 0.5 1.04083e-16 -0.866025 
vn 0.497069 0.0540595 -0.866025 
vn 0.48831 0.107485 -0.866025 
vn 0.473827 0.159651 -0.866025 
vn 0.453788 0.209945 -0.866025 
vn 0.428429 0.257777 -0.866025 
vn 0.398047 0.302587 -0.866025 
vn 0.362998 0.34385 -0.866025 
vn 0.323693 0.381081 -0.866025 
vn 0.280594 0.413844 -0.866025 
vn 0.234204 0.441756 -0.866025 
vn 0.185069 0.464488 -0.866025 
vn 0.133764 0.481775 -0.866025 
vn 0.080891 0.493413 -0.866025 
vn 0.0270695 0.499267 -0.866025 
vn -0.0270695 0.499267 -0.866025 
vn -0.080891 0.493413 -0.866025 
vn -0.133764 0.481775 -0.866025 
vn -0.185069 0.464488 -0.866025 
vn -0.234204 0.441756 -0.866025 
vn -0.280594 0.413844 -0.866025 
vn -0.323693 0.381081 -0.866025 
vn -0.362998 0.34385 -0.866025 
vn -0.398047 0.302587 -0.866025 
vn -0.428429 0.257777 -0.866025 
vn -0.453788 0.209945 -0.866025 
vn -0.473827 0.159651 -0.866025 
vn -0.48831 0.107485 -0.866025 
vn -0.497069 0.0540595 -0.866025 
vn -0.406737 0 -0.913545 
vn -0.404352 -0.043976 -0.913545 
vn -0.397227 -0.0874364 -0.913545 
vn -0.385445 -0.129872 -0.913545 
vn -0.369144 -0.170784 -0.913545 
vn -0.348515 -0.209695 -0.913545 
vn -0.3238 -0.246147 -0.913545 
vn -0.295289 -0.279713 -0.913545 
vn -0.263316 -0.309999 -0.913545 
vn -0.228255 -0.336651 -0.913545 
vn -0.190519 -0.359357 -0.913545 
vn -0.150549 -0.377849 -0.913545 
vn -0.108814 -0.391911 -0.913545 
vn -0.0658027 -0.401379 -0.913545 
vn -0.0220203 -0.40614 -0.913545 
vn 0.0220203 -0.40614 -0.913545 
vn 0.0658027 -0.401379 -0.913545 
vn 0.108814 -0.391911 -0.913545 
vn 0.150549 -0.377849 -0.913545 
vn 0.190519 -0.359357 -0.913545 
vn 0.228255 -0.336651 -0.913545 
vn 0.263316 -0.309999 -0.913545 
vn 0.295289 -0.279713 -0.913545 
vn 0.3238 -0.246147 -0.913545 
vn 0.348515 -0.209695 -0.913545 
vn 0.369144 -0.170784 -0.913545 
vn 0.385445 -0.129872 -0.913545 
vn 0.397227 -0.0874364 -0.913545 
vn 0.404352 -0.043976 -0.913545 
vn 0.406737 8.46691e-17 -0.913545 
vn 0.404352 0.043976 -0.913545 
vn 0.397227 0.0874364 -0.913545 
vn 0.385445 0.129872 -0.913545 
vn 0.369144 0.170784 -0.913545 
vn 0.348515 0.209695 -0.913545 
vn 0.3238 0.246147 -0.913545 
vn 0.295289 0.279713 -0.913545 
vn 0.263316 0.309999 -0.913545 
vn 0.228255 0.336651 -0.913545 
vn 0.190519 0.359357 -0.913545 
vn 0.150549 0.377849 -0.913545 
vn 0.108814 0.391911 -0.913545 
vn 0.0658027 0.401379 -0.913545 
vn 0.0220203 0.40614 -0.913545 
vn -0.0220203 0.40614 -0.913545 
vn -0.0658027 0.401379 -0.913545 
vn -0.108814 0.391911 -0.913545 
vn -0.150549 0.377849 -0.913545 
vn -0.190519 0.359357 -0.913545 
vn -0.228255 0.336651 -0.913545 
vn -0.263316 0.309999 -0.913545 
vn -0.295289 0.279713 -0.913545 
vn -0.3238 0.246147 -0.913545 
vn -0.348515 0.209695 -0.913545 
vn -0.369144 0.170784 -0.913545 
vn -0.385445 0.129872 -0.913545 
vn -0.397227 0.0874364 -0.913545 
vn -0.404352 0.043976 -0.913545 
vn -0.309017 0 -0.951057 
vn -0.307206 -0.0334106 -0.951057 
vn -0.301792 -0.0664295 -0.951057 
vn -0.292841 -0.0986696 -0.951057 
vn -0.280456 -0.129753 -0.951057 
vn -0.264783 -0.159315 -0.951057 
vn -0.246006 -0.187009 -0.951057 
vn -0.224345 -0.212511 -0.951057 
vn -0.200053 -0.235521 -0.951057 
vn -0.173416 -0.25577 -0.951057 
vn -0.144746 -0.27302 -0.951057 
vn -0.114379 -0.28707 -0.951057 
vn -0.0826708 -0.297753 -0.951057 
vn -0.0499934 -0.304946 -0.951057 
vn -0.0167298 -0.308564 -0.951057 
vn 0.0167298 -0.308564 -0.951057 
vn 0.0499934 -0.304946 -0.951057 
vn 0.0826708 -0.297753 -0.951057 
vn 0.114379 -0.28707 -0.951057 
vn 0.144746 -0.27302 -0.951057 
vn 0.173416 -0.25577 -0.951057 
vn 0.200053 -0.235521 -0.951057 
vn 0.224345 -0.212511 -0.951057 
vn 0.246006 -0.187009 -0.951057 
vn 0.264783 -0.159315 -0.951057 
vn 0.280456 -0.129753 -0.951057 
vn 0.292841 -0.0986696 -0.951057 
vn 0.301792 -0.0664295 -0.951057 
vn 0.307206 -0.0334106 -0.951057 
vn 0.309017 6.43271e-17 -0.951057 
vn 0.307206 0.0334106 -0.951057 
vn 0.301792 0.0664295 -0.951057 
vn 0.292841 0.0986696 -0.951057 
vn 0.280456 0.129753 -0.951057 
vn 0.264783 0.159315 -0.951057 
vn 0.246006 0.187009 -0.951057 
vn 0.224345 0.212511 -0.951057 
vn 0.200053 0.235521 -0.951057 
vn 0.173416 0.25577 -0.951057 
vn 0.144746 0.27302 -0.951057 
vn 0.114379 0.28707 -0.951057 
vn 0.0826708 0.297753 -0.951057 
vn 0.0499934 0.304946 -0.951057 
vn 0.0167298 0.308564 -0.951057 
vn -0.0167298 0.308564 -0.951057 
vn -0.0499934 0.304946 -0.951057 
vn -0.0826708 0.297753 -0.951057 
vn -0.114379 0.28707 -0.951057 
vn -0.144746 0.27302 -0.951057 
vn -0.173416 0.25577 -0.951057 
vn -0.200053 0.235521 -0.951057 
vn -0.224345 0.212511 -0.951057 
vn -0.246006 0.187009 -0.951057 
vn -0.264783 0.159315 -0.951057 
vn -0.280456 0.129753 -0.951057 
vn -0.292841 0.0986696 -0.951057 
vn -0.301792 0.0664295 -0.951057 
vn -0.307206 0.0334106 -0.951057 
vn -0.207912 0 -0.978148 
vn -0.206693 -0.0224792 -0.978148 
vn -0.203051 -0.0446949 -0.978148 
vn -0.197028 -0.0663865 -0.978148 
vn -0.188696 -0.0872999 -0.978148 
vn -0.178151 -0.10719 -0.978148 
vn -0.165517 -0.125823 -0.978148 
vn -0.150943 -0.142981 -0.978148 
vn -0.134599 -0.158462 -0.978148 
vn -0.116677 -0.172086 -0.978148 
vn -0.0973876 -0.183692 -0.978148 
vn -0.076956 -0.193145 -0.978148 
vn -0.0556223 -0.200333 -0.978148 
vn -0.0336364 -0.205173 -0.978148 
vn -0.0112561 -0.207607 -0.978148 
vn 0.0112561 -0.207607 -0.978148 
vn 0.0336364 -0.205173 -0.978148 
vn 0.0556223 -0.200333 -0.978148 
vn 0.076956 -0.193145 -0.978148 
vn 0.0973876 -0.183692 -0.978148 
vn 0.116677 -0.172086 -0.978148 
vn 0.134599 -0.158462 -0.978148 
vn 0.150943 -0.142981 -0.978148 
vn 0.165517 -0.125823 -0.978148 
vn 0.178151 -0.10719 -0.978148 
vn 0.188696 -0.0872999 -0.978148 
vn 0.197028 -0.0663865 -0.978148 
vn 0.203051 -0.0446949 -0.978148 
vn 0.206693 -0.0224792 -0.978148 
vn 0.207912 4.32803e-17 -0.978148 
vn 0.206693 0.0224792 -0.978148 
vn 0.203051 0.0446949 -0.978148 
vn 0.197028 0.0663865 -0.978148 
vn 0.188696 0.0872999 -0.978148 
vn 0.178151 0.10719 -0.978148 
vn 0.165517 0.125823 -0.978148 
vn 0.150943 0.142981 -0.978148 
vn 0.134599 0.158462 -0.978148 
vn 0.116677 0.172086 -0.978148 
vn 0.0973876 0.183692 -0.978148 
vn 0.076956 0.193145 -0.978148 
vn 0.0556223 0.200333 -0.978148 
vn 0.0336364 0.205173 -0.978148 
vn 0.0112561 0.207607 -0.978148 
vn -0.0112561 0.207607 -0.978148 
vn -0.0336364 0.205173 -0.978148 
vn -0.0556223 0.200333 -0.978148 
vn -0.076956 0.193145 -0.978148 
vn -0.0973876 0.183692 -0.978148 
vn -0.116677 0.172086 -0.978148 
vn -0.134599 0.158462 -0.978148 
vn -0.150943 0.142981 -0.978148 
vn -0.165517 0.125823 -0.978148 
vn -0.178151 0.10719 -0.978148 
vn -0.188696 0.0872999 -0.978148 
vn -0.197028 0.0663865 -0.978148 
vn -0.203051 0.0446949 -0.978148 
vn -0.206693 0.0224792 -0.978148 
vn -0.104528 0 -0.994522 
vn -0.103916 -0.0113015 -0.994522 
vn -0.102085 -0.0224705 -0.994522 
vn -0.0990567 -0.0333761 -0.994522 
vn -0.0948675 -0.0438904 -0.994522 
vn -0.089566 -0.0538901 -0.994522 
vn -0.0832144 -0.0632579 -0.994522 
vn -0.0758872 -0.0718842 -0.994522 
vn -0.0676703 -0.0796676 -0.994522 
vn -0.05866 -0.0865171 -0.994522 
vn -0.048962 -0.0923522 -0.994522 
vn -0.03869 -0.0971045 -0.994522 
vn -0.0279643 -0.100718 -0.994522 
vn -0.0169108 -0.103151 -0.994522 
vn -0.00565906 -0.104375 -0.994522 
vn 0.00565906 -0.104375 -0.994522 
vn 0.0169108 -0.103151 -0.994522 
vn 0.0279643 -0.100718 -0.994522 
vn 0.03869 -0.0971045 -0.994522 
vn 0.048962 -0.0923522 -0.994522 
vn 0.05866 -0.0865171 -0.994522 
vn 0.0676703 -0.0796676 -0.994522 
vn 0.0758872 -0.0718842 -0.994522 
vn 0.0832144 -0.0632579 -0.994522 
vn 0.089566 -0.0538901 -0.994522 
vn 0.0948675 -0.0438904 -0.994522 
vn 0.0990567 -0.0333761 -0.994522 
vn 0.102085 -0.0224705 -0.994522 
vn 0.103916 -0.0113015 -0.994522 
vn 0.104528 2.17594e-17 -0.994522 
vn 0.103916 0.0113015 -0.994522 
vn 0.102085 0.0224705 -0.994522 
vn 0.0990567 0.0333761 -0.994522 
vn 0.0948675 0.0438904 -0.994522 
vn 0.089566 0.0538901 -0.994522 
vn 0.0832144 0.0632579 -0.994522 
vn 0.0758872 0.0718842 -0.994522 
vn 0.0676703 0.0796676 -0.994522 
vn 0.05866 0.0865171 -0.994522 
vn 0.048962 0.0923522 -0.994522 
vn 0.03869 0.0971045 -0.994522 
vn 0.0279643 0.100718 -0.994522 
vn 0.0169108 0.103151 -0.994522 
vn 0.00565906 0.104375 -0.994522 
vn -0.00565906 0.104375 -0.994522 
vn -0.0169108 0.103151 -0.994522 
vn -0.0279643 0.100718 -0.994522 
vn -0.03869 0.0971045 -0.994522 
vn -0.048962 0.0923522 -0.994522 
vn -0.05866 0.0865171 -0.994522 
vn -0.0676703 0.0796676 -0.994522 
vn -0.0758872 0.0718842 -0.994522 
vn -0.0832144 0.0632579 -0.994522 
vn -0.089566 0.0538901 -0.994522 
vn -0.0948675 0.0438904 -0.994522 
vn -0.0990567 0.0333761 -0.994522 
vn -0.102085 0.0224705 -0.994522 
vn -0.103916 0.0113015 -0.994522 
vn 6.12323e-17 0 -1 
usemtl 0.615686_0.811765_0.929412_0.000000_0.000000
o mesh0
f 1//1 2//1 3//2 
f 4//2 3//2 5//3 
f 6//3 5//3 7//4 
f 8//4 7//4 9//5 
f 10//5 9//5 11//6 
f 12//6 11//6 13//7 
f 14//7 13//7 15//8 
f 16//8 15//8 17//9 
f 18//9 17//9 19//10 
f 20//10 19//10 21//11 
f 22//11 21//11 23//12 
f 24//12 23//12 25//13 
f 26//13 25//13 27//14 
f 28//14 27//14 29//15 
f 30//15 29//15 31//16 
f 32//16 31//16 33//17 
f 34//17 33//17 35//18 
f 36//18 35//18 37//19 
f 38//19 37//19 39//20 
f 40//20 39//20 41//21 
f 42//21 41//21 43//22 
f 44//22 43//22 45//23 
f 46//23 45//23 47//24 
f 48//24 47//24 49//25 
f 50//25 49//25 51//26 
f 52//26 51//26 53//27 
f 54//27 53//27 55//28 
f 56//28 55//28 57//29 
f 58//29 57//29 59//30 
f 60//30 59//30 61//31 
f 62//31 61//31 63//32 
f 64//32 63//32 65//33 
f 66//33 65//33 67//34 
f 68//34 67//34 69//35 
f 70//35 69//35 71//36 
f 72//36 71//36 73//37 
f 74//37 73//37 75//38 
f 76//38 75//38 77//39 
f 78//39 77//39 79//40 
f 80//40 79//40 81//41 
f 82//41 81//41 83//42 
f 84//42 83//42 85//43 
f 86//43 85//43 87//44 
f 88//44 87//44 89//45 
f 90//45 89//45 91//46 
f 92//46 91//46 93//47 
f 94//47 93//47 95//48 
f 96//48 95//48 97//49 
f 98//49 97//49 99//50 
f 100//50 99//50 101//51 
f 102//51 101//51 103//52 
f 104//52 103//52 105//53 
f 106//53 105//53 107//54 
f 108//54 107//54 109//55 
f 110//55 109//55 111//56 
f 112//56 111//56 113//57 
f 114//57 113//57 115//58 
f 116//58 115//58 2//1 
f 2//1 1//1 116//58 
f 115//58 116//58 114//57 
f 113//57 114//57 112//56 
f 111//56 112//56 110//55 
f 109//55 110//55 108//54 
f 107//54 108//54 106//53 
f 105//53 106//53 104//52 
f 103//52 104//52 102//51 
f 101//51 102//51 100//50 
f 99//50 100//50 98//49 
f 97//49 98//49 96//48 
f 95//48 96//48 94//47 
f 93//47 94//47 92//46 
f 91//46 92//46 90//45 
f 89//45 90//45 88//44 
f 87//44 88//44 86//43 
f 85//43 86//43 84//42 
f 83//42 84//42 82//41 
f 81//41 82//41 80//40 
f 79//40 80//40 78//39 
f 77//39 78//39 76//38 
f 75//38 76//38 74//37 
f 73//37 74//37 72//36 
f 71//36 72//36 70//35 
f 69//35 70//35 68//34 
f 67//34 68//34 66//33 
f 65//33 66//33 64//32 
f 63//32 64//32 62//31 
f 61//31 62//31 60//30 
f 59//30 60//30 58//29 
f 57//29 58//29 56//28 
f 55//28 56//28 54//27 
f 53//27 54//27 52//26 
f 51//26 52//26 50//25 
f 49//25 50//25 48//24 
f 47//24 48//24 46//23 
f 45//23 46//23 44//22 
f 43//22 44//22 42//21 
f 41//21 42//21 40//20 
f 39//20 40//20 38//19 
f 37//19 38//19 36//18 
f 35//18 36//18 34//17 
f 33//17 34//17 32//16 
f 31//16 32//16 30//15 
f 29//15 30//15 28//14 
f 27//14 28//14 26//13 
f 25//13 26//13 24//12 
f 23//12 24//12 22//11 
f 21//11 22//11 20//10 
f 19//10 20//10 18//9 
f 17//9 18//9 16//8 
f 15//8 16//8 14//7 
f 13//7 14//7 12//6 
f 11//6 12//6 10//5 
f 9//5 10//5 8//4 
f 7//4 8//4 6//3 
f 5//3 6//3 4//2 
f 3//2 4//2 1//1 
o mesh1
f 175//59 59//60 57//61 
f 176//62 57//61 55//63 
f 177//64 55//63 53//65 
f 178//66 53//65 51//67 
f 179//68 51//67 49//69 
f 180//70 49//69 47//71 
f 181//72 47//71 45//73 
f 182//74 45//73 43//75 
f 183//76 43//75 41//77 
f 184//78 41//77 39//79 
f 185//80 39//79 37//81 
f 186//82 37//81 35//83 
f 187//84 35//83 33//85 
f 188//86 33//85 31//87 
f 189//88 31//87 29//89 
f 190//90 29//89 27//91 
f 191//92 27//91 25//93 
f 192//94 25//93 23//95 
f 193//96 23//95 21//97 
f 194//98 21//97 19//99 
f 195//100 19//99 17//101 
f 196//102 17//101 15//103 
f 197//104 15//103 13//105 
f 198//106 13//105 11//107 
f 199//108 11//107 9//109 
f 200//110 9//109 7//111 
f 201//112 7//111 5//113 
f 202//114 5//113 3//115 
f 203//116 3//115 2//117 
f 204//118 2//117 115//119 
f 205//120 115//119 113//121 
f 206//122 113//121 111//123 
f 207//124 111//123 109//125 
f 208//126 109//125 107//127 
f 209//128 107//127 105//129 
f 210//130 105//129 103//131 
f 211//132 103//131 101//133 
f 212//134 101//133 99//135 
f 213//136 99//135 97//137 
f 214//138 97//137 95//139 
f 215//140 95//139 93//141 
f 216//142 93//141 91//143 
f 217//144 91//143 89//145 
f 218//146 89//145 87//147 
f 219//148 87//147 85//149 
f 220//150 85//149 83//151 
f 221//152 83//151 81//153 
f 222//154 81//153 79//155 
f 223//156 79//155 77//157 
f 224//158 77//157 75//159 
f 225//160 75//159 73//161 
f 226//162 73//161 71//163 
f 227//164 71//163 69//165 
f 228//166 69//165 67//167 
f 229//168 67//167 65//169 
f 230//170 65//169 63//171 
f 231//172 63//171 61//173 
f 232//174 61//173 59//60 
f 233//175 175//59 176//62 
f 234//176 176//62 177//64 
f 235//177 177//64 178//66 
f 236//178 178//66 179//68 
f 237//179 179//68 180//70 
f 238//180 180//70 181//72 
f 239//181 181//72 182//74 
f 240//182 182//74 183//76 
f 241//183 183//76 184//78 
f 242//184 184//78 185//80 
f 243//185 185//80 186//82 
f 244//186 186//82 187//84 
f 245//187 187//84 188//86 
f 246//188 188//86 189//88 
f 247//189 189//88 190//90 
f 248//190 190//90 191//92 
f 249//191 191//92 192//94 
f 250//192 192//94 193//96 
f 251//193 193//96 194//98 
f 252//194 194//98 195//100 
f 253//195 195//100 196//102 
f 254//196 196//102 197//104 
f 255//197 197//104 198//106 
f 256//198 198//106 199//108 
f 257//199 199//108 200//110 
f 258//200 200//110 201//112 
f 259//201 201//112 202//114 
f 260//202 202//114 203//116 
f 261//203 203//116 204//118 
f 262//204 204//118 205//120 
f 263//205 205//120 206//122 
f 264//206 206//122 207//124 
f 265//207 207//124 208//126 
f 266//208 208//126 209//128 
f 267//209 209//128 210//130 
f 268//210 210//130 211//132 
f 269//211 211//132 212//134 
f 270//212 212//134 213//136 
f 271//213 213//136 214//138 
f 272//214 214//138 215//140 
f 273//215 215//140 216//142 
f 274//216 216//142 217//144 
f 275//217 217//144 218//146 
f 276//218 218//146 219//148 
f 277//219 219//148 220//150 
f 278//220 220//150 221//152 
f 279//221 221//152 222//154 
f 280//222 222//154 223//156 
f 281//223 223//156 224//158 
f 282//224 224//158 225//160 
f 283//225 225//160 226//162 
f 284//226 226//162 227//164 
f 285//227 227//164 228//166 
f 286//228 228//166 229//168 
f 287//229 229//168 230//170 
f 288//230 230//170 231//172 
f 289//231 231//172 232//174 
f 290//232 232//174 175//59 
f 291//233 233//175 234//176 
f 292//234 234//176 235//177 
f 293//235 235//177 236//178 
f 294//236 236//178 237//179 
f 295//237 237//179 238//180 
f 296//238 238//180 239//181 
f 297//239 239//181 240//182 
f 298//240 240//182 241//183 
f 299//241 241//183 242//184 
f 300//242 242//184 243//185 
f 301//243 243//185 244//186 
f 302//244 244//186 245//187 
f 303//245 245//187 246//188 
f 304//246 246//188 247//189 
f 305//247 247//189 248//190 
f 306//248 248//190 249//191 
f 307//249 249//191 250//192 
f 308//250 250//192 251//193 
f 309//251 251//193 252//194 
f 310//252 252//194 253//195 
f 311//253 253//195 254//196 
f 312//254 254//196 255//197 
f 313//255 255//197 256//198 
f 314//256 256//198 257//199 
f 315//257 257//199 258//200 
f 316//258 258//200 259//201 
f 317//259 259//201 260//202 
f 318//260 260//202 261//203 
f 319//261 261//203 262//204 
f 320//262 262//204 263//205 
f 321//263 263//205 264//206 
f 322//264 264//206 265//207 
f 323//265 265//207 266//208 
f 324//266 266//208 267//209 
f 325//267 267//209 268//210 
f 326//268 268//210 269//211 
f 327//269 269//211 270//212 
f 328//270 270//212 271//213 
f 329//271 271//213 272//214 
f 330//272 272//214 273//215 
f 331//273 273//215 274//216 
f 332//274 274//216 275//217 
f 333//275 275//217 276//218 
f 334//276 276//218 277//219 
f 335//277 277//219 278//220 
f 336//278 278//220 279//221 
f 337//279 279//221 280//222 
f 338//280 280//222 281//223 
f 339//281 281//223 282//224 
f 340//282 282//224 283//225 
f 341//283 283//225 284//226 
f 342//284 284//226 285//227 
f 343//285 285//227 286//228 
f 344//286 286//228 287//229 
f 345//287 287//229 288//230 
f 346//288 288//230 289//231 
f 347//289 289//231 290//232 
f 348//290 290//232 233//175 
f 349//291 291//233 292//234 
f 350//292 292//234 293//235 
f 351//293 293//235 294//236 
f 352//294 294//236 295//237 
f 353//295 295//237 296//238 
f 354//296 296//238 297//239 
f 355//297 297//239 298//240 
f 356//298 298//240 299//241 
f 357//299 299//241 300//242 
f 358//300 300//242 301//243 
f 359//301 301//243 302//244 
f 360//302 302//244 303//245 
f 361//303 303//245 304//246 
f 362//304 304//246 305//247 
f 363//305 305//247 306//248 
f 364//306 306//248 307//249 
f 365//307 307//249 308//250 
f 366//308 308//250 309//251 
f 367//309 309//251 310//252 
f 368//310 310//252 311//253 
f 369//311 311//253 312//254 
f 370//312 312//254 313//255 
f 371//313 313//255 314//256 
f 372//314 314//256 315//257 
f 373//315 315//257 316//258 
f 374//316 316//258 317//259 
f 375//317 317//259 318//260 
f 376//318 318//260 319//261 
f 377//319 319//261 320//262 
f 378//320 320//262 321//263 
f 379//321 321//263 322//264 
f 380//322 322//264 323//265 
f 381//323 323//265 324//266 
f 382//324 324//266 325//267 
f 383//325 325//267 326//268 
f 384//326 326//268 327//269 
f 385//327 327//269 328//270 
f 386//328 328//270 329//271 
f 387//329 329//271 330//272 
f 388//330 330//272 331//273 
f 389//331 331//273 332//274 
f 390//332 332//274 333//275 
f 391//333 333//275 334//276 
f 392//334 334//276 335//277 
f 393//335 335//277 336//278 
f 394//336 336//278 337//279 
f 395//337 337//279 338//280 
f 396//338 338//280 339//281 
f 397//339 339//281 340//282 
f 398//340 340//282 341//283 
f 399//341 341//283 342//284 
f 400//342 342//284 343//285 
f 401//343 343//285 344//286 
f 402//344 344//286 345//287 
f 403//345 345//287 346//288 
f 404//346 346//288 347//289 
f 405//347 347//289 348//290 
f 406//348 348//290 291//233 
f 407//349 349//291 350//292 
f 408//350 350//292 351//293 
f 409//351 351//293 352//294 
f 410//352 352//294 353//295 
f 411//353 353//295 354//296 
f 412//354 354//296 355//297 
f 413//355 355//297 356//298 
f 414//356 356//298 357//299 
f 415//357 357//299 358//300 
f 416//358 358//300 359//301 
f 417//359 359//301 360//302 
f 418//360 360//302 361//303 
f 419//361 361//303 362//304 
f 420//362 362//304 363//305 
f 421//363 363//305 364//306 
f 422//364 364//306 365//307 
f 423//365 365//307 366//308 
f 424//366 366//308 367//309 
f 425//367 367//309 368//310 
f 426//368 368//310 369//311 
f 427//369 369//311 370//312 
f 428//370 370//312 371//313 
f 429//371 371//313 372//314 
f 430//372 372//314 373//315 
f 431//373 373//315 374//316 
f 432//374 374//316 375//317 
f 433//375 375//317 376//318 
f 434//376 376//318 377//319 
f 435//377 377//319 378//320 
f 436//378 378//320 379//321 
f 437//379 379//321 380//322 
f 438//380 380//322 381//323 
f 439//381 381//323 382//324 
f 440//382 382//324 383//325 
f 441//383 383//325 384//326 
f 442//384 384//326 385//327 
f 443//385 385//327 386//328 
f 444//386 386//328 387//329 
f 445//387 387//329 388//330 
f 446//388 388//330 389//331 
f 447//389 389//331 390//332 
f 448//390 390//332 391//333 
f 449//391 391//333 392//334 
f 450//392 392//334 393//335 
f 451//393 393//335 394//336 
f 452//394 394//336 395//337 
f 453//395 395//337 396//338 
f 454//396 396//338 397//339 
f 455//397 397//339 398//340 
f 456//398 398//340 399//341 
f 457//399 399//341 400//342 
f 458//400 400//342 401//343 
f 459//401 401//343 402//344 
f 460//402 402//344 403//345 
f 461//403 403//345 404//346 
f 462//404 404//346 405//347 
f 463//405 405//347 406//348 
f 464//406 406//348 349//291 
f 465//407 407//349 408//350 
f 466//408 408//350 409//351 
f 467//409 409//351 410//352 
f 468//410 410//352 411//353 
f 469//411 411//353 412//354 
f 470//412 412//354 413//355 
f 471//413 413//355 414//356 
f 472//414 414//356 415//357 
f 473//415 415//357 416//358 
f 474//416 416//358 417//359 
f 475//417 417//359 418//360 
f 476//418 418//360 419//361 
f 477//419 419//361 420//362 
f 478//420 420//362 421//363 
f 479//421 421//363 422//364 
f 480//422 422//364 423//365 
f 481//423 423//365 424//366 
f 482//424 424//366 425//367 
f 483//425 425//367 426//368 
f 484//426 426//368 427//369 
f 485//427 427//369 428//370 
f 486//428 428//370 429//371 
f 487//429 429//371 430//372 
f 488//430 430//372 431//373 
f 489//431 431//373 432//374 
f 490//432 432//374 433//375 
f 491//433 433//375 434//376 
f 492//434 434//376 435//377 
f 493//435 435//377 436//378 
f 494//436 436//378 437//379 
f 495//437 437//379 438//380 
f 496//438 438//380 439//381 
f 497//439 439//381 440//382 
f 498//440 440//382 441//383 
f 499//441 441//383 442//384 
f 500//442 442//384 443//385 
f 501//443 443//385 444//386 
f 502//444 444//386 445//387 
f 503//445 445//387 446//388 
f 504//446 446//388 447//389 
f 505//447 447//389 448//390 
f 506//448 448//390 449//391 
f 507//449 449//391 450//392 
f 508//450 450//392 451//393 
f 509//451 451//393 452//394 
f 510//452 452//394 453//395 
f 511//453 453//395 454//396 
f 512//454 454//396 455//397 
f 513//455 455//397 456//398 
f 514//456 456//398 457//399 
f 515//457 457//399 458//400 
f 516//458 458//400 459//401 
f 517//459 459//401 460//402 
f 518//460 460//402 461//403 
f 519//461 461//403 462//404 
f 520//462 462//404 463//405 
f 521//463 463//405 464//406 
f 522//464 464//406 407//349 
f 523//465 465//407 466//408 
f 524//466 466//408 467//409 
f 525//467 467//409 468//410 
f 526//468 468//410 469//411 
f 527//469 469//411 470//412 
f 528//470 470//412 471//413 
f 529//471 471//413 472//414 
f 530//472 472//414 473//415 
f 531//473 473//415 474//416 
f 532//474 474//416 475//417 
f 533//475 475//417 476//418 
f 534//476 476//418 477//419 
f 535//477 477//419 478//420 
f 536//478 478//420 479//421 
f 537//479 479//421 480//422 
f 538//480 480//422 481//423 
f 539//481 481//423 482//424 
f 540//482 482//424 483//425 
f 541//483 483//425 484//426 
f 542//484 484//426 485//427 
f 543//485 485//427 486//428 
f 544//486 486//428 487//429 
f 545//487 487//429 488//430 
f 546//488 488//430 489//431 
f 547//489 489//431 490//432 
f 548//490 490//432 491//433 
f 549//491 491//433 492//434 
f 550//492 492//434 493//435 
f 551//493 493//435 494//436 
f 552//494 494//436 495//437 
f 553//495 495//437 496//438 
f 554//496 496//438 497//439 
f 555//497 497//439 498//440 
f 556//498 498//440 499//441 
f 557//499 499//441 500//442 
f 558//500 500//442 501//443 
f 559//501 501//443 502//444 
f 560//502 502//444 503//445 
f 561//503 503//445 504//446 
f 562//504 504//446 505//447 
f 563//505 505//447 506//448 
f 564//506 506//448 507//449 
f 565//507 507//449 508//450 
f 566//508 508//450 509//451 
f 567//509 509//451 510//452 
f 568//510 510//452 511//453 
f 569//511 511//453 512//454 
f 570//512 512//454 513//455 
f 571//513 513//455 514//456 
f 572//514 514//456 515//457 
f 573//515 515//457 516//458 
f 574//516 516//458 517//459 
f 575//517 517//459 518//460 
f 576//518 518//460 519//461 
f 577//519 519//461 520//462 
f 578//520 520//462 521//463 
f 579//521 521//463 522//464 
f 580//522 522//464 465//407 
f 581//523 523//465 524//466 
f 582//524 524//466 525//467 
f 583//525 525//467 526//468 
f 584//526 526//468 527//469 
f 585//527 527//469 528//470 
f 586//528 528//470 529//471 
f 587//529 529//471 530//472 
f 588//530 530//472 531//473 
f 589//531 531//473 532//474 
f 590//532 532//474 533//475 
f 591//533 533//475 534//476 
f 592//534 534//476 535//477 
f 593//535 535//477 536//478 
f 594//536 536//478 537//479 
f 595//537 537//479 538//480 
f 596//538 538//480 539//481 
f 597//539 539//481 540//482 
f 598//540 540//482 541//483 
f 599//541 541//483 542//484 
f 600//542 542//484 543//485 
f 601//543 543//485 544//486 
f 602//544 544//486 545//487 
f 603//545 545//487 546//488 
f 604//546 546//488 547//489 
f 605//547 547//489 548//490 
f 606//548 548//490 549//491 
f 607//549 549//491 550//492 
f 608//550 550//492 551//493 
f 609//551 551//493 552//494 
f 610//552 552//494 553//495 
f 611//553 553//495 554//496 
f 612//554 554//496 555//497 
f 613//555 555//497 556//498 
f 614//556 556//498 557//499 
f 615//557 557//499 558//500 
f 616//558 558//500 559//501 
f 617//559 559//501 560//502 
f 618//560 560//502 561//503 
f 619//561 561//503 562//504 
f 620//562 562//504 563//505 
f 621//563 563//505 564//506 
f 622//564 564//506 565//507 
f 623//565 565//507 566//508 
f 624//566 566//508 567//509 
f 625//567 567//509 568//510 
f 626//568 568//510 569//511 
f 627//569 569//511 570//512 
f 628//570 570//512 571//513 
f 629//571 571//513 572//514 
f 630//572 572//514 573//515 
f 631//573 573//515 574//516 
f 632//574 574//516 575//517 
f 633//575 575//517 576//518 
f 634//576 576//518 577//519 
f 635//577 577//519 578//520 
f 636//578 578//520 579//521 
f 637//579 579//521 580//522 
f 638//580 580//522 523//465 
f 639//581 581//523 582//524 
f 640//582 582//524 583//525 
f 641//583 583//525 584//526 
f 642//584 584//526 585//527 
f 643//585 585//527 586//528 
f 644//586 586//528 587//529 
f 645//587 587//529 588//530 
f 646//588 588//530 589//531 
f 647//589 589//531 590//532 
f 648//590 590//532 591//533 
f 649//591 591//533 592//534 
f 650//592 592//534 593//535 
f 651//593 593//535 594//536 
f 652//594 594//536 595//537 
f 653//595 595//537 596//538 
f 654//596 596//538 597//539 
f 655//597 597//539 598//540 
f 656//598 598//540 599//541 
f 657//599 599//541 600//542 
f 658//600 600//542 601//543 
f 659//601 601//543 602//544 
f 660//602 602//544 603//545 
f 661//603 603//545 604//546 
f 662//604 604//546 605//547 
f 663//605 605//547 606//548 
f 664//606 606//548 607//549 
f 665//607 607//549 608//550 
f 666//608 608//550 609//551 
f 667//609 609//551 610//552 
f 668//610 610//552 611//553 
f 669//611 611//553 612//554 
f 670//612 612//554 613//555 
f 671//613 613//555 614//556 
f 672//614 614//556 615//557 
f 673//615 615//557 616//558 
f 674//616 616//558 617//559 
f 675//617 617//559 618//560 
f 676//618 618//560 619//561 
f 677//619 619//561 620//562 
f 678//620 620//562 621//563 
f 679//621 621//563 622//564 
f 680//622 622//564 623//565 
f 681//623 623//565 624//566 
f 682//624 624//566 625//567 
f 683//625 625//567 626//568 
f 684//626 626//568 627//569 
f 685//627 627//569 628//570 
f 686//628 628//570 629//571 
f 687//629 629//571 630//572 
f 688//630 630//572 631//573 
f 689//631 631//573 632//574 
f 690//632 632//574 633//575 
f 691//633 633//575 634//576 
f 692//634 634//576 635//577 
f 693//635 635//577 636//578 
f 694//636 636//578 637//579 
f 695//637 637//579 638//580 
f 696//638 638//580 581//523 
f 697//639 639//581 640//582 
f 698//640 640//582 641//583 
f 699//641 641//583 642//584 
f 700//642 642//584 643//585 
f 701//643 643//585 644//586 
f 702//644 644//586 645//587 
f 703//645 645//587 646//588 
f 704//646 646//588 647//589 
f 705//647 647//589 648//590 
f 706//648 648//590 649//591 
f 707//649 649//591 650//592 
f 708//650 650//592 651//593 
f 709//651 651//593 652//594 
f 710//652 652//594 653//595 
f 711//653 653//595 654//596 
f 712//654 654//596 655//597 
f 713//655 655//597 656//598 
f 714//656 656//598 657//599 
f 715//657 657//599 658//600 
f 716//658 658//600 659//601 
f 717//659 659//601 660//602 
f 718//660 660//602 661//603 
f 719//661 661//603 662//604 
f 720//662 662//604 663//605 
f 721//663 663//605 664//606 
f 722//664 664//606 665//607 
f 723//665 665//607 666//608 
f 724//666 666//608 667//609 
f 725//667 667//609 668//610 
f 726//668 668//610 669//611 
f 727//669 669//611 670//612 
f 728//670 670//612 671//613 
f 729//671 671//613 672//614 
f 730//672 672//614 673//615 
f 731//673 673//615 674//616 
f 732//674 674//616 675//617 
f 733//675 675//617 676//618 
f 734//676 676//618 677//619 
f 735//677 677//619 678//620 
f 736//678 678//620 679//621 
f 737//679 679//621 680//622 
f 738//680 680//622 681//623 
f 739//681 681//623 682//624 
f 740//682 682//624 683//625 
f 741//683 683//625 684//626 
f 742//684 684//626 685//627 
f 743//685 685//627 686//628 
f 744//686 686//628 687//629 
f 745//687 687//629 688//630 
f 746//688 688//630 689//631 
f 747//689 689//631 690//632 
f 748//690 690//632 691//633 
f 749//691 691//633 692//634 
f 750//692 692//634 693//635 
f 751//693 693//635 694//636 
f 752//694 694//636 695//637 
f 753//695 695//637 696//638 
f 754//696 696//638 639//581 
f 755//697 697//639 698//640 
f 756//698 698//640 699//641 
f 757//699 699//641 700//642 
f 758//700 700//642 701//643 
f 759//701 701//643 702//644 
f 760//702 702//644 703//645 
f 761//703 703//645 704//646 
f 762//704 704//646 705//647 
f 763//705 705//647 706//648 
f 764//706 706//648 707//649 
f 765//707 707//649 708//650 
f 766//708 708//650 709//651 
f 767//709 709//651 710//652 
f 768//710 710//652 711//653 
f 769//711 711//653 712//654 
f 770//712 712//654 713//655 
f 771//713 713//655 714//656 
f 772//714 714//656 715//657 
f 773//715 715//657 716//658 
f 774//716 716//658 717//659 
f 775//717 717//659 718//660 
f 776//718 718//660 719//661 
f 777//719 719//661 720//662 
f 778//720 720//662 721//663 
f 779//721 721//663 722//664 
f 780//722 722//664 723//665 
f 781//723 723//665 724//666 
f 782//724 724//666 725//667 
f 783//725 725//667 726//668 
f 784//726 726//668 727//669 
f 785//727 727//669 728//670 
f 786//728 728//670 729//671 
f 787//729 729//671 730//672 
f 788//730 730//672 731//673 
f 789//731 731//673 732//674 
f 790//732 732//674 733//675 
f 791//733 733//675 734//676 
f 792//734 734//676 735//677 
f 793//735 735//677 736//678 
f 794//736 736//678 737//679 
f 795//737 737//679 738//680 
f 796//738 738//680 739//681 
f 797//739 739//681 740//682 
f 798//740 740//682 741//683 
f 799//741 741//683 742//684 
f 800//742 742//684 743//685 
f 801//743 743//685 744//686 
f 802//744 744//686 745//687 
f 803//745 745//687 746//688 
f 804//746 746//688 747//689 
f 805//747 747//689 748//690 
f 806//748 748//690 749//691 
f 807//749 749//691 750//692 
f 808//750 750//692 751//693 
f 809//751 751//693 752//694 
f 810//752 752//694 753//695 
f 811//753 753//695 754//696 
f 812//754 754//696 697//639 
f 813//755 755//697 756//698 
f 814//756 756//698 757//699 
f 815//757 757//699 758//700 
f 816//758 758//700 759//701 
f 817//759 759//701 760//702 
f 818//760 760//702 761//703 
f 819//761 761//703 762//704 
f 820//762 762//704 763//705 
f 821//763 763//705 764//706 
f 822//764 764//706 765//707 
f 823//765 765//707 766//708 
f 824//766 766//708 767//709 
f 825//767 767//709 768//710 
f 826//768 768//710 769//711 
f 827//769 769//711 770//712 
f 828//770 770//712 771//713 
f 829//771 771//713 772//714 
f 830//772 772//714 773//715 
f 831//773 773//715 774//716 
f 832//774 774//716 775//717 
f 833//775 775//717 776//718 
f 834//776 776//718 777//719 
f 835//777 777//719 778//720 
f 836//778 778//720 779//721 
f 837//779 779//721 780//722 
f 838//780 780//722 781//723 
f 839//781 781//723 782//724 
f 840//782 782//724 783//725 
f 841//783 783//725 784//726 
f 842//784 784//726 785//727 
f 843//785 785//727 786//728 
f 844//786 786//728 787//729 
f 845//787 787//729 788//730 
f 846//788 788//730 789//731 
f 847//789 789//731 790//732 
f 848//790 790//732 791//733 
f 849//791 791//733 792//734 
f 850//792 792//734 793//735 
f 851//793 793//735 794//736 
f 852//794 794//736 795//737 
f 853//795 795//737 796//738 
f 854//796 796//738 797//739 
f 855//797 797//739 798//740 
f 856//798 798//740 799//741 
f 857//799 799//741 800//742 
f 858//800 800//742 801//743 
f 859//801 801//743 802//744 
f 860//802 802//744 803//745 
f 861//803 803//745 804//746 
f 862//804 804//746 805//747 
f 863//805 805//747 806//748 
f 864//806 806//748 807//749 
f 865//807 807//749 808//750 
f 866//808 808//750 809//751 
f 867//809 809//751 810//752 
f 868//810 810//752 811//753 
f 869//811 811//753 812//754 
f 870//812 812//754 755//697 
f 871//813 813//755 814//756 
f 872//814 814//756 815//757 
f 873//815 815//757 816//758 
f 874//816 816//758 817//759 
f 875//817 817//759 818//760 
f 876//818 818//760 819//761 
f 877//819 819//761 820//762 
f 878//820 820//762 821//763 
f 879//821 821//763 822//764 
f 880//822 822//764 823//765 
f 881//823 823//765 824//766 
f 882//824 824//766 825//767 
f 883//825 825//767 826//768 
f 884//826 826//768 827//769 
f 885//827 827//769 828//770 
f 886//828 828//770 829//771 
f 887//829 829//771 830//772 
f 888//830 830//772 831//773 
f 889//831 831//773 832//774 
f 890//832 832//774 833//775 
f 891//833 833//775 834//776 
f 892//834 834//776 835//777 
f 893//835 835//777 836//778 
f 894//836 836//778 837//779 
f 895//837 837//779 838//780 
f 896//838 838//780 839//781 
f 897//839 839//781 840//782 
f 898//840 840//782 841//783 
f 899//841 841//783 842//784 
f 900//842 842//784 843//785 
f 901//843 843//785 844//786 
f 902//844 844//786 845//787 
f 903//845 845//787 846//788 
f 904//846 846//788 847//789 
f 905//847 847//789 848//790 
f 906//848 848//790 849//791 
f 907//849 849//791 850//792 
f 908//850 850//792 851//793 
f 909//851 851//793 852//794 
f 910//852 852//794 853//795 
f 911//853 853//795 854//796 
f 912//854 854//796 855//797 
f 913//855 855//797 856//798 
f 914//856 856//798 857//799 
f 915//857 857//799 858//800 
f 916//858 858//800 859//801 
f 917//859 859//801 860//802 
f 918//860 860//802 861//803 
f 919//861 861//803 862//804 
f 920//862 862//804 863//805 
f 921//863 863//805 864//806 
f 922//864 864//806 865//807 
f 923//865 865//807 866//808 
f 924//866 866//808 867//809 
f 925//867 867//809 868//810 
f 926//868 868//810 869//811 
f 927//869 869//811 870//812 
f 928//870 870//812 813//755 
f 929//871 871//813 872//814 
f 930//872 872//814 873//815 
f 931//873 873//815 874//816 
f 932//874 874//816 875//817 
f 933//875 875//817 876//818 
f 934//876 876//818 877//819 
f 935//877 877//819 878//820 
f 936//878 878//820 879//821 
f 937//879 879//821 880//822 
f 938//880 880//822 881//823 
f 939//881 881//823 882//824 
f 940//882 882//824 883//825 
f 941//883 883//825 884//826 
f 942//884 884//826 885//827 
f 943//885 885//827 886//828 
f 944//886 886//828 887//829 
f 945//887 887//829 888//830 
f 946//888 888//830 889//831 
f 947//889 889//831 890//832 
f 948//890 890//832 891//833 
f 949//891 891//833 892//834 
f 950//892 892//834 893//835 
f 951//893 893//835 894//836 
f 952//894 894//836 895//837 
f 953//895 895//837 896//838 
f 954//896 896//838 897//839 
f 955//897 897//839 898//840 
f 956//898 898//840 899//841 
f 957//899 899//841 900//842 
f 958//900 900//842 901//843 
f 959//901 901//843 902//844 
f 960//902 902//844 903//845 
f 961//903 903//845 904//846 
f 962//904 904//846 905//847 
f 963//905 905//847 906//848 
f 964//906 906//848 907//849 
f 965//907 907//849 908//850 
f 966//908 908//850 909//851 
f 967//909 909//851 910//852 
f 968//910 910//852 911//853 
f 969//911 911//853 912//854 
f 970//912 912//854 913//855 
f 971//913 913//855 914//856 
f 972//914 914//856 915//857 
f 973//915 915//857 916//858 
f 974//916 916//858 917//859 
f 975//917 917//859 918//860 
f 976//918 918//860 919//861 
f 977//919 919//861 920//862 
f 978//920 920//862 921//863 
f 979//921 921//863 922//864 
f 980//922 922//864 923//865 
f 981//923 923//865 924//866 
f 982//924 924//866 925//867 
f 983//925 925//867 926//868 
f 984//926 926//868 927//869 
f 985//927 927//869 928//870 
f 986//928 928//870 871//813 
f 117//929 929//871 930//872 
f 118//929 930//872 931//873 
f 119//929 931//873 932//874 
f 120//929 932//874 933//875 
f 121//929 933//875 934//876 
f 122//929 934//876 935//877 
f 123//929 935//877 936//878 
f 124//929 936//878 937//879 
f 125//929 937//879 938//880 
f 126//929 938//880 939//881 
f 127//929 939//881 940//882 
f 128//929 940//882 941//883 
f 129//929 941//883 942//884 
f 130//929 942//884 943//885 
f 131//929 943//885 944//886 
f 132//929 944//886 945//887 
f 133//929 945//887 946//888 
f 134//929 946//888 947//889 
f 135//929 947//889 948//890 
f 136//929 948//890 949//891 
f 137//929 949//891 950//892 
f 138//929 950//892 951//893 
f 139//929 951//893 952//894 
f 140//929 952//894 953//895 
f 141//929 953//895 954//896 
f 142//929 954//896 955//897 
f 143//929 955//897 956//898 
f 144//929 956//898 957//899 
f 145//929 957//899 958//900 
f 146//929 958//900 959//901 
f 147//929 959//901 960//902 
f 148//929 960//902 961//903 
f 149//929 961//903 962//904 
f 150//929 962//904 963//905 
f 151//929 963//905 964//906 
f 152//929 964//906 965//907 
f 153//929 965//907 966//908 
f 154//929 966//908 967//909 
f 155//929 967//909 968//910 
f 156//929 968//910 969//911 
f 157//929 969//911 970//912 
f 158//929 970//912 971//913 
f 159//929 971//913 972//914 
f 160//929 972//914 973//915 
f 161//929 973//915 974//916 
f 162//929 974//916 975//917 
f 163//929 975//917 976//918 
f 164//929 976//918 977//919 
f 165//929 977//919 978//920 
f 166//929 978//920 979//921 
f 167//929 979//921 980//922 
f 168//929 980//922 981//923 
f 169//929 981//923 982//924 
f 170//929 982//924 983//925 
f 171//929 983//925 984//926 
f 172//929 984//926 985//927 
f 173//929 985//927 986//928 
f 174//929 986//928 929//871 
f 929//871 117//929 174//929 
f 986//928 174//929 173//929 
f 985//927 173//929 172//929 
f 984//926 172//929 171//929 
f 983//925 171//929 170//929 
f 982//924 170//929 169//929 
f 981//923 169//929 168//929 
f 980//922 168//929 167//929 
f 979//921 167//929 166//929 
f 978//920 166//929 165//929 
f 977//919 165//929 164//929 
f 976//918 164//929 163//929 
f 975//917 163//929 162//929 
f 974//916 162//929 161//929 
f 973//915 161//929 160//929 
f 972//914 160//929 159//929 
f 971//913 159//929 158//929 
f 970//912 158//929 157//929 
f 969//911 157//929 156//929 
f 968//910 156//929 155//929 
f 967//909 155//929 154//929 
f 966//908 154//929 153//929 
f 965//907 153//929 152//929 
f 964//906 152//929 151//929 
f 963//905 151//929 150//929 
f 962//904 150//929 149//929 
f 961//903 149//929 148//929 
f 960//902 148//929 147//929 
f 959//901 147//929 146//929 
f 958//900 146//929 145//929 
f 957//899 145//929 144//929 
f 956//898 144//929 143//929 
f 955//897 143//929 142//929 
f 954//896 142//929 141//929 
f 953//895 141//929 140//929 
f 952//894 140//929 139//929 
f 951//893 139//929 138//929 
f 950//892 138//929 137//929 
f 949//891 137//929 136//929 
f 948//890 136//929 135//929 
f 947//889 135//929 134//929 
f 946//888 134//929 133//929 
f 945//887 133//929 132//929 
f 944//886 132//929 131//929 
f 943//885 131//929 130//929 
f 942//884 130//929 129//929 
f 941//883 129//929 128//929 
f 940//882 128//929 127//929 
f 939//881 127//929 126//929 
f 938//880 126//929 125//929 
f 937//879 125//929 124//929 
f 936//878 124//929 123//929 
f 935//877 123//929 122//929 
f 934//876 122//929 121//929 
f 933//875 121//929 120//929 
f 932//874 120//929 119//929 
f 931//873 119//929 118//929 
f 930//872 118//929 117//929 
f 871//813 929//871 986//928 
f 928//870 986//928 985//927 
f 927//869 985//927 984//926 
f 926//868 984//926 983//925 
f 925//867 983//925 982//924 
f 924//866 982//924 981//923 
f 923//865 981//923 980//922 
f 922//864 980//922 979//921 
f 921//863 979//921 978//920 
f 920//862 978//920 977//919 
f 919//861 977//919 976//918 
f 918//860 976//918 975//917 
f 917//859 975//917 974//916 
f 916//858 974//916 973//915 
f 915//857 973//915 972//914 
f 914//856 972//914 971//913 
f 913//855 971//913 970//912 
f 912//854 970//912 969//911 
f 911//853 969//911 968//910 
f 910//852 968//910 967//909 
f 909//851 967//909 966//908 
f 908//850 966//908 965//907 
f 907//849 965//907 964//906 
f 906//848 964//906 963//905 
f 905//847 963//905 962//904 
f 904//846 962//904 961//903 
f 903//845 961//903 960//902 
f 902//844 960//902 959//901 
f 901//843 959//901 958//900 
f 900//842 958//900 957//899 
f 899//841 957//899 956//898 
f 898//840 956//898 955//897 
f 897//839 955//897 954//896 
f 896//838 954//896 953//895 
f 895//837 953//895 952//894 
f 894//836 952//894 951//893 
f 893//835 951//893 950//892 
f 892//834 950//892 949//891 
f 891//833 949//891 948//890 
f 890//832 948//890 947//889 
f 889//831 947//889 946//888 
f 888//830 946//888 945//887 
f 887//829 945//887 944//886 
f 886//828 944//886 943//885 
f 885//827 943//885 942//884 
f 884//826 942//884 941//883 
f 883//825 941//883 940//882 
f 882//824 940//882 939//881 
f 881//823 939//881 938//880 
f 880//822 938//880 937//879 
f 879//821 937//879 936//878 
f 878//820 936//878 935//877 
f 877//819 935//877 934//876 
f 876//818 934//876 933//875 
f 875//817 933//875 932//874 
f 874//816 932//874 931//873 
f 873//815 931//873 930//872 
f 872//814 930//872 929//871 
f 813//755 871//813 928//870 
f 870//812 928//870 927//869 
f 869//811 927//869 926//868 
f 868//810 926//868 925//867 
f 867//809 925//867 924//866 
f 866//808 924//866 923//865 
f 865//807 923//865 922//864 
f 864//806 922//864 921//863 
f 863//805 921//863 920//862 
f 862//804 920//862 919//861 
f 861//803 919//861 918//860 
f 860//802 918//860 917//859 
f 859//801 917//859 916//858 
f 858//800 916//858 915//857 
f 857//799 915//857 914//856 
f 856//798 914//856 913//855 
f 855//797 913//855 912//854 
f 854//796 912//854 911//853 
f 853//795 911//853 910//852 
f 852//794 910//852 909//851 
f 851//793 909//851 908//850 
f 850//792 908//850 907//849 
f 849//791 907//849 906//848 
f 848//790 906//848 905//847 
f 847//789 905//847 904//846 
f 846//788 904//846 903//845 
f 845//787 903//845 902//844 
f 844//786 902//844 901//843 
f 843//785 901//843 900//842 
f 842//784 900//842 899//841 
f 841//783 899//841 898//840 
f 840//782 898//840 897//839 
f 839//781 897//839 896//838 
f 838//780 896//838 895//837 
f 837//779 895//837 894//836 
f 836//778 894//836 893//835 
f 835//777 893//835 892//834 
f 834//776 892//834 891//833 
f 833//775 891//833 890//832 
f 832//774 890//832 889//831 
f 831//773 889//831 888//830 
f 830//772 888//830 887//829 
f 829//771 887//829 886//828 
f 828//770 886//828 885//827 
f 827//769 885//827 884//826 
f 826//768 884//826 883//825 
f 825//767 883//825 882//824 
f 824//766 882//824 881//823 
f 823//765 881//823 880//822 
f 822//764 880//822 879//821 
f 821//763 879//821 878//820 
f 820//762 878//820 877//819 
f 819//761 877//819 876//818 
f 818//760 876//818 875//817 
f 817//759 875//817 874//816 
f 816//758 874//816 873//815 
f 815//757 873//815 872//814 
f 814//756 872//814 871//813 
f 755//697 813//755 870//812 
f 812//754 870//812 869//811 
f 811//753 869//811 868//810 
f 810//752 868//810 867//809 
f 809//751 867//809 866//808 
f 808//750 866//808 865//807 
f 807//749 865//807 864//806 
f 806//748 864//806 863//805 
f 805//747 863//805 862//804 
f 804//746 862//804 861//803 
f 803//745 861//803 860//802 
f 802//744 860//802 859//801 
f 801//743 859//801 858//800 
f 800//742 858//800 857//799 
f 799//741 857//799 856//798 
f 798//740 856//798 855//797 
f 797//739 855//797 854//796 
f 796//738 854//796 853//795 
f 795//737 853//795 852//794 
f 794//736 852//794 851//793 
f 793//735 851//793 850//792 
f 792//734 850//792 849//791 
f 791//733 849//791 848//790 
f 790//732 848//790 847//789 
f 789//731 847//789 846//788 
f 788//730 846//788 845//787 
f 787//729 845//787 844//786 
f 786//728 844//786 843//785 
f 785//727 843//785 842//784 
f 784//726 842//784 841//783 
f 783//725 841//783 840//782 
f 782//724 840//782 839//781 
f 781//723 839//781 838//780 
f 780//722 838//780 837//779 
f 779//721 837//779 836//778 
f 778//720 836//778 835//777 
f 777//719 835//777 834//776 
f 776//718 834//776 833//775 
f 775//717 833//775 832//774 
f 774//716 832//774 831//773 
f 773//715 831//773 830//772 
f 772//714 830//772 829//771 
f 771//713 829//771 828//770 
f 770//712 828//770 827//769 
f 769//711 827//769 826//768 
f 768//710 826//768 825//767 
f 767//709 825//767 824//766 
f 766//708 824//766 823//765 
f 765//707 823//765 822//764 
f 764//706 822//764 821//763 
f 763//705 821//763 820//762 
f 762//704 820//762 819//761 
f 761//703 819//761 818//760 
f 760//702 818//760 817//759 
f 759//701 817//759 816//758 
f 758//700 816//758 815//757 
f 757//699 815//757 814//756 
f 756//698 814//756 813//755 
f 697//639 755//697 812//754 
f 754//696 812//754 811//753 
f 753//695 811//753 810//752 
f 752//694 810//752 809//751 
f 751//693 809//751 808//750 
f 750//692 808//750 807//749 
f 749//691 807//749 806//748 
f 748//690 806//748 805//747 
f 747//689 805//747 804//746 
f 746//688 804//746 803//745 
f 745//687 803//745 802//744 
f 744//686 802//744 801//743 
f 743//685 801//743 800//742 
f 742//684 800//742 799//741 
f 741//683 799//741 798//740 
f 740//682 798//740 797//739 
f 739//681 797//739 796//738 
f 738//680 796//738 795//737 
f 737//679 795//737 794//736 
f 736//678 794//736 793//735 
f 735//677 793//735 792//734 
f 734//676 792//734 791//733 
f 733//675 791//733 790//732 
f 732//674 790//732 789//731 
f 731//673 789//731 788//730 
f 730//672 788//730 787//729 
f 729//671 787//729 786//728 
f 728//670 786//728 785//727 
f 727//669 785//727 784//726 
f 726//668 784//726 783//725 
f 725//667 783//725 782//724 
f 724//666 782//724 781//723 
f 723//665 781//723 780//722 
f 722//664 780//722 779//721 
f 721//663 779//721 778//720 
f 720//662 778//720 777//719 
f 719//661 777//719 776//718 
f 718//660 776//718 775//717 
f 717//659 775//717 774//716 
f 716//658 774//716 773//715 
f 715//657 773//715 772//714 
f 714//656 772//714 771//713 
f 713//655 771//713 770//712 
f 712//654 770//712 769//711 
f 711//653 769//711 768//710 
f 710//652 768//710 767//709 
f 709//651 767//709 766//708 
f 708//650 766//708 765//707 
f 707//649 765//707 764//706 
f 706//648 764//706 763//705 
f 705//647 763//705 762//704 
f 704//646 762//704 761//703 
f 703//645 761//703 760//702 
f 702//644 760//702 759//701 
f 701//643 759//701 758//700 
f 700//642 758//700 757//699 
f 699//641 757//699 756//698 
f 698//640 756//698 755//697 
f 639//581 697//639 754//696 
f 696//638 754//696 753//695 
f 695//637 753//695 752//694 
f 694//636 752//694 751//693 
f 693//635 751//693 750//692 
f 692//634 750//692 749//691 
f 691//633 749//691 748//690 
f 690//632 748//690 747//689 
f 689//631 747//689 746//688 
f 688//630 746//688 745//687 
f 687//629 745//687 744//686 
f 686//628 744//686 743//685 
f 685//627 743//685 742//684 
f 684//626 742//684 741//683 
f 683//625 741//683 740//682 
f 682//624 740//682 739//681 
f 681//623 739//681 738//680 
f 680//622 738//680 737//679 
f 679//621 737//679 736//678 
f 678//620 736//678 735//677 
f 677//619 735//677 734//676 
f 676//618 734//676 733//675 
f 675//617 733//675 732//674 
f 674//616 732//674 731//673 
f 673//615 731//673 730//672 
f 672//614 730//672 729//671 
f 671//613 729//671 728//670 
f 670//612 728//670 727//669 
f 669//611 727//669 726//668 
f 668//610 726//668 725//667 
f 667//609 725//667 724//666 
f 666//608 724//666 723//665 
f 665//607 723//665 722//664 
f 664//606 722//664 721//663 
f 663//605 721//663 720//662 
f 662//604 720//662 719//661 
f 661//603 719//661 718//660 
f 660//602 718//660 717//659 
f 659//601 717//659 716//658 
f 658//600 716//658 715//657 
f 657//599 715//657 714//656 
f 656//598 714//656 713//655 
f 655//597 713//655 712//654 
f 654//596 712//654 711//653 
f 653//595 711//653 710//652 
f 652//594 710//652 709//651 
f 651//593 709//651 708//650 
f 650//592 708//650 707//649 
f 649//591 707//649 706//648 
f 648//590 706//648 705//647 
f 647//589 705//647 704//646 
f 646//588 704//646 703//645 
f 645//587 703//645 702//644 
f 644//586 702//644 701//643 
f 643//585 701//643 700//642 
f 642//584 700//642 699//641 
f 641//583 699//641 698//640 
f 640//582 698//640 697//639 
f 581//523 639//581 696//638 
f 638//580 696//638 695//637 
f 637//579 695//637 694//636 
f 636//578 694//636 693//635 
f 635//577 693//635 692//634 
f 634//576 692//634 691//633 
f 633//575 691//633 690//632 
f 632//574 690//632 689//631 
f 631//573 689//631 688//630 
f 630//572 688//630 687//629 
f 629//571 687//629 686//628 
f 628//570 686//628 685//627 
f 627//569 685//627 684//626 
f 626//568 684//626 683//625 
f 625//567 683//625 682//624 
f 624//566 682//624 681//623 
f 623//565 681//623 680//622 
f 622//564 680//622 679//621 
f 621//563 679//621 678//620 
f 620//562 678//620 677//619 
f 619//561 677//619 676//618 
f 618//560 676//618 675//617 
f 617//559 675//617 674//616 
f 616//558 674//616 673//615 
f 615//557 673//615 672//614 
f 614//556 672//614 671//613 
f 613//555 671//613 670//612 
f 612//554 670//612 669//611 
f 611//553 669//611 668//610 
f 610//552 668//610 667//609 
f 609//551 667//609 666//608 
f 608//550 666//608 665//607 
f 607//549 665//607 664//606 
f 606//548 664//606 663//605 
f 605//547 663//605 662//604 
f 604//546 662//604 661//603 
f 603//545 661//603 660//602 
f 602//544 660//602 659//601 
f 601//543 659//601 658//600 
f 600//542 658//600 657//599 
f 599//541 657//599 656//598 
f 598//540 656//598 655//597 
f 597//539 655//597 654//596 
f 596//538 654//596 653//595 
f 595//537 653//595 652//594 
f 594//536 652//594 651//593 
f 593//535 651//593 650//592 
f 592//534 650//592 649//591 
f 591//533 649//591 648//590 
f 590//532 648//590 647//589 
f 589//531 647//589 646//588 
f 588//530 646//588 645//587 
f 587//529 645//587 644//586 
f 586//528 644//586 643//585 
f 585//527 643//585 642//584 
f 584//526 642//584 641//583 
f 583//525 641//583 640//582 
f 582//524 640//582 639//581 
f 523//465 581//523 638//580 
f 580//522 638//580 637//579 
f 579//521 637//579 636//578 
f 578//520 636//578 635//577 
f 577//519 635//577 634//576 
f 576//518 634//576 633//575 
f 575//517 633//575 632//574 
f 574//516 632//574 631//573 
f 573//515 631//573 630//572 
f 572//514 630//572 629//571 
f 571//513 629//571 628//570 
f 570//512 628//570 627//569 
f 569//511 627//569 626//568 
f 568//510 626//568 625//567 
f 567//509 625//567 624//566 
f 566//508 624//566 623//565 
f 565//507 623//565 622//564 
f 564//506 622//564 621//563 
f 563//505 621//563 620//562 
f 562//504 620//562 619//561 
f 561//503 619//561 618//560 
f 560//502 618//560 617//559 
f 559//501 617//559 616//558 
f 558//500 616//558 615//557 
f 557//499 615//557 614//556 
f 556//498 614//556 613//555 
f 555//497 613//555 612//554 
f 554//496 612//554 611//553 
f 553//495 611//553 610//552 
f 552//494 610//552 609//551 
f 551//493 609//551 608//550 
f 550//492 608//550 607//549 
f 549//491 607//549 606//548 
f 548//490 606//548 605//547 
f 547//489 605//547 604//546 
f 546//488 604//546 603//545 
f 545//487 603//545 602//544 
f 544//486 602//544 601//543 
f 543//485 601//543 600//542 
f 542//484 600//542 599//541 
f 541//483 599//541 598//540 
f 540//482 598//540 597//539 
f 539//481 597//539 596//538 
f 538//480 596//538 595//537 
f 537//479 595//537 594//536 
f 536//478 594//536 593//535 
f 535//477 593//535 592//534 
f 534//476 592//534 591//533 
f 533//475 591//533 590//532 
f 532//474 590//532 589//531 
f 531//473 589//531 588//530 
f 530//472 588//530 587//529 
f 529//471 587//529 586//528 
f 528//470 586//528 585//527 
f 527//469 585//527 584//526 
f 526//468 584//526 583//525 
f 525//467 583//525 582//524 
f 524//466 582//524 581//523 
f 465//407 523//465 580//522 
f 522//464 580//522 579//521 
f 521//463 579//521 578//520 
f 520//462 578//520 577//519 
f 519//461 577//519 576//518 
f 518//460 576//518 575//517 
f 517//459 575//517 574//516 
f 516//458 574//516 573//515 
f 515//457 573//515 572//514 
f 514//456 572//514 571//513 
f 513//455 571//513 570//512 
f 512//454 570//512 569//511 
f 511//453 569//511 568//510 
f 510//452 568//510 567//509 
f 509//451 567//509 566//508 
f 508//450 566//508 565//507 
f 507//449 565//507 564//506 
f 506//448 564//506 563//505 
f 505//447 563//505 562//504 
f 504//446 562//504 561//503 
f 503//445 561//503 560//502 
f 502//444 560//502 559//501 
f 501//443 559//501 558//500 
f 500//442 558//500 557//499 
f 499//441 557//499 556//498 
f 498//440 556//498 555//497 
f 497//439 555//497 554//496 
f 496//438 554//496 553//495 
f 495//437 553//495 552//494 
f 494//436 552//494 551//493 
f 493//435 551//493 550//492 
f 492//434 550//492 549//491 
f 491//433 549//491 548//490 
f 490//432 548//490 547//489 
f 489//431 547//489 546//488 
f 488//430 546//488 545//487 
f 487//429 545//487 544//486 
f 486//428 544//486 543//485 
f 485//427 543//485 542//484 
f 484//426 542//484 541//483 
f 483//425 541//483 540//482 
f 482//424 540//482 539//481 
f 481//423 539//481 538//480 
f 480//422 538//480 537//479 
f 479//421 537//479 536//478 
f 478//420 536//478 535//477 
f 477//419 535//477 534//476 
f 476//418 534//476 533//475 
f 475//417 533//475 532//474 
f 474//416 532//474 531//473 
f 473//415 531//473 530//472 
f 472//414 530//472 529//471 
f 471//413 529//471 528//470 
f 470//412 528//470 527//469 
f 469//411 527//469 526//468 
f 468//410 526//468 525//467 
f 467//409 525//467 524//466 
f 466//408 524//466 523//465 
f 407//349 465//407 522//464 
f 464//406 522//464 521//463 
f 463//405 521//463 520//462 
f 462//404 520//462 519//461 
f 461//403 519//461 518//460 
f 460//402 518//460 517//459 
f 459//401 517//459 516//458 
f 458//400 516//458 515//457 
f 457//399 515//457 514//456 
f 456//398 514//456 513//455 
f 455//397 513//455 512//454 
f 454//396 512//454 511//453 
f 453//395 511//453 510//452 
f 452//394 510//452 509//451 
f 451//393 509//451 508//450 
f 450//392 508//450 507//449 
f 449//391 507//449 506//448 
f 448//390 506//448 505//447 
f 447//389 505//447 504//446 
f 446//388 504//446 503//445 
f 445//387 503//445 502//444 
f 444//386 502//444 501//443 
f 443//385 501//443 500//442 
f 442//384 500//442 499//441 
f 441//383 499//441 498//440 
f 440//382 498//440 497//439 
f 439//381 497//439 496//438 
f 438//380 496//438 495//437 
f 437//379 495//437 494//436 
f 436//378 494//436 493//435 
f 435//377 493//435 492//434 
f 434//376 492//434 491//433 
f 433//375 491//433 490//432 
f 432//374 490//432 489//431 
f 431//373 489//431 488//430 
f 430//372 488//430 487//429 
f 429//371 487//429 486//428 
f 428//370 486//428 485//427 
f 427//369 485//427 484//426 
f 426//368 484//426 483//425 
f 425//367 483//425 482//424 
f 424//366 482//424 481//423 
f 423//365 481//423 480//422 
f 422//364 480//422 479//421 
f 421//363 479//421 478//420 
f 420//362 478//420 477//419 
f 419//361 477//419 476//418 
f 418//360 476//418 475//417 
f 417//359 475//417 474//416 
f 416//358 474//416 473//415 
f 415//357 473//415 472//414 
f 414//356 472//414 471//413 
f 413//355 471//413 470//412 
f 412//354 470//412 469//411 
f 411//353 469//411 468//410 
f 410//352 468//410 467//409 
f 409//351 467//409 466//408 
f 408//350 466//408 465//407 
f 349//291 407//349 464//406 
f 406//348 464//406 463//405 
f 405//347 463//405 462//404 
f 404//346 462//404 461//403 
f 403//345 461//403 460//402 
f 402//344 460//402 459//401 
f 401//343 459//401 458//400 
f 400//342 458//400 457//399 
f 399//341 457//399 456//398 
f 398//340 456//398 455//397 
f 397//339 455//397 454//396 
f 396//338 454//396 453//395 
f 395//337 453//395 452//394 
f 394//336 452//394 451//393 
f 393//335 451//393 450//392 
f 392//334 450//392 449//391 
f 391//333 449//391 448//390 
f 390//332 448//390 447//389 
f 389//331 447//389 446//388 
f 388//330 446//388 445//387 
f 387//329 445//387 444//386 
f 386//328 444//386 443//385 
f 385//327 443//385 442//384 
f 384//326 442//384 441//383 
f 383//325 441//383 440//382 
f 382//324 440//382 439//381 
f 381//323 439//381 438//380 
f 380//322 438//380 437//379 
f 379//321 437//379 436//378 
f 378//320 436//378 435//377 
f 377//319 435//377 434//376 
f 376//318 434//376 433//375 
f 375//317 433//375 432//374 
f 374//316 432//374 431//373 
f 373//315 431//373 430//372 
f 372//314 430//372 429//371 
f 371//313 429//371 428//370 
f 370//312 428//370 427//369 
f 369//311 427//369 426//368 
f 368//310 426//368 425//367 
f 367//309 425//367 424//366 
f 366//308 424//366 423//365 
f 365//307 423//365 422//364 
f 364//306 422//364 421//363 
f 363//305 421//363 420//362 
f 362//304 420//362 419//361 
f 361//303 419//361 418//360 
f 360//302 418//360 417//359 
f 359//301 417//359 416//358 
f 358//300 416//358 415//357 
f 357//299 415//357 414//356 
f 356//298 414//356 413//355 
f 355//297 413//355 412//354 
f 354//296 412//354 411//353 
f 353//295 411//353 410//352 
f 352//294 410//352 409//351 
f 351//293 409//351 408//350 
f 350//292 408//350 407//349 
f 291//233 349//291 406//348 
f 348//290 406//348 405//347 
f 347//289 405//347 404//346 
f 346//288 404//346 403//345 
f 345//287 403//345 402//344 
f 344//286 402//344 401//343 
f 343//285 401//343 400//342 
f 342//284 400//342 399//341 
f 341//283 399//341 398//340 
f 340//282 398//340 397//339 
f 339//281 397//339 396//338 
f 338//280 396//338 395//337 
f 337//279 395//337 394//336 
f 336//278 394//336 393//335 
f 335//277 393//335 392//334 
f 334//276 392//334 391//333 
f 333//275 391//333 390//332 
f 332//274 390//332 389//331 
f 331//273 389//331 388//330 
f 330//272 388//330 387//329 
f 329//271 387//329 386//328 
f 328//270 386//328 385//327 
f 327//269 385//327 384//326 
f 326//268 384//326 383//325 
f 325//267 383//325 382//324 
f 324//266 382//324 381//323 
f 323//265 381//323 380//322 
f 322//264 380//322 379//321 
f 321//263 379//321 378//320 
f 320//262 378//320 377//319 
f 319//261 377//319 376//318 
f 318//260 376//318 375//317 
f 317//259 375//317 374//316 
f 316//258 374//316 373//315 
f 315//257 373//315 372//314 
f 314//256 372//314 371//313 
f 313//255 371//313 370//312 
f 312//254 370//312 369//311 
f 311//253 369//311 368//310 
f 310//252 368//310 367//309 
f 309//251 367//309 366//308 
f 308//250 366//308 365//307 
f 307//249 365//307 364//306 
f 306//248 364//306 363//305 
f 305//247 363//305 362//304 
f 304//246 362//304 361//303 
f 303//245 361//303 360//302 
f 302//244 360//302 359//301 
f 301//243 359//301 358//300 
f 300//242 358//300 357//299 
f 299//241 357//299 356//298 
f 298//240 356//298 355//297 
f 297//239 355//297 354//296 
f 296//238 354//296 353//295 
f 295//237 353//295 352//294 
f 294//236 352//294 351//293 
f 293//235 351//293 350//292 
f 292//234 350//292 349//291 
f 233//175 291//233 348//290 
f 290//232 348//290 347//289 
f 289//231 347//289 346//288 
f 288//230 346//288 345//287 
f 287//229 345//287 344//286 
f 286//228 344//286 343//285 
f 285//227 343//285 342//284 
f 284//226 342//284 341//283 
f 283//225 341//283 340//282 
f 282//224 340//282 339//281 
f 281//223 339//281 338//280 
f 280//222 338//280 337//279 
f 279//221 337//279 336//278 
f 278//220 336//278 335//277 
f 277//219 335//277 334//276 
f 276//218 334//276 333//275 
f 275//217 333//275 332//274 
f 274//216 332//274 331//273 
f 273//215 331//273 330//272 
f 272//214 330//272 329//271 
f 271//213 329//271 328//270 
f 270//212 328//270 327//269 
f 269//211 327//269 326//268 
f 268//210 326//268 325//267 
f 267//209 325//267 324//266 
f 266//208 324//266 323//265 
f 265//207 323//265 322//264 
f 264//206 322//264 321//263 
f 263//205 321//263 320//262 
f 262//204 320//262 319//261 
f 261//203 319//261 318//260 
f 260//202 318//260 317//259 
f 259//201 317//259 316//258 
f 258//200 316//258 315//257 
f 257//199 315//257 314//256 
f 256//198 314//256 313//255 
f 255//197 313//255 312//254 
f 254//196 312//254 311//253 
f 253//195 311//253 310//252 
f 252//194 310//252 309//251 
f 251//193 309//251 308//250 
f 250//192 308//250 307//249 
f 249//191 307//249 306//248 
f 248//190 306//248 305//247 
f 247//189 305//247 304//246 
f 246//188 304//246 303//245 
f 245//187 303//245 302//244 
f 244//186 302//244 301//243 
f 243//185 301//243 300//242 
f 242//184 300//242 299//241 
f 241//183 299//241 298//240 
f 240//182 298//240 297//239 
f 239//181 297//239 296//238 
f 238//180 296//238 295//237 
f 237//179 295//237 294//236 
f 236//178 294//236 293//235 
f 235//177 293//235 292//234 
f 234//176 292//234 291//233 
f 175//59 233//175 290//232 
f 232//174 290//232 289//231 
f 231//172 289//231 288//230 
f 230//170 288//230 287//229 
f 229//168 287//229 286//228 
f 228//166 286//228 285//227 
f 227//164 285//227 284//226 
f 226//162 284//226 283//225 
f 225//160 283//225 282//224 
f 224//158 282//224 281//223 
f 223//156 281//223 280//222 
f 222//154 280//222 279//221 
f 221//152 279//221 278//220 
f 220//150 278//220 277//219 
f 219//148 277//219 276//218 
f 218//146 276//218 275//217 
f 217//144 275//217 274//216 
f 216//142 274//216 273//215 
f 215//140 273//215 272//214 
f 214//138 272//214 271//213 
f 213//136 271//213 270//212 
f 212//134 270//212 269//211 
f 211//132 269//211 268//210 
f 210//130 268//210 267//209 
f 209//128 267//209 266//208 
f 208//126 266//208 265//207 
f 207//124 265//207 264//206 
f 206//122 264//206 263//205 
f 205//120 263//205 262//204 
f 204//118 262//204 261//203 
f 203//116 261//203 260//202 
f 202//114 260//202 259//201 
f 201//112 259//201 258//200 
f 200//110 258//200 257//199 
f 199//108 257//199 256//198 
f 198//106 256//198 255//197 
f 197//104 255//197 254//196 
f 196//102 254//196 253//195 
f 195//100 253//195 252//194 
f 194//98 252//194 251//193 
f 193//96 251//193 250//192 
f 192//94 250//192 249//191 
f 191//92 249//191 248//190 
f 190//90 248//190 247//189 
f 189//88 247//189 246//188 
f 188//86 246//188 245//187 
f 187//84 245//187 244//186 
f 186//82 244//186 243//185 
f 185//80 243//185 242//184 
f 184//78 242//184 241//183 
f 183//76 241//183 240//182 
f 182//74 240//182 239//181 
f 181//72 239//181 238//180 
f 180//70 238//180 237//179 
f 179//68 237//179 236//178 
f 178//66 236//178 235//177 
f 177//64 235//177 234//176 
f 176//62 234//176 233//175 
f 59//60 175//59 232//174 
f 61//173 232//174 231//172 
f 63//171 231//172 230//170 
f 65//169 230//170 229//168 
f 67//167 229//168 228//166 
f 69//165 228//166 227//164 
f 71//163 227//164 226//162 
f 73//161 226//162 225//160 
f 75//159 225//160 224//158 
f 77//157 224//158 223//156 
f 79//155 223//156 222//154 
f 81//153 222//154 221//152 
f 83//151 221//152 220//150 
f 85//149 220//150 219//148 
f 87//147 219//148 218//146 
f 89//145 218//146 217//144 
f 91//143 217//144 216//142 
f 93//141 216//142 215//140 
f 95//139 215//140 214//138 
f 97//137 214//138 213//136 
f 99//135 213//136 212//134 
f 101//133 212//134 211//132 
f 103//131 211//132 210//130 
f 105//129 210//130 209//128 
f 107//127 209//128 208//126 
f 109//125 208//126 207//124 
f 111//123 207//124 206//122 
f 113//121 206//122 205//120 
f 115//119 205//120 204//118 
f 2//117 204//118 203//116 
f 3//115 203//116 202//114 
f 5//113 202//114 201//112 
f 7//111 201//112 200//110 
f 9//109 200//110 199//108 
f 11//107 199//108 198//106 
f 13//105 198//106 197//104 
f 15//103 197//104 196//102 
f 17//101 196//102 195//100 
f 19//99 195//100 194//98 
f 21//97 194//98 193//96 
f 23//95 193//96 192//94 
f 25//93 192//94 191//92 
f 27//91 191//92 190//90 
f 29//89 190//90 189//88 
f 31//87 189//88 188//86 
f 33//85 188//86 187//84 
f 35//83 187//84 186//82 
f 37//81 186//82 185//80 
f 39//79 185//80 184//78 
f 41//77 184//78 183//76 
f 43//75 183//76 182//74 
f 45//73 182//74 181//72 
f 47//71 181//72 180//70 
f 49//69 180//70 179//68 
f 51//67 179//68 178//66 
f 53//65 178//66 177//64 
f 55//63 177//64 176//62 
f 57//61 176//62 175//59 
o mesh2
f 125//929 987//929 988//929 
f 125//929 126//929 989//929 
f 128//929 990//929 991//929 
f 128//929 129//929 992//929 
f 129//929 130//929 993//929 
f 130//929 131//929 994//929 
f 151//929 995//929 996//929 
f 151//929 152//929 997//929 
f 121//929 998//929 999//929 
f 121//929 122//929 1000//929 
f 122//929 123//929 1001//929 
f 123//929 124//929 988//929 
f 989//929 987//929 125//929 
f 127//929 991//929 989//929 
f 992//929 990//929 128//929 
f 994//929 993//929 130//929 
f 149//929 1002//929 1003//929 
f 150//929 996//929 1002//929 
f 997//929 995//929 151//929 
f 153//929 1004//929 997//929 
f 154//929 1005//929 1004//929 
f 154//929 155//929 1006//929 
f 118//929 119//929 1007//929 
f 119//929 120//929 999//929 
f 1000//929 998//929 121//929 
f 988//929 1001//929 123//929 
f 989//929 126//929 127//929 
f 993//929 992//929 129//929 
f 141//929 1008//929 1009//929 
f 141//929 142//929 1010//929 
f 143//929 1011//929 1010//929 
f 143//929 144//929 1012//929 
f 146//929 1013//929 1014//929 
f 146//929 147//929 1015//929 
f 1002//929 149//929 150//929 
f 997//929 152//929 153//929 
f 1006//929 1005//929 154//929 
f 155//929 156//929 1016//929 
f 157//929 158//929 1017//929 
f 158//929 159//929 1018//929 
f 168//929 1019//929 1020//929 
f 168//929 169//929 1021//929 
f 169//929 170//929 1022//929 
f 170//929 171//929 1023//929 
f 118//929 1024//929 1025//929 
f 999//929 1007//929 119//929 
f 1001//929 1000//929 122//929 
f 991//929 127//929 128//929 
f 134//929 1026//929 1027//929 
f 135//929 1028//929 1026//929 
f 1010//929 1008//929 141//929 
f 1012//929 1011//929 143//929 
f 1015//929 1013//929 146//929 
f 147//929 148//929 1003//929 
f 996//929 150//929 151//929 
f 1016//929 1006//929 155//929 
f 156//929 157//929 1029//929 
f 1018//929 1017//929 158//929 
f 160//929 1030//929 1018//929 
f 160//929 161//929 1031//929 
f 162//929 1032//929 1031//929 
f 162//929 163//929 1033//929 
f 166//929 1034//929 1035//929 
f 167//929 1020//929 1034//929 
f 1021//929 1019//929 168//929 
f 1023//929 1022//929 170//929 
f 1007//929 1024//929 118//929 
f 988//929 124//929 125//929 
f 132//929 1036//929 994//929 
f 132//929 133//929 1027//929 
f 1026//929 134//929 135//929 
f 135//929 136//929 1037//929 
f 139//929 140//929 1009//929 
f 1010//929 142//929 143//929 
f 145//929 1014//929 1012//929 
f 1003//929 1015//929 147//929 
f 1004//929 153//929 154//929 
f 1017//929 1029//929 157//929 
f 1031//929 1030//929 160//929 
f 1033//929 1032//929 162//929 
f 164//929 1038//929 1033//929 
f 164//929 165//929 1035//929 
f 1034//929 166//929 167//929 
f 1022//929 1021//929 169//929 
f 999//929 120//929 121//929 
f 1027//929 1036//929 132//929 
f 1037//929 1028//929 135//929 
f 136//929 137//929 1039//929 
f 1009//929 140//929 141//929 
f 1014//929 145//929 146//929 
f 1029//929 1016//929 156//929 
f 1031//929 161//929 162//929 
f 1035//929 1038//929 164//929 
f 1020//929 167//929 168//929 
f 172//929 1040//929 1023//929 
f 172//929 173//929 1041//929 
f 994//929 131//929 132//929 
f 1039//929 1037//929 136//929 
f 138//929 1042//929 1039//929 
f 138//929 139//929 1043//929 
f 1012//929 144//929 145//929 
f 1018//929 159//929 160//929 
f 1035//929 165//929 166//929 
f 1041//929 1040//929 172//929 
f 1027//929 133//929 134//929 
f 1043//929 1042//929 138//929 
f 1003//929 148//929 149//929 
f 1023//929 171//929 172//929 
f 1039//929 137//929 138//929 
f 1033//929 163//929 164//929 
f 174//929 1044//929 1041//929 
f 117//929 1025//929 1044//929 
f 1009//929 1043//929 139//929 
f 1044//929 174//929 117//929 
f 1041//929 173//929 174//929 
f 1025//929 117//929 118//929 
o mesh3
f 1103//930 1045//931 1046//931 
f 1104//932 1046//931 1047//931 
f 1105//933 1047//931 1048//934 
f 1106//935 1048//934 1049//934 
f 1107//936 1049//934 1050//937 
f 1108//938 1050//937 1051//937 
f 1109//939 1051//937 1052//940 
f 1110//941 1052//940 1053//940 
f 1111//942 1053//940 1054//943 
f 1112//944 1054//943 1055//943 
f 1113//945 1055//943 1056//946 
f 1114//947 1056//946 1057//946 
f 1115//948 1057//946 1058//949 
f 1116//950 1058//949 1059//949 
f 1117//951 1059//949 1060//952 
f 1118//953 1060//952 1061//952 
f 1119//954 1061//952 1062//955 
f 1120//956 1062//955 1063//955 
f 1121//957 1063//955 1064//958 
f 1122//959 1064//958 1065//958 
f 1123//960 1065//958 1066//961 
f 1124//962 1066//961 1067//961 
f 1125//963 1067//961 1068//964 
f 1126//965 1068//964 1069//964 
f 1127//966 1069//964 1070//967 
f 1128//968 1070//967 1071//967 
f 1129//969 1071//967 1072//970 
f 1130//971 1072//970 1073//970 
f 1131//972 1073//970 1074//973 
f 1132//974 1074//973 1075//973 
f 1133//975 1075//973 1076//976 
f 1134//977 1076//976 1077//976 
f 1135//978 1077//976 1078//979 
f 1136//980 1078//979 1079//979 
f 1137//981 1079//979 1080//982 
f 1138//983 1080//982 1081//982 
f 1139//984 1081//982 1082//985 
f 1140//986 1082//985 1083//985 
f 1141//987 1083//985 1084//988 
f 1142//989 1084//988 1085//988 
f 1143//990 1085//988 1086//991 
f 1144//992 1086//991 1087//991 
f 1145//993 1087//991 1088//994 
f 1146//995 1088//994 1089//994 
f 1147//996 1089//994 1090//997 
f 1148//998 1090//997 1091//997 
f 1149//999 1091//997 1092//1000 
f 1150//1001 1092//1000 1093//1000 
f 1151//1002 1093//1000 1094//1003 
f 1152//1004 1094//1003 1095//1003 
f 1153//1005 1095//1003 1096//1006 
f 1154//1007 1096//1006 1097//1006 
f 1155//1008 1097//1006 1098//1009 
f 1156//1010 1098//1009 1099//1009 
f 1157//1011 1099//1009 1100//1012 
f 1158//1013 1100//1012 1101//1012 
f 1159//1014 1101//1012 1102//1015 
f 1160//1016 1102//1015 1045//931 
f 1161//1017 1103//930 1104//932 
f 1162//1018 1104//932 1105//933 
f 1163//1019 1105//933 1106//935 
f 1164//1020 1106//935 1107//936 
f 1165//1021 1107//936 1108//938 
f 1166//1022 1108//938 1109//939 
f 1167//1023 1109//939 1110//941 
f 1168//1024 1110//941 1111//942 
f 1169//1025 1111//942 1112//944 
f 1170//1026 1112//944 1113//945 
f 1171//1027 1113//945 1114//947 
f 1172//1028 1114//947 1115//948 
f 1173//1029 1115//948 1116//950 
f 1174//1030 1116//950 1117//951 
f 1175//1031 1117//951 1118//953 
f 1176//1032 1118//953 1119//954 
f 1177//1033 1119//954 1120//956 
f 1178//1034 1120//956 1121//957 
f 1179//1035 1121//957 1122//959 
f 1180//1036 1122//959 1123//960 
f 1181//1037 1123//960 1124//962 
f 1182//1038 1124//962 1125//963 
f 1183//1039 1125//963 1126//965 
f 1184//1040 1126//965 1127//966 
f 1185//1041 1127//966 1128//968 
f 1186//1042 1128//968 1129//969 
f 1187//1043 1129//969 1130//971 
f 1188//1044 1130//971 1131//972 
f 1189//1045 1131//972 1132//974 
f 1190//1046 1132//974 1133//975 
f 1191//1047 1133//975 1134//977 
f 1192//1048 1134//977 1135//978 
f 1193//1049 1135//978 1136//980 
f 1194//1050 1136//980 1137//981 
f 1195//1051 1137//981 1138//983 
f 1196//1052 1138//983 1139//984 
f 1197//1053 1139//984 1140//986 
f 1198//1054 1140//986 1141//987 
f 1199//1055 1141//987 1142//989 
f 1200//1056 1142//989 1143//990 
f 1201//1057 1143//990 1144//992 
f 1202//1058 1144//992 1145//993 
f 1203//1059 1145//993 1146//995 
f 1204//1060 1146//995 1147//996 
f 1205//1061 1147//996 1148//998 
f 1206//1062 1148//998 1149//999 
f 1207//1063 1149//999 1150//1001 
f 1208//1064 1150//1001 1151//1002 
f 1209//1065 1151//1002 1152//1004 
f 1210//1066 1152//1004 1153//1005 
f 1211//1067 1153//1005 1154//1007 
f 1212//1068 1154//1007 1155//1008 
f 1213//1069 1155//1008 1156//1010 
f 1214//1070 1156//1010 1157//1011 
f 1215//1071 1157//1011 1158//1013 
f 1216//1072 1158//1013 1159//1014 
f 1217//1073 1159//1014 1160//1016 
f 1218//1074 1160//1016 1103//930 
f 1219//1075 1161//1017 1162//1018 
f 1220//1076 1162//1018 1163//1019 
f 1221//1077 1163//1019 1164//1020 
f 1222//1078 1164//1020 1165//1021 
f 1223//1079 1165//1021 1166//1022 
f 1224//1080 1166//1022 1167//1023 
f 1225//1081 1167//1023 1168//1024 
f 1226//1082 1168//1024 1169//1025 
f 1227//1083 1169//1025 1170//1026 
f 1228//1084 1170//1026 1171//1027 
f 1229//1085 1171//1027 1172//1028 
f 1230//1086 1172//1028 1173//1029 
f 1231//1087 1173//1029 1174//1030 
f 1232//1088 1174//1030 1175//1031 
f 1233//1089 1175//1031 1176//1032 
f 1234//1090 1176//1032 1177//1033 
f 1235//1091 1177//1033 1178//1034 
f 1236//1092 1178//1034 1179//1035 
f 1237//1093 1179//1035 1180//1036 
f 1238//1094 1180//1036 1181//1037 
f 1239//1095 1181//1037 1182//1038 
f 1240//1096 1182//1038 1183//1039 
f 1241//1097 1183//1039 1184//1040 
f 1242//1098 1184//1040 1185//1041 
f 1243//1099 1185//1041 1186//1042 
f 1244//1100 1186//1042 1187//1043 
f 1245//1101 1187//1043 1188//1044 
f 1246//1102 1188//1044 1189//1045 
f 1247//1103 1189//1045 1190//1046 
f 1248//1104 1190//1046 1191//1047 
f 1249//1105 1191//1047 1192//1048 
f 1250//1106 1192//1048 1193//1049 
f 1251//1107 1193//1049 1194//1050 
f 1252//1108 1194//1050 1195//1051 
f 1253//1109 1195//1051 1196//1052 
f 1254//1110 1196//1052 1197//1053 
f 1255//1111 1197//1053 1198//1054 
f 1256//1112 1198//1054 1199//1055 
f 1257//1113 1199//1055 1200//1056 
f 1258//1114 1200//1056 1201//1057 
f 1259//1115 1201//1057 1202//1058 
f 1260//1116 1202//1058 1203//1059 
f 1261//1117 1203//1059 1204//1060 
f 1262//1118 1204//1060 1205//1061 
f 1263//1119 1205//1061 1206//1062 
f 1264//1120 1206//1062 1207//1063 
f 1265//1121 1207//1063 1208//1064 
f 1266//1122 1208//1064 1209//1065 
f 1267//1123 1209//1065 1210//1066 
f 1268//1124 1210//1066 1211//1067 
f 1269//1125 1211//1067 1212//1068 
f 1270//1126 1212//1068 1213//1069 
f 1271//1127 1213//1069 1214//1070 
f 1272//1128 1214//1070 1215//1071 
f 1273//1129 1215//1071 1216//1072 
f 1274//1130 1216//1072 1217//1073 
f 1275//1131 1217//1073 1218//1074 
f 1276//1132 1218//1074 1161//1017 
f 1277//1133 1219//1075 1220//1076 
f 1278//1134 1220//1076 1221//1077 
f 1279//1135 1221//1077 1222//1078 
f 1280//1136 1222//1078 1223//1079 
f 1281//1137 1223//1079 1224//1080 
f 1282//1138 1224//1080 1225//1081 
f 1283//1139 1225//1081 1226//1082 
f 1284//1140 1226//1082 1227//1083 
f 1285//1141 1227//1083 1228//1084 
f 1286//1142 1228//1084 1229//1085 
f 1287//1143 1229//1085 1230//1086 
f 1288//1144 1230//1086 1231//1087 
f 1289//1145 1231//1087 1232//1088 
f 1290//1146 1232//1088 1233//1089 
f 1291//1147 1233//1089 1234//1090 
f 1292//1148 1234//1090 1235//1091 
f 1293//1149 1235//1091 1236//1092 
f 1294//1150 1236//1092 1237//1093 
f 1295//1151 1237//1093 1238//1094 
f 1296//1152 1238//1094 1239//1095 
f 1297//1153 1239//1095 1240//1096 
f 1298//1154 1240//1096 1241//1097 
f 1299//1155 1241//1097 1242//1098 
f 1300//1156 1242//1098 1243//1099 
f 1301//1157 1243//1099 1244//1100 
f 1302//1158 1244//1100 1245//1101 
f 1303//1159 1245//1101 1246//1102 
f 1304//1160 1246//1102 1247//1103 
f 1305//1161 1247//1103 1248//1104 
f 1306//1162 1248//1104 1249//1105 
f 1307//1163 1249//1105 1250//1106 
f 1308//1164 1250//1106 1251//1107 
f 1309//1165 1251//1107 1252//1108 
f 1310//1166 1252//1108 1253//1109 
f 1311//1167 1253//1109 1254//1110 
f 1312//1168 1254//1110 1255//1111 
f 1313//1169 1255//1111 1256//1112 
f 1314//1170 1256//1112 1257//1113 
f 1315//1171 1257//1113 1258//1114 
f 1316//1172 1258//1114 1259//1115 
f 1317//1173 1259//1115 1260//1116 
f 1318//1174 1260//1116 1261//1117 
f 1319//1175 1261//1117 1262//1118 
f 1320//1176 1262//1118 1263//1119 
f 1321//1177 1263//1119 1264//1120 
f 1322//1178 1264//1120 1265//1121 
f 1323//1179 1265//1121 1266//1122 
f 1324//1180 1266//1122 1267//1123 
f 1325//1181 1267//1123 1268//1124 
f 1326//1182 1268//1124 1269//1125 
f 1327//1183 1269//1125 1270//1126 
f 1328//1184 1270//1126 1271//1127 
f 1329//1185 1271//1127 1272//1128 
f 1330//1186 1272//1128 1273//1129 
f 1331//1187 1273//1129 1274//1130 
f 1332//1188 1274//1130 1275//1131 
f 1333//1189 1275//1131 1276//1132 
f 1334//1190 1276//1132 1219//1075 
f 1335//1191 1277//1133 1278//1134 
f 1336//1192 1278//1134 1279//1135 
f 1337//1193 1279//1135 1280//1136 
f 1338//1194 1280//1136 1281//1137 
f 1339//1195 1281//1137 1282//1138 
f 1340//1196 1282//1138 1283//1139 
f 1341//1197 1283//1139 1284//1140 
f 1342//1198 1284//1140 1285//1141 
f 1343//1199 1285//1141 1286//1142 
f 1344//1200 1286//1142 1287//1143 
f 1345//1201 1287//1143 1288//1144 
f 1346//1202 1288//1144 1289//1145 
f 1347//1203 1289//1145 1290//1146 
f 1348//1204 1290//1146 1291//1147 
f 1349//1205 1291//1147 1292//1148 
f 1350//1206 1292//1148 1293//1149 
f 1351//1207 1293//1149 1294//1150 
f 1352//1208 1294//1150 1295//1151 
f 1353//1209 1295//1151 1296//1152 
f 1354//1210 1296//1152 1297//1153 
f 1355//1211 1297//1153 1298//1154 
f 1356//1212 1298//1154 1299//1155 
f 1357//1213 1299//1155 1300//1156 
f 1358//1214 1300//1156 1301//1157 
f 1359//1215 1301//1157 1302//1158 
f 1360//1216 1302//1158 1303//1159 
f 1361//1217 1303//1159 1304//1160 
f 1362//1218 1304//1160 1305//1161 
f 1363//1219 1305//1161 1306//1162 
f 1364//1220 1306//1162 1307//1163 
f 1365//1221 1307//1163 1308//1164 
f 1366//1222 1308//1164 1309//1165 
f 1367//1223 1309//1165 1310//1166 
f 1368//1224 1310//1166 1311//1167 
f 1369//1225 1311//1167 1312//1168 
f 1370//1226 1312//1168 1313//1169 
f 1371//1227 1313//1169 1314//1170 
f 1372//1228 1314//1170 1315//1171 
f 1373//1229 1315//1171 1316//1172 
f 1374//1230 1316//1172 1317//1173 
f 1375//1231 1317//1173 1318//1174 
f 1376//1232 1318//1174 1319//1175 
f 1377//1233 1319//1175 1320//1176 
f 1378//1234 1320//1176 1321//1177 
f 1379//1235 1321//1177 1322//1178 
f 1380//1236 1322//1178 1323//1179 
f 1381//1237 1323//1179 1324//1180 
f 1382//1238 1324//1180 1325//1181 
f 1383//1239 1325//1181 1326//1182 
f 1384//1240 1326//1182 1327//1183 
f 1385//1241 1327//1183 1328//1184 
f 1386//1242 1328//1184 1329//1185 
f 1387//1243 1329//1185 1330//1186 
f 1388//1244 1330//1186 1331//1187 
f 1389//1245 1331//1187 1332//1188 
f 1390//1246 1332//1188 1333//1189 
f 1391//1247 1333//1189 1334//1190 
f 1392//1248 1334//1190 1277//1133 
f 1393//1249 1335//1191 1336//1192 
f 1394//1250 1336//1192 1337//1193 
f 1395//1251 1337//1193 1338//1194 
f 1396//1252 1338//1194 1339//1195 
f 1397//1253 1339//1195 1340//1196 
f 1398//1254 1340//1196 1341//1197 
f 1399//1255 1341//1197 1342//1198 
f 1400//1256 1342//1198 1343//1199 
f 1401//1257 1343//1199 1344//1200 
f 1402//1258 1344//1200 1345//1201 
f 1403//1259 1345//1201 1346//1202 
f 1404//1260 1346//1202 1347//1203 
f 1405//1261 1347//1203 1348//1204 
f 1406//1262 1348//1204 1349//1205 
f 1407//1263 1349//1205 1350//1206 
f 1408//1264 1350//1206 1351//1207 
f 1409//1265 1351//1207 1352//1208 
f 1410//1266 1352//1208 1353//1209 
f 1411//1267 1353//1209 1354//1210 
f 1412//1268 1354//1210 1355//1211 
f 1413//1269 1355//1211 1356//1212 
f 1414//1270 1356//1212 1357//1213 
f 1415//1271 1357//1213 1358//1214 
f 1416//1272 1358//1214 1359//1215 
f 1417//1273 1359//1215 1360//1216 
f 1418//1274 1360//1216 1361//1217 
f 1419//1275 1361//1217 1362//1218 
f 1420//1276 1362//1218 1363//1219 
f 1421//1277 1363//1219 1364//1220 
f 1422//1278 1364//1220 1365//1221 
f 1423//1279 1365//1221 1366//1222 
f 1424//1280 1366//1222 1367//1223 
f 1425//1281 1367//1223 1368//1224 
f 1426//1282 1368//1224 1369//1225 
f 1427//1283 1369//1225 1370//1226 
f 1428//1284 1370//1226 1371//1227 
f 1429//1285 1371//1227 1372//1228 
f 1430//1286 1372//1228 1373//1229 
f 1431//1287 1373//1229 1374//1230 
f 1432//1288 1374//1230 1375//1231 
f 1433//1289 1375//1231 1376//1232 
f 1434//1290 1376//1232 1377//1233 
f 1435//1291 1377//1233 1378//1234 
f 1436//1292 1378//1234 1379//1235 
f 1437//1293 1379//1235 1380//1236 
f 1438//1294 1380//1236 1381//1237 
f 1439//1295 1381//1237 1382//1238 
f 1440//1296 1382//1238 1383//1239 
f 1441//1297 1383//1239 1384//1240 
f 1442//1298 1384//1240 1385//1241 
f 1443//1299 1385//1241 1386//1242 
f 1444//1300 1386//1242 1387//1243 
f 1445//1301 1387//1243 1388//1244 
f 1446//1302 1388//1244 1389//1245 
f 1447//1303 1389//1245 1390//1246 
f 1448//1304 1390//1246 1391//1247 
f 1449//1305 1391//1247 1392//1248 
f 1450//1306 1392//1248 1335//1191 
f 1451//1307 1393//1249 1394//1250 
f 1452//1308 1394//1250 1395//1251 
f 1453//1309 1395//1251 1396//1252 
f 1454//1310 1396//1252 1397//1253 
f 1455//1311 1397//1253 1398//1254 
f 1456//1312 1398//1254 1399//1255 
f 1457//1313 1399//1255 1400//1256 
f 1458//1314 1400//1256 1401//1257 
f 1459//1315 1401//1257 1402//1258 
f 1460//1316 1402//1258 1403//1259 
f 1461//1317 1403//1259 1404//1260 
f 1462//1318 1404//1260 1405//1261 
f 1463//1319 1405//1261 1406//1262 
f 1464//1320 1406//1262 1407//1263 
f 1465//1321 1407//1263 1408//1264 
f 1466//1322 1408//1264 1409//1265 
f 1467//1323 1409//1265 1410//1266 
f 1468//1324 1410//1266 1411//1267 
f 1469//1325 1411//1267 1412//1268 
f 1470//1326 1412//1268 1413//1269 
f 1471//1327 1413//1269 1414//1270 
f 1472//1328 1414//1270 1415//1271 
f 1473//1329 1415//1271 1416//1272 
f 1474//1330 1416//1272 1417//1273 
f 1475//1331 1417//1273 1418//1274 
f 1476//1332 1418//1274 1419//1275 
f 1477//1333 1419//1275 1420//1276 
f 1478//1334 1420//1276 1421//1277 
f 1479//1335 1421//1277 1422//1278 
f 1480//1336 1422//1278 1423//1279 
f 1481//1337 1423//1279 1424//1280 
f 1482//1338 1424//1280 1425//1281 
f 1483//1339 1425//1281 1426//1282 
f 1484//1340 1426//1282 1427//1283 
f 1485//1341 1427//1283 1428//1284 
f 1486//1342 1428//1284 1429//1285 
f 1487//1343 1429//1285 1430//1286 
f 1488//1344 1430//1286 1431//1287 
f 1489//1345 1431//1287 1432//1288 
f 1490//1346 1432//1288 1433//1289 
f 1491//1347 1433//1289 1434//1290 
f 1492//1348 1434//1290 1435//1291 
f 1493//1349 1435//1291 1436//1292 
f 1494//1350 1436//1292 1437//1293 
f 1495//1351 1437//1293 1438//1294 
f 1496//1352 1438//1294 1439//1295 
f 1497//1353 1439//1295 1440//1296 
f 1498//1354 1440//1296 1441//1297 
f 1499//1355 1441//1297 1442//1298 
f 1500//1356 1442//1298 1443//1299 
f 1501//1357 1443//1299 1444//1300 
f 1502//1358 1444//1300 1445//1301 
f 1503//1359 1445//1301 1446//1302 
f 1504//1360 1446//1302 1447//1303 
f 1505//1361 1447//1303 1448//1304 
f 1506//1362 1448//1304 1449//1305 
f 1507//1363 1449//1305 1450//1306 
f 1508//1364 1450//1306 1393//1249 
f 1509//1365 1451//1307 1452//1308 
f 1510//1366 1452//1308 1453//1309 
f 1511//1367 1453//1309 1454//1310 
f 1512//1368 1454//1310 1455//1311 
f 1513//1369 1455//1311 1456//1312 
f 1514//1370 1456//1312 1457//1313 
f 1515//1371 1457//1313 1458//1314 
f 1516//1372 1458//1314 1459//1315 
f 1517//1373 1459//1315 1460//1316 
f 1518//1374 1460//1316 1461//1317 
f 1519//1375 1461//1317 1462//1318 
f 1520//1376 1462//1318 1463//1319 
f 1521//1377 1463//1319 1464//1320 
f 1522//1378 1464//1320 1465//1321 
f 1523//1379 1465//1321 1466//1322 
f 1524//1380 1466//1322 1467//1323 
f 1525//1381 1467//1323 1468//1324 
f 1526//1382 1468//1324 1469//1325 
f 1527//1383 1469//1325 1470//1326 
f 1528//1384 1470//1326 1471//1327 
f 1529//1385 1471//1327 1472//1328 
f 1530//1386 1472//1328 1473//1329 
f 1531//1387 1473//1329 1474//1330 
f 1532//1388 1474//1330 1475//1331 
f 1533//1389 1475//1331 1476//1332 
f 1534//1390 1476//1332 1477//1333 
f 1535//1391 1477//1333 1478//1334 
f 1536//1392 1478//1334 1479//1335 
f 1537//1393 1479//1335 1480//1336 
f 1538//1394 1480//1336 1481//1337 
f 1539//1395 1481//1337 1482//1338 
f 1540//1396 1482//1338 1483//1339 
f 1541//1397 1483//1339 1484//1340 
f 1542//1398 1484//1340 1485//1341 
f 1543//1399 1485//1341 1486//1342 
f 1544//1400 1486//1342 1487//1343 
f 1545//1401 1487//1343 1488//1344 
f 1546//1402 1488//1344 1489//1345 
f 1547//1403 1489//1345 1490//1346 
f 1548//1404 1490//1346 1491//1347 
f 1549//1405 1491//1347 1492//1348 
f 1550//1406 1492//1348 1493//1349 
f 1551//1407 1493//1349 1494//1350 
f 1552//1408 1494//1350 1495//1351 
f 1553//1409 1495//1351 1496//1352 
f 1554//1410 1496//1352 1497//1353 
f 1555//1411 1497//1353 1498//1354 
f 1556//1412 1498//1354 1499//1355 
f 1557//1413 1499//1355 1500//1356 
f 1558//1414 1500//1356 1501//1357 
f 1559//1415 1501//1357 1502//1358 
f 1560//1416 1502//1358 1503//1359 
f 1561//1417 1503//1359 1504//1360 
f 1562//1418 1504//1360 1505//1361 
f 1563//1419 1505//1361 1506//1362 
f 1564//1420 1506//1362 1507//1363 
f 1565//1421 1507//1363 1508//1364 
f 1566//1422 1508//1364 1451//1307 
f 1567//1423 1509//1365 1510//1366 
f 1568//1424 1510//1366 1511//1367 
f 1569//1425 1511//1367 1512//1368 
f 1570//1426 1512//1368 1513//1369 
f 1571//1427 1513//1369 1514//1370 
f 1572//1428 1514//1370 1515//1371 
f 1573//1429 1515//1371 1516//1372 
f 1574//1430 1516//1372 1517//1373 
f 1575//1431 1517//1373 1518//1374 
f 1576//1432 1518//1374 1519//1375 
f 1577//1433 1519//1375 1520//1376 
f 1578//1434 1520//1376 1521//1377 
f 1579//1435 1521//1377 1522//1378 
f 1580//1436 1522//1378 1523//1379 
f 1581//1437 1523//1379 1524//1380 
f 1582//1438 1524//1380 1525//1381 
f 1583//1439 1525//1381 1526//1382 
f 1584//1440 1526//1382 1527//1383 
f 1585//1441 1527//1383 1528//1384 
f 1586//1442 1528//1384 1529//1385 
f 1587//1443 1529//1385 1530//1386 
f 1588//1444 1530//1386 1531//1387 
f 1589//1445 1531//1387 1532//1388 
f 1590//1446 1532//1388 1533//1389 
f 1591//1447 1533//1389 1534//1390 
f 1592//1448 1534//1390 1535//1391 
f 1593//1449 1535//1391 1536//1392 
f 1594//1450 1536//1392 1537//1393 
f 1595//1451 1537//1393 1538//1394 
f 1596//1452 1538//1394 1539//1395 
f 1597//1453 1539//1395 1540//1396 
f 1598//1454 1540//1396 1541//1397 
f 1599//1455 1541//1397 1542//1398 
f 1600//1456 1542//1398 1543//1399 
f 1601//1457 1543//1399 1544//1400 
f 1602//1458 1544//1400 1545//1401 
f 1603//1459 1545//1401 1546//1402 
f 1604//1460 1546//1402 1547//1403 
f 1605//1461 1547//1403 1548//1404 
f 1606//1462 1548//1404 1549//1405 
f 1607//1463 1549//1405 1550//1406 
f 1608//1464 1550//1406 1551//1407 
f 1609//1465 1551//1407 1552//1408 
f 1610//1466 1552//1408 1553//1409 
f 1611//1467 1553//1409 1554//1410 
f 1612//1468 1554//1410 1555//1411 
f 1613//1469 1555//1411 1556//1412 
f 1614//1470 1556//1412 1557//1413 
f 1615//1471 1557//1413 1558//1414 
f 1616//1472 1558//1414 1559//1415 
f 1617//1473 1559//1415 1560//1416 
f 1618//1474 1560//1416 1561//1417 
f 1619//1475 1561//1417 1562//1418 
f 1620//1476 1562//1418 1563//1419 
f 1621//1477 1563//1419 1564//1420 
f 1622//1478 1564//1420 1565//1421 
f 1623//1479 1565//1421 1566//1422 
f 1624//1480 1566//1422 1509//1365 
f 1625//1481 1567//1423 1568//1424 
f 1626//1482 1568//1424 1569//1425 
f 1627//1483 1569//1425 1570//1426 
f 1628//1484 1570//1426 1571//1427 
f 1629//1485 1571//1427 1572//1428 
f 1630//1486 1572//1428 1573//1429 
f 1631//1487 1573//1429 1574//1430 
f 1632//1488 1574//1430 1575//1431 
f 1633//1489 1575//1431 1576//1432 
f 1634//1490 1576//1432 1577//1433 
f 1635//1491 1577//1433 1578//1434 
f 1636//1492 1578//1434 1579//1435 
f 1637//1493 1579//1435 1580//1436 
f 1638//1494 1580//1436 1581//1437 
f 1639//1495 1581//1437 1582//1438 
f 1640//1496 1582//1438 1583//1439 
f 1641//1497 1583//1439 1584//1440 
f 1642//1498 1584//1440 1585//1441 
f 1643//1499 1585//1441 1586//1442 
f 1644//1500 1586//1442 1587//1443 
f 1645//1501 1587//1443 1588//1444 
f 1646//1502 1588//1444 1589//1445 
f 1647//1503 1589//1445 1590//1446 
f 1648//1504 1590//1446 1591//1447 
f 1649//1505 1591//1447 1592//1448 
f 1650//1506 1592//1448 1593//1449 
f 1651//1507 1593//1449 1594//1450 
f 1652//1508 1594//1450 1595//1451 
f 1653//1509 1595//1451 1596//1452 
f 1654//1510 1596//1452 1597//1453 
f 1655//1511 1597//1453 1598//1454 
f 1656//1512 1598//1454 1599//1455 
f 1657//1513 1599//1455 1600//1456 
f 1658//1514 1600//1456 1601//1457 
f 1659//1515 1601//1457 1602//1458 
f 1660//1516 1602//1458 1603//1459 
f 1661//1517 1603//1459 1604//1460 
f 1662//1518 1604//1460 1605//1461 
f 1663//1519 1605//1461 1606//1462 
f 1664//1520 1606//1462 1607//1463 
f 1665//1521 1607//1463 1608//1464 
f 1666//1522 1608//1464 1609//1465 
f 1667//1523 1609//1465 1610//1466 
f 1668//1524 1610//1466 1611//1467 
f 1669//1525 1611//1467 1612//1468 
f 1670//1526 1612//1468 1613//1469 
f 1671//1527 1613//1469 1614//1470 
f 1672//1528 1614//1470 1615//1471 
f 1673//1529 1615//1471 1616//1472 
f 1674//1530 1616//1472 1617//1473 
f 1675//1531 1617//1473 1618//1474 
f 1676//1532 1618//1474 1619//1475 
f 1677//1533 1619//1475 1620//1476 
f 1678//1534 1620//1476 1621//1477 
f 1679//1535 1621//1477 1622//1478 
f 1680//1536 1622//1478 1623//1479 
f 1681//1537 1623//1479 1624//1480 
f 1682//1538 1624//1480 1567//1423 
f 1683//1539 1625//1481 1626//1482 
f 1684//1540 1626//1482 1627//1483 
f 1685//1541 1627//1483 1628//1484 
f 1686//1542 1628//1484 1629//1485 
f 1687//1543 1629//1485 1630//1486 
f 1688//1544 1630//1486 1631//1487 
f 1689//1545 1631//1487 1632//1488 
f 1690//1546 1632//1488 1633//1489 
f 1691//1547 1633//1489 1634//1490 
f 1692//1548 1634//1490 1635//1491 
f 1693//1549 1635//1491 1636//1492 
f 1694//1550 1636//1492 1637//1493 
f 1695//1551 1637//1493 1638//1494 
f 1696//1552 1638//1494 1639//1495 
f 1697//1553 1639//1495 1640//1496 
f 1698//1554 1640//1496 1641//1497 
f 1699//1555 1641//1497 1642//1498 
f 1700//1556 1642//1498 1643//1499 
f 1701//1557 1643//1499 1644//1500 
f 1702//1558 1644//1500 1645//1501 
f 1703//1559 1645//1501 1646//1502 
f 1704//1560 1646//1502 1647//1503 
f 1705//1561 1647//1503 1648//1504 
f 1706//1562 1648//1504 1649//1505 
f 1707//1563 1649//1505 1650//1506 
f 1708//1564 1650//1506 1651//1507 
f 1709//1565 1651//1507 1652//1508 
f 1710//1566 1652//1508 1653//1509 
f 1711//1567 1653//1509 1654//1510 
f 1712//1568 1654//1510 1655//1511 
f 1713//1569 1655//1511 1656//1512 
f 1714//1570 1656//1512 1657//1513 
f 1715//1571 1657//1513 1658//1514 
f 1716//1572 1658//1514 1659//1515 
f 1717//1573 1659//1515 1660//1516 
f 1718//1574 1660//1516 1661//1517 
f 1719//1575 1661//1517 1662//1518 
f 1720//1576 1662//1518 1663//1519 
f 1721//1577 1663//1519 1664//1520 
f 1722//1578 1664//1520 1665//1521 
f 1723//1579 1665//1521 1666//1522 
f 1724//1580 1666//1522 1667//1523 
f 1725//1581 1667//1523 1668//1524 
f 1726//1582 1668//1524 1669//1525 
f 1727//1583 1669//1525 1670//1526 
f 1728//1584 1670//1526 1671//1527 
f 1729//1585 1671//1527 1672//1528 
f 1730//1586 1672//1528 1673//1529 
f 1731//1587 1673//1529 1674//1530 
f 1732//1588 1674//1530 1675//1531 
f 1733//1589 1675//1531 1676//1532 
f 1734//1590 1676//1532 1677//1533 
f 1735//1591 1677//1533 1678//1534 
f 1736//1592 1678//1534 1679//1535 
f 1737//1593 1679//1535 1680//1536 
f 1738//1594 1680//1536 1681//1537 
f 1739//1595 1681//1537 1682//1538 
f 1740//1596 1682//1538 1625//1481 
f 1741//1597 1683//1539 1684//1540 
f 1742//1598 1684//1540 1685//1541 
f 1743//1599 1685//1541 1686//1542 
f 1744//1600 1686//1542 1687//1543 
f 1745//1601 1687//1543 1688//1544 
f 1746//1602 1688//1544 1689//1545 
f 1747//1603 1689//1545 1690//1546 
f 1748//1604 1690//1546 1691//1547 
f 1749//1605 1691//1547 1692//1548 
f 1750//1606 1692//1548 1693//1549 
f 1751//1607 1693//1549 1694//1550 
f 1752//1608 1694//1550 1695//1551 
f 1753//1609 1695//1551 1696//1552 
f 1754//1610 1696//1552 1697//1553 
f 1755//1611 1697//1553 1698//1554 
f 1756//1612 1698//1554 1699//1555 
f 1757//1613 1699//1555 1700//1556 
f 1758//1614 1700//1556 1701//1557 
f 1759//1615 1701//1557 1702//1558 
f 1760//1616 1702//1558 1703//1559 
f 1761//1617 1703//1559 1704//1560 
f 1762//1618 1704//1560 1705//1561 
f 1763//1619 1705//1561 1706//1562 
f 1764//1620 1706//1562 1707//1563 
f 1765//1621 1707//1563 1708//1564 
f 1766//1622 1708//1564 1709//1565 
f 1767//1623 1709//1565 1710//1566 
f 1768//1624 1710//1566 1711//1567 
f 1769//1625 1711//1567 1712//1568 
f 1770//1626 1712//1568 1713//1569 
f 1771//1627 1713//1569 1714//1570 
f 1772//1628 1714//1570 1715//1571 
f 1773//1629 1715//1571 1716//1572 
f 1774//1630 1716//1572 1717//1573 
f 1775//1631 1717//1573 1718//1574 
f 1776//1632 1718//1574 1719//1575 
f 1777//1633 1719//1575 1720//1576 
f 1778//1634 1720//1576 1721//1577 
f 1779//1635 1721//1577 1722//1578 
f 1780//1636 1722//1578 1723//1579 
f 1781//1637 1723//1579 1724//1580 
f 1782//1638 1724//1580 1725//1581 
f 1783//1639 1725//1581 1726//1582 
f 1784//1640 1726//1582 1727//1583 
f 1785//1641 1727//1583 1728//1584 
f 1786//1642 1728//1584 1729//1585 
f 1787//1643 1729//1585 1730//1586 
f 1788//1644 1730//1586 1731//1587 
f 1789//1645 1731//1587 1732//1588 
f 1790//1646 1732//1588 1733//1589 
f 1791//1647 1733//1589 1734//1590 
f 1792//1648 1734//1590 1735//1591 
f 1793//1649 1735//1591 1736//1592 
f 1794//1650 1736//1592 1737//1593 
f 1795//1651 1737//1593 1738//1594 
f 1796//1652 1738//1594 1739//1595 
f 1797//1653 1739//1595 1740//1596 
f 1798//1654 1740//1596 1683//1539 
f 1799//1655 1741//1597 1742//1598 
f 1800//1656 1742//1598 1743//1599 
f 1801//1657 1743//1599 1744//1600 
f 1802//1658 1744//1600 1745//1601 
f 1803//1659 1745//1601 1746//1602 
f 1804//1660 1746//1602 1747//1603 
f 1805//1661 1747//1603 1748//1604 
f 1806//1662 1748//1604 1749//1605 
f 1807//1663 1749//1605 1750//1606 
f 1808//1664 1750//1606 1751//1607 
f 1809//1665 1751//1607 1752//1608 
f 1810//1666 1752//1608 1753//1609 
f 1811//1667 1753//1609 1754//1610 
f 1812//1668 1754//1610 1755//1611 
f 1813//1669 1755//1611 1756//1612 
f 1814//1670 1756//1612 1757//1613 
f 1815//1671 1757//1613 1758//1614 
f 1816//1672 1758//1614 1759//1615 
f 1817//1673 1759//1615 1760//1616 
f 1818//1674 1760//1616 1761//1617 
f 1819//1675 1761//1617 1762//1618 
f 1820//1676 1762//1618 1763//1619 
f 1821//1677 1763//1619 1764//1620 
f 1822//1678 1764//1620 1765//1621 
f 1823//1679 1765//1621 1766//1622 
f 1824//1680 1766//1622 1767//1623 
f 1825//1681 1767//1623 1768//1624 
f 1826//1682 1768//1624 1769//1625 
f 1827//1683 1769//1625 1770//1626 
f 1828//1684 1770//1626 1771//1627 
f 1829//1685 1771//1627 1772//1628 
f 1830//1686 1772//1628 1773//1629 
f 1831//1687 1773//1629 1774//1630 
f 1832//1688 1774//1630 1775//1631 
f 1833//1689 1775//1631 1776//1632 
f 1834//1690 1776//1632 1777//1633 
f 1835//1691 1777//1633 1778//1634 
f 1836//1692 1778//1634 1779//1635 
f 1837//1693 1779//1635 1780//1636 
f 1838//1694 1780//1636 1781//1637 
f 1839//1695 1781//1637 1782//1638 
f 1840//1696 1782//1638 1783//1639 
f 1841//1697 1783//1639 1784//1640 
f 1842//1698 1784//1640 1785//1641 
f 1843//1699 1785//1641 1786//1642 
f 1844//1700 1786//1642 1787//1643 
f 1845//1701 1787//1643 1788//1644 
f 1846//1702 1788//1644 1789//1645 
f 1847//1703 1789//1645 1790//1646 
f 1848//1704 1790//1646 1791//1647 
f 1849//1705 1791//1647 1792//1648 
f 1850//1706 1792//1648 1793//1649 
f 1851//1707 1793//1649 1794//1650 
f 1852//1708 1794//1650 1795//1651 
f 1853//1709 1795//1651 1796//1652 
f 1854//1710 1796//1652 1797//1653 
f 1855//1711 1797//1653 1798//1654 
f 1856//1712 1798//1654 1741//1597 
f 1857//1713 1799//1655 1800//1656 
f 1858//1714 1800//1656 1801//1657 
f 1859//1715 1801//1657 1802//1658 
f 1860//1716 1802//1658 1803//1659 
f 1861//1717 1803//1659 1804//1660 
f 1862//1718 1804//1660 1805//1661 
f 1863//1719 1805//1661 1806//1662 
f 1864//1720 1806//1662 1807//1663 
f 1865//1721 1807//1663 1808//1664 
f 1866//1722 1808//1664 1809//1665 
f 1867//1723 1809//1665 1810//1666 
f 1868//1724 1810//1666 1811//1667 
f 1869//1725 1811//1667 1812//1668 
f 1870//1726 1812//1668 1813//1669 
f 1871//1727 1813//1669 1814//1670 
f 1872//1728 1814//1670 1815//1671 
f 1873//1729 1815//1671 1816//1672 
f 1874//1730 1816//1672 1817//1673 
f 1875//1731 1817//1673 1818//1674 
f 1876//1732 1818//1674 1819//1675 
f 1877//1733 1819//1675 1820//1676 
f 1878//1734 1820//1676 1821//1677 
f 1879//1735 1821//1677 1822//1678 
f 1880//1736 1822//1678 1823//1679 
f 1881//1737 1823//1679 1824//1680 
f 1882//1738 1824//1680 1825//1681 
f 1883//1739 1825//1681 1826//1682 
f 1884//1740 1826//1682 1827//1683 
f 1885//1741 1827//1683 1828//1684 
f 1886//1742 1828//1684 1829//1685 
f 1887//1743 1829//1685 1830//1686 
f 1888//1744 1830//1686 1831//1687 
f 1889//1745 1831//1687 1832//1688 
f 1890//1746 1832//1688 1833//1689 
f 1891//1747 1833//1689 1834//1690 
f 1892//1748 1834//1690 1835//1691 
f 1893//1749 1835//1691 1836//1692 
f 1894//1750 1836//1692 1837//1693 
f 1895//1751 1837//1693 1838//1694 
f 1896//1752 1838//1694 1839//1695 
f 1897//1753 1839//1695 1840//1696 
f 1898//1754 1840//1696 1841//1697 
f 1899//1755 1841//1697 1842//1698 
f 1900//1756 1842//1698 1843//1699 
f 1901//1757 1843//1699 1844//1700 
f 1902//1758 1844//1700 1845//1701 
f 1903//1759 1845//1701 1846//1702 
f 1904//1760 1846//1702 1847//1703 
f 1905//1761 1847//1703 1848//1704 
f 1906//1762 1848//1704 1849//1705 
f 1907//1763 1849//1705 1850//1706 
f 1908//1764 1850//1706 1851//1707 
f 1909//1765 1851//1707 1852//1708 
f 1910//1766 1852//1708 1853//1709 
f 1911//1767 1853//1709 1854//1710 
f 1912//1768 1854//1710 1855//1711 
f 1913//1769 1855//1711 1856//1712 
f 1914//1770 1856//1712 1799//1655 
f 60//1771 1857//1713 1858//1714 
f 58//1772 1858//1714 1859//1715 
f 56//1773 1859//1715 1860//1716 
f 54//1774 1860//1716 1861//1717 
f 52//1775 1861//1717 1862//1718 
f 50//1776 1862//1718 1863//1719 
f 48//1777 1863//1719 1864//1720 
f 46//1778 1864//1720 1865//1721 
f 44//1779 1865//1721 1866//1722 
f 42//1780 1866//1722 1867//1723 
f 40//1781 1867//1723 1868//1724 
f 38//1782 1868//1724 1869//1725 
f 36//1783 1869//1725 1870//1726 
f 34//1784 1870//1726 1871//1727 
f 32//1785 1871//1727 1872//1728 
f 30//1786 1872//1728 1873//1729 
f 28//1787 1873//1729 1874//1730 
f 26//1788 1874//1730 1875//1731 
f 24//1789 1875//1731 1876//1732 
f 22//1790 1876//1732 1877//1733 
f 20//1791 1877//1733 1878//1734 
f 18//1792 1878//1734 1879//1735 
f 16//1793 1879//1735 1880//1736 
f 14//1794 1880//1736 1881//1737 
f 12//1795 1881//1737 1882//1738 
f 10//1796 1882//1738 1883//1739 
f 8//1797 1883//1739 1884//1740 
f 6//1798 1884//1740 1885//1741 
f 4//1799 1885//1741 1886//1742 
f 1//1800 1886//1742 1887//1743 
f 116//1801 1887//1743 1888//1744 
f 114//1802 1888//1744 1889//1745 
f 112//1803 1889//1745 1890//1746 
f 110//1804 1890//1746 1891//1747 
f 108//1805 1891//1747 1892//1748 
f 106//1806 1892//1748 1893//1749 
f 104//1807 1893//1749 1894//1750 
f 102//1808 1894//1750 1895//1751 
f 100//1809 1895//1751 1896//1752 
f 98//1810 1896//1752 1897//1753 
f 96//1811 1897//1753 1898//1754 
f 94//1812 1898//1754 1899//1755 
f 92//1813 1899//1755 1900//1756 
f 90//1814 1900//1756 1901//1757 
f 88//1815 1901//1757 1902//1758 
f 86//1816 1902//1758 1903//1759 
f 84//1817 1903//1759 1904//1760 
f 82//1818 1904//1760 1905//1761 
f 80//1819 1905//1761 1906//1762 
f 78//1820 1906//1762 1907//1763 
f 76//1821 1907//1763 1908//1764 
f 74//1822 1908//1764 1909//1765 
f 72//1823 1909//1765 1910//1766 
f 70//1824 1910//1766 1911//1767 
f 68//1825 1911//1767 1912//1768 
f 66//1826 1912//1768 1913//1769 
f 64//1827 1913//1769 1914//1770 
f 62//1828 1914//1770 1857//1713 
f 1857//1713 60//1771 62//1828 
f 1914//1770 62//1828 64//1827 
f 1913//1769 64//1827 66//1826 
f 1912//1768 66//1826 68//1825 
f 1911//1767 68//1825 70//1824 
f 1910//1766 70//1824 72//1823 
f 1909//1765 72//1823 74//1822 
f 1908//1764 74//1822 76//1821 
f 1907//1763 76//1821 78//1820 
f 1906//1762 78//1820 80//1819 
f 1905//1761 80//1819 82//1818 
f 1904//1760 82//1818 84//1817 
f 1903//1759 84//1817 86//1816 
f 1902//1758 86//1816 88//1815 
f 1901//1757 88//1815 90//1814 
f 1900//1756 90//1814 92//1813 
f 1899//1755 92//1813 94//1812 
f 1898//1754 94//1812 96//1811 
f 1897//1753 96//1811 98//1810 
f 1896//1752 98//1810 100//1809 
f 1895//1751 100//1809 102//1808 
f 1894//1750 102//1808 104//1807 
f 1893//1749 104//1807 106//1806 
f 1892//1748 106//1806 108//1805 
f 1891//1747 108//1805 110//1804 
f 1890//1746 110//1804 112//1803 
f 1889//1745 112//1803 114//1802 
f 1888//1744 114//1802 116//1801 
f 1887//1743 116//1801 1//1800 
f 1886//1742 1//1800 4//1799 
f 1885//1741 4//1799 6//1798 
f 1884//1740 6//1798 8//1797 
f 1883//1739 8//1797 10//1796 
f 1882//1738 10//1796 12//1795 
f 1881//1737 12//1795 14//1794 
f 1880//1736 14//1794 16//1793 
f 1879//1735 16//1793 18//1792 
f 1878//1734 18//1792 20//1791 
f 1877//1733 20//1791 22//1790 
f 1876//1732 22//1790 24//1789 
f 1875//1731 24//1789 26//1788 
f 1874//1730 26//1788 28//1787 
f 1873//1729 28//1787 30//1786 
f 1872//1728 30//1786 32//1785 
f 1871//1727 32//1785 34//1784 
f 1870//1726 34//1784 36//1783 
f 1869//1725 36//1783 38//1782 
f 1868//1724 38//1782 40//1781 
f 1867//1723 40//1781 42//1780 
f 1866//1722 42//1780 44//1779 
f 1865//1721 44//1779 46//1778 
f 1864//1720 46//1778 48//1777 
f 1863//1719 48//1777 50//1776 
f 1862//1718 50//1776 52//1775 
f 1861//1717 52//1775 54//1774 
f 1860//1716 54//1774 56//1773 
f 1859//1715 56//1773 58//1772 
f 1858//1714 58//1772 60//1771 
f 1799//1655 1857//1713 1914//1770 
f 1856//1712 1914//1770 1913//1769 
f 1855//1711 1913//1769 1912//1768 
f 1854//1710 1912//1768 1911//1767 
f 1853//1709 1911//1767 1910//1766 
f 1852//1708 1910//1766 1909//1765 
f 1851//1707 1909//1765 1908//1764 
f 1850//1706 1908//1764 1907//1763 
f 1849//1705 1907//1763 1906//1762 
f 1848//1704 1906//1762 1905//1761 
f 1847//1703 1905//1761 1904//1760 
f 1846//1702 1904//1760 1903//1759 
f 1845//1701 1903//1759 1902//1758 
f 1844//1700 1902//1758 1901//1757 
f 1843//1699 1901//1757 1900//1756 
f 1842//1698 1900//1756 1899//1755 
f 1841//1697 1899//1755 1898//1754 
f 1840//1696 1898//1754 1897//1753 
f 1839//1695 1897//1753 1896//1752 
f 1838//1694 1896//1752 1895//1751 
f 1837//1693 1895//1751 1894//1750 
f 1836//1692 1894//1750 1893//1749 
f 1835//1691 1893//1749 1892//1748 
f 1834//1690 1892//1748 1891//1747 
f 1833//1689 1891//1747 1890//1746 
f 1832//1688 1890//1746 1889//1745 
f 1831//1687 1889//1745 1888//1744 
f 1830//1686 1888//1744 1887//1743 
f 1829//1685 1887//1743 1886//1742 
f 1828//1684 1886//1742 1885//1741 
f 1827//1683 1885//1741 1884//1740 
f 1826//1682 1884//1740 1883//1739 
f 1825//1681 1883//1739 1882//1738 
f 1824//1680 1882//1738 1881//1737 
f 1823//1679 1881//1737 1880//1736 
f 1822//1678 1880//1736 1879//1735 
f 1821//1677 1879//1735 1878//1734 
f 1820//1676 1878//1734 1877//1733 
f 1819//1675 1877//1733 1876//1732 
f 1818//1674 1876//1732 1875//1731 
f 1817//1673 1875//1731 1874//1730 
f 1816//1672 1874//1730 1873//1729 
f 1815//1671 1873//1729 1872//1728 
f 1814//1670 1872//1728 1871//1727 
f 1813//1669 1871//1727 1870//1726 
f 1812//1668 1870//1726 1869//1725 
f 1811//1667 1869//1725 1868//1724 
f 1810//1666 1868//1724 1867//1723 
f 1809//1665 1867//1723 1866//1722 
f 1808//1664 1866//1722 1865//1721 
f 1807//1663 1865//1721 1864//1720 
f 1806//1662 1864//1720 1863//1719 
f 1805//1661 1863//1719 1862//1718 
f 1804//1660 1862//1718 1861//1717 
f 1803//1659 1861//1717 1860//1716 
f 1802//1658 1860//1716 1859//1715 
f 1801//1657 1859//1715 1858//1714 
f 1800//1656 1858//1714 1857//1713 
f 1741//1597 1799//1655 1856//1712 
f 1798//1654 1856//1712 1855//1711 
f 1797//1653 1855//1711 1854//1710 
f 1796//1652 1854//1710 1853//1709 
f 1795//1651 1853//1709 1852//1708 
f 1794//1650 1852//1708 1851//1707 
f 1793//1649 1851//1707 1850//1706 
f 1792//1648 1850//1706 1849//1705 
f 1791//1647 1849//1705 1848//1704 
f 1790//1646 1848//1704 1847//1703 
f 1789//1645 1847//1703 1846//1702 
f 1788//1644 1846//1702 1845//1701 
f 1787//1643 1845//1701 1844//1700 
f 1786//1642 1844//1700 1843//1699 
f 1785//1641 1843//1699 1842//1698 
f 1784//1640 1842//1698 1841//1697 
f 1783//1639 1841//1697 1840//1696 
f 1782//1638 1840//1696 1839//1695 
f 1781//1637 1839//1695 1838//1694 
f 1780//1636 1838//1694 1837//1693 
f 1779//1635 1837//1693 1836//1692 
f 1778//1634 1836//1692 1835//1691 
f 1777//1633 1835//1691 1834//1690 
f 1776//1632 1834//1690 1833//1689 
f 1775//1631 1833//1689 1832//1688 
f 1774//1630 1832//1688 1831//1687 
f 1773//1629 1831//1687 1830//1686 
f 1772//1628 1830//1686 1829//1685 
f 1771//1627 1829//1685 1828//1684 
f 1770//1626 1828//1684 1827//1683 
f 1769//1625 1827//1683 1826//1682 
f 1768//1624 1826//1682 1825//1681 
f 1767//1623 1825//1681 1824//1680 
f 1766//1622 1824//1680 1823//1679 
f 1765//1621 1823//1679 1822//1678 
f 1764//1620 1822//1678 1821//1677 
f 1763//1619 1821//1677 1820//1676 
f 1762//1618 1820//1676 1819//1675 
f 1761//1617 1819//1675 1818//1674 
f 1760//1616 1818//1674 1817//1673 
f 1759//1615 1817//1673 1816//1672 
f 1758//1614 1816//1672 1815//1671 
f 1757//1613 1815//1671 1814//1670 
f 1756//1612 1814//1670 1813//1669 
f 1755//1611 1813//1669 1812//1668 
f 1754//1610 1812//1668 1811//1667 
f 1753//1609 1811//1667 1810//1666 
f 1752//1608 1810//1666 1809//1665 
f 1751//1607 1809//1665 1808//1664 
f 1750//1606 1808//1664 1807//1663 
f 1749//1605 1807//1663 1806//1662 
f 1748//1604 1806//1662 1805//1661 
f 1747//1603 1805//1661 1804//1660 
f 1746//1602 1804//1660 1803//1659 
f 1745//1601 1803//1659 1802//1658 
f 1744//1600 1802//1658 1801//1657 
f 1743//1599 1801//1657 1800//1656 
f 1742//1598 1800//1656 1799//1655 
f 1683//1539 1741//1597 1798//1654 
f 1740//1596 1798//1654 1797//1653 
f 1739//1595 1797//1653 1796//1652 
f 1738//1594 1796//1652 1795//1651 
f 1737//1593 1795//1651 1794//1650 
f 1736//1592 1794//1650 1793//1649 
f 1735//1591 1793//1649 1792//1648 
f 1734//1590 1792//1648 1791//1647 
f 1733//1589 1791//1647 1790//1646 
f 1732//1588 1790//1646 1789//1645 
f 1731//1587 1789//1645 1788//1644 
f 1730//1586 1788//1644 1787//1643 
f 1729//1585 1787//1643 1786//1642 
f 1728//1584 1786//1642 1785//1641 
f 1727//1583 1785//1641 1784//1640 
f 1726//1582 1784//1640 1783//1639 
f 1725//1581 1783//1639 1782//1638 
f 1724//1580 1782//1638 1781//1637 
f 1723//1579 1781//1637 1780//1636 
f 1722//1578 1780//1636 1779//1635 
f 1721//1577 1779//1635 1778//1634 
f 1720//1576 1778//1634 1777//1633 
f 1719//1575 1777//1633 1776//1632 
f 1718//1574 1776//1632 1775//1631 
f 1717//1573 1775//1631 1774//1630 
f 1716//1572 1774//1630 1773//1629 
f 1715//1571 1773//1629 1772//1628 
f 1714//1570 1772//1628 1771//1627 
f 1713//1569 1771//1627 1770//1626 
f 1712//1568 1770//1626 1769//1625 
f 1711//1567 1769//1625 1768//1624 
f 1710//1566 1768//1624 1767//1623 
f 1709//1565 1767//1623 1766//1622 
f 1708//1564 1766//1622 1765//1621 
f 1707//1563 1765//1621 1764//1620 
f 1706//1562 1764//1620 1763//1619 
f 1705//1561 1763//1619 1762//1618 
f 1704//1560 1762//1618 1761//1617 
f 1703//1559 1761//1617 1760//1616 
f 1702//1558 1760//1616 1759//1615 
f 1701//1557 1759//1615 1758//1614 
f 1700//1556 1758//1614 1757//1613 
f 1699//1555 1757//1613 1756//1612 
f 1698//1554 1756//1612 1755//1611 
f 1697//1553 1755//1611 1754//1610 
f 1696//1552 1754//1610 1753//1609 
f 1695//1551 1753//1609 1752//1608 
f 1694//1550 1752//1608 1751//1607 
f 1693//1549 1751//1607 1750//1606 
f 1692//1548 1750//1606 1749//1605 
f 1691//1547 1749//1605 1748//1604 
f 1690//1546 1748//1604 1747//1603 
f 1689//1545 1747//1603 1746//1602 
f 1688//1544 1746//1602 1745//1601 
f 1687//1543 1745//1601 1744//1600 
f 1686//1542 1744//1600 1743//1599 
f 1685//1541 1743//1599 1742//1598 
f 1684//1540 1742//1598 1741//1597 
f 1625//1481 1683//1539 1740//1596 
f 1682//1538 1740//1596 1739//1595 
f 1681//1537 1739//1595 1738//1594 
f 1680//1536 1738//1594 1737//1593 
f 1679//1535 1737//1593 1736//1592 
f 1678//1534 1736//1592 1735//1591 
f 1677//1533 1735//1591 1734//1590 
f 1676//1532 1734//1590 1733//1589 
f 1675//1531 1733//1589 1732//1588 
f 1674//1530 1732//1588 1731//1587 
f 1673//1529 1731//1587 1730//1586 
f 1672//1528 1730//1586 1729//1585 
f 1671//1527 1729//1585 1728//1584 
f 1670//1526 1728//1584 1727//1583 
f 1669//1525 1727//1583 1726//1582 
f 1668//1524 1726//1582 1725//1581 
f 1667//1523 1725//1581 1724//1580 
f 1666//1522 1724//1580 1723//1579 
f 1665//1521 1723//1579 1722//1578 
f 1664//1520 1722//1578 1721//1577 
f 1663//1519 1721//1577 1720//1576 
f 1662//1518 1720//1576 1719//1575 
f 1661//1517 1719//1575 1718//1574 
f 1660//1516 1718//1574 1717//1573 
f 1659//1515 1717//1573 1716//1572 
f 1658//1514 1716//1572 1715//1571 
f 1657//1513 1715//1571 1714//1570 
f 1656//1512 1714//1570 1713//1569 
f 1655//1511 1713//1569 1712//1568 
f 1654//1510 1712//1568 1711//1567 
f 1653//1509 1711//1567 1710//1566 
f 1652//1508 1710//1566 1709//1565 
f 1651//1507 1709//1565 1708//1564 
f 1650//1506 1708//1564 1707//1563 
f 1649//1505 1707//1563 1706//1562 
f 1648//1504 1706//1562 1705//1561 
f 1647//1503 1705//1561 1704//1560 
f 1646//1502 1704//1560 1703//1559 
f 1645//1501 1703//1559 1702//1558 
f 1644//1500 1702//1558 1701//1557 
f 1643//1499 1701//1557 1700//1556 
f 1642//1498 1700//1556 1699//1555 
f 1641//1497 1699//1555 1698//1554 
f 1640//1496 1698//1554 1697//1553 
f 1639//1495 1697//1553 1696//1552 
f 1638//1494 1696//1552 1695//1551 
f 1637//1493 1695//1551 1694//1550 
f 1636//1492 1694//1550 1693//1549 
f 1635//1491 1693//1549 1692//1548 
f 1634//1490 1692//1548 1691//1547 
f 1633//1489 1691//1547 1690//1546 
f 1632//1488 1690//1546 1689//1545 
f 1631//1487 1689//1545 1688//1544 
f 1630//1486 1688//1544 1687//1543 
f 1629//1485 1687//1543 1686//1542 
f 1628//1484 1686//1542 1685//1541 
f 1627//1483 1685//1541 1684//1540 
f 1626//1482 1684//1540 1683//1539 
f 1567//1423 1625//1481 1682//1538 
f 1624//1480 1682//1538 1681//1537 
f 1623//1479 1681//1537 1680//1536 
f 1622//1478 1680//1536 1679//1535 
f 1621//1477 1679//1535 1678//1534 
f 1620//1476 1678//1534 1677//1533 
f 1619//1475 1677//1533 1676//1532 
f 1618//1474 1676//1532 1675//1531 
f 1617//1473 1675//1531 1674//1530 
f 1616//1472 1674//1530 1673//1529 
f 1615//1471 1673//1529 1672//1528 
f 1614//1470 1672//1528 1671//1527 
f 1613//1469 1671//1527 1670//1526 
f 1612//1468 1670//1526 1669//1525 
f 1611//1467 1669//1525 1668//1524 
f 1610//1466 1668//1524 1667//1523 
f 1609//1465 1667//1523 1666//1522 
f 1608//1464 1666//1522 1665//1521 
f 1607//1463 1665//1521 1664//1520 
f 1606//1462 1664//1520 1663//1519 
f 1605//1461 1663//1519 1662//1518 
f 1604//1460 1662//1518 1661//1517 
f 1603//1459 1661//1517 1660//1516 
f 1602//1458 1660//1516 1659//1515 
f 1601//1457 1659//1515 1658//1514 
f 1600//1456 1658//1514 1657//1513 
f 1599//1455 1657//1513 1656//1512 
f 1598//1454 1656//1512 1655//1511 
f 1597//1453 1655//1511 1654//1510 
f 1596//1452 1654//1510 1653//1509 
f 1595//1451 1653//1509 1652//1508 
f 1594//1450 1652//1508 1651//1507 
f 1593//1449 1651//1507 1650//1506 
f 1592//1448 1650//1506 1649//1505 
f 1591//1447 1649//1505 1648//1504 
f 1590//1446 1648//1504 1647//1503 
f 1589//1445 1647//1503 1646//1502 
f 1588//1444 1646//1502 1645//1501 
f 1587//1443 1645//1501 1644//1500 
f 1586//1442 1644//1500 1643//1499 
f 1585//1441 1643//1499 1642//1498 
f 1584//1440 1642//1498 1641//1497 
f 1583//1439 1641//1497 1640//1496 
f 1582//1438 1640//1496 1639//1495 
f 1581//1437 1639//1495 1638//1494 
f 1580//1436 1638//1494 1637//1493 
f 1579//1435 1637//1493 1636//1492 
f 1578//1434 1636//1492 1635//1491 
f 1577//1433 1635//1491 1634//1490 
f 1576//1432 1634//1490 1633//1489 
f 1575//1431 1633//1489 1632//1488 
f 1574//1430 1632//1488 1631//1487 
f 1573//1429 1631//1487 1630//1486 
f 1572//1428 1630//1486 1629//1485 
f 1571//1427 1629//1485 1628//1484 
f 1570//1426 1628//1484 1627//1483 
f 1569//1425 1627//1483 1626//1482 
f 1568//1424 1626//1482 1625//1481 
f 1509//1365 1567//1423 1624//1480 
f 1566//1422 1624//1480 1623//1479 
f 1565//1421 1623//1479 1622//1478 
f 1564//1420 1622//1478 1621//1477 
f 1563//1419 1621//1477 1620//1476 
f 1562//1418 1620//1476 1619//1475 
f 1561//1417 1619//1475 1618//1474 
f 1560//1416 1618//1474 1617//1473 
f 1559//1415 1617//1473 1616//1472 
f 1558//1414 1616//1472 1615//1471 
f 1557//1413 1615//1471 1614//1470 
f 1556//1412 1614//1470 1613//1469 
f 1555//1411 1613//1469 1612//1468 
f 1554//1410 1612//1468 1611//1467 
f 1553//1409 1611//1467 1610//1466 
f 1552//1408 1610//1466 1609//1465 
f 1551//1407 1609//1465 1608//1464 
f 1550//1406 1608//1464 1607//1463 
f 1549//1405 1607//1463 1606//1462 
f 1548//1404 1606//1462 1605//1461 
f 1547//1403 1605//1461 1604//1460 
f 1546//1402 1604//1460 1603//1459 
f 1545//1401 1603//1459 1602//1458 
f 1544//1400 1602//1458 1601//1457 
f 1543//1399 1601//1457 1600//1456 
f 1542//1398 1600//1456 1599//1455 
f 1541//1397 1599//1455 1598//1454 
f 1540//1396 1598//1454 1597//1453 
f 1539//1395 1597//1453 1596//1452 
f 1538//1394 1596//1452 1595//1451 
f 1537//1393 1595//1451 1594//1450 
f 1536//1392 1594//1450 1593//1449 
f 1535//1391 1593//1449 1592//1448 
f 1534//1390 1592//1448 1591//1447 
f 1533//1389 1591//1447 1590//1446 
f 1532//1388 1590//1446 1589//1445 
f 1531//1387 1589//1445 1588//1444 
f 1530//1386 1588//1444 1587//1443 
f 1529//1385 1587//1443 1586//1442 
f 1528//1384 1586//1442 1585//1441 
f 1527//1383 1585//1441 1584//1440 
f 1526//1382 1584//1440 1583//1439 
f 1525//1381 1583//1439 1582//1438 
f 1524//1380 1582//1438 1581//1437 
f 1523//1379 1581//1437 1580//1436 
f 1522//1378 1580//1436 1579//1435 
f 1521//1377 1579//1435 1578//1434 
f 1520//1376 1578//1434 1577//1433 
f 1519//1375 1577//1433 1576//1432 
f 1518//1374 1576//1432 1575//1431 
f 1517//1373 1575//1431 1574//1430 
f 1516//1372 1574//1430 1573//1429 
f 1515//1371 1573//1429 1572//1428 
f 1514//1370 1572//1428 1571//1427 
f 1513//1369 1571//1427 1570//1426 
f 1512//1368 1570//1426 1569//1425 
f 1511//1367 1569//1425 1568//1424 
f 1510//1366 1568//1424 1567//1423 
f 1451//1307 1509//1365 1566//1422 
f 1508//1364 1566//1422 1565//1421 
f 1507//1363 1565//1421 1564//1420 
f 1506//1362 1564//1420 1563//1419 
f 1505//1361 1563//1419 1562//1418 
f 1504//1360 1562//1418 1561//1417 
f 1503//1359 1561//1417 1560//1416 
f 1502//1358 1560//1416 1559//1415 
f 1501//1357 1559//1415 1558//1414 
f 1500//1356 1558//1414 1557//1413 
f 1499//1355 1557//1413 1556//1412 
f 1498//1354 1556//1412 1555//1411 
f 1497//1353 1555//1411 1554//1410 
f 1496//1352 1554//1410 1553//1409 
f 1495//1351 1553//1409 1552//1408 
f 1494//1350 1552//1408 1551//1407 
f 1493//1349 1551//1407 1550//1406 
f 1492//1348 1550//1406 1549//1405 
f 1491//1347 1549//1405 1548//1404 
f 1490//1346 1548//1404 1547//1403 
f 1489//1345 1547//1403 1546//1402 
f 1488//1344 1546//1402 1545//1401 
f 1487//1343 1545//1401 1544//1400 
f 1486//1342 1544//1400 1543//1399 
f 1485//1341 1543//1399 1542//1398 
f 1484//1340 1542//1398 1541//1397 
f 1483//1339 1541//1397 1540//1396 
f 1482//1338 1540//1396 1539//1395 
f 1481//1337 1539//1395 1538//1394 
f 1480//1336 1538//1394 1537//1393 
f 1479//1335 1537//1393 1536//1392 
f 1478//1334 1536//1392 1535//1391 
f 1477//1333 1535//1391 1534//1390 
f 1476//1332 1534//1390 1533//1389 
f 1475//1331 1533//1389 1532//1388 
f 1474//1330 1532//1388 1531//1387 
f 1473//1329 1531//1387 1530//1386 
f 1472//1328 1530//1386 1529//1385 
f 1471//1327 1529//1385 1528//1384 
f 1470//1326 1528//1384 1527//1383 
f 1469//1325 1527//1383 1526//1382 
f 1468//1324 1526//1382 1525//1381 
f 1467//1323 1525//1381 1524//1380 
f 1466//1322 1524//1380 1523//1379 
f 1465//1321 1523//1379 1522//1378 
f 1464//1320 1522//1378 1521//1377 
f 1463//1319 1521//1377 1520//1376 
f 1462//1318 1520//1376 1519//1375 
f 1461//1317 1519//1375 1518//1374 
f 1460//1316 1518//1374 1517//1373 
f 1459//1315 1517//1373 1516//1372 
f 1458//1314 1516//1372 1515//1371 
f 1457//1313 1515//1371 1514//1370 
f 1456//1312 1514//1370 1513//1369 
f 1455//1311 1513//1369 1512//1368 
f 1454//1310 1512//1368 1511//1367 
f 1453//1309 1511//1367 1510//1366 
f 1452//1308 1510//1366 1509//1365 
f 1393//1249 1451//1307 1508//1364 
f 1450//1306 1508//1364 1507//1363 
f 1449//1305 1507//1363 1506//1362 
f 1448//1304 1506//1362 1505//1361 
f 1447//1303 1505//1361 1504//1360 
f 1446//1302 1504//1360 1503//1359 
f 1445//1301 1503//1359 1502//1358 
f 1444//1300 1502//1358 1501//1357 
f 1443//1299 1501//1357 1500//1356 
f 1442//1298 1500//1356 1499//1355 
f 1441//1297 1499//1355 1498//1354 
f 1440//1296 1498//1354 1497//1353 
f 1439//1295 1497//1353 1496//1352 
f 1438//1294 1496//1352 1495//1351 
f 1437//1293 1495//1351 1494//1350 
f 1436//1292 1494//1350 1493//1349 
f 1435//1291 1493//1349 1492//1348 
f 1434//1290 1492//1348 1491//1347 
f 1433//1289 1491//1347 1490//1346 
f 1432//1288 1490//1346 1489//1345 
f 1431//1287 1489//1345 1488//1344 
f 1430//1286 1488//1344 1487//1343 
f 1429//1285 1487//1343 1486//1342 
f 1428//1284 1486//1342 1485//1341 
f 1427//1283 1485//1341 1484//1340 
f 1426//1282 1484//1340 1483//1339 
f 1425//1281 1483//1339 1482//1338 
f 1424//1280 1482//1338 1481//1337 
f 1423//1279 1481//1337 1480//1336 
f 1422//1278 1480//1336 1479//1335 
f 1421//1277 1479//1335 1478//1334 
f 1420//1276 1478//1334 1477//1333 
f 1419//1275 1477//1333 1476//1332 
f 1418//1274 1476//1332 1475//1331 
f 1417//1273 1475//1331 1474//1330 
f 1416//1272 1474//1330 1473//1329 
f 1415//1271 1473//1329 1472//1328 
f 1414//1270 1472//1328 1471//1327 
f 1413//1269 1471//1327 1470//1326 
f 1412//1268 1470//1326 1469//1325 
f 1411//1267 1469//1325 1468//1324 
f 1410//1266 1468//1324 1467//1323 
f 1409//1265 1467//1323 1466//1322 
f 1408//1264 1466//1322 1465//1321 
f 1407//1263 1465//1321 1464//1320 
f 1406//1262 1464//1320 1463//1319 
f 1405//1261 1463//1319 1462//1318 
f 1404//1260 1462//1318 1461//1317 
f 1403//1259 1461//1317 1460//1316 
f 1402//1258 1460//1316 1459//1315 
f 1401//1257 1459//1315 1458//1314 
f 1400//1256 1458//1314 1457//1313 
f 1399//1255 1457//1313 1456//1312 
f 1398//1254 1456//1312 1455//1311 
f 1397//1253 1455//1311 1454//1310 
f 1396//1252 1454//1310 1453//1309 
f 1395//1251 1453//1309 1452//1308 
f 1394//1250 1452//1308 1451//1307 
f 1335//1191 1393//1249 1450//1306 
f 1392//1248 1450//1306 1449//1305 
f 1391//1247 1449//1305 1448//1304 
f 1390//1246 1448//1304 1447//1303 
f 1389//1245 1447//1303 1446//1302 
f 1388//1244 1446//1302 1445//1301 
f 1387//1243 1445//1301 1444//1300 
f 1386//1242 1444//1300 1443//1299 
f 1385//1241 1443//1299 1442//1298 
f 1384//1240 1442//1298 1441//1297 
f 1383//1239 1441//1297 1440//1296 
f 1382//1238 1440//1296 1439//1295 
f 1381//1237 1439//1295 1438//1294 
f 1380//1236 1438//1294 1437//1293 
f 1379//1235 1437//1293 1436//1292 
f 1378//1234 1436//1292 1435//1291 
f 1377//1233 1435//1291 1434//1290 
f 1376//1232 1434//1290 1433//1289 
f 1375//1231 1433//1289 1432//1288 
f 1374//1230 1432//1288 1431//1287 
f 1373//1229 1431//1287 1430//1286 
f 1372//1228 1430//1286 1429//1285 
f 1371//1227 1429//1285 1428//1284 
f 1370//1226 1428//1284 1427//1283 
f 1369//1225 1427//1283 1426//1282 
f 1368//1224 1426//1282 1425//1281 
f 1367//1223 1425//1281 1424//1280 
f 1366//1222 1424//1280 1423//1279 
f 1365//1221 1423//1279 1422//1278 
f 1364//1220 1422//1278 1421//1277 
f 1363//1219 1421//1277 1420//1276 
f 1362//1218 1420//1276 1419//1275 
f 1361//1217 1419//1275 1418//1274 
f 1360//1216 1418//1274 1417//1273 
f 1359//1215 1417//1273 1416//1272 
f 1358//1214 1416//1272 1415//1271 
f 1357//1213 1415//1271 1414//1270 
f 1356//1212 1414//1270 1413//1269 
f 1355//1211 1413//1269 1412//1268 
f 1354//1210 1412//1268 1411//1267 
f 1353//1209 1411//1267 1410//1266 
f 1352//1208 1410//1266 1409//1265 
f 1351//1207 1409//1265 1408//1264 
f 1350//1206 1408//1264 1407//1263 
f 1349//1205 1407//1263 1406//1262 
f 1348//1204 1406//1262 1405//1261 
f 1347//1203 1405//1261 1404//1260 
f 1346//1202 1404//1260 1403//1259 
f 1345//1201 1403//1259 1402//1258 
f 1344//1200 1402//1258 1401//1257 
f 1343//1199 1401//1257 1400//1256 
f 1342//1198 1400//1256 1399//1255 
f 1341//1197 1399//1255 1398//1254 
f 1340//1196 1398//1254 1397//1253 
f 1339//1195 1397//1253 1396//1252 
f 1338//1194 1396//1252 1395//1251 
f 1337//1193 1395//1251 1394//1250 
f 1336//1192 1394//1250 1393//1249 
f 1277//1133 1335//1191 1392//1248 
f 1334//1190 1392//1248 1391//1247 
f 1333//1189 1391//1247 1390//1246 
f 1332//1188 1390//1246 1389//1245 
f 1331//1187 1389//1245 1388//1244 
f 1330//1186 1388//1244 1387//1243 
f 1329//1185 1387//1243 1386//1242 
f 1328//1184 1386//1242 1385//1241 
f 1327//1183 1385//1241 1384//1240 
f 1326//1182 1384//1240 1383//1239 
f 1325//1181 1383//1239 1382//1238 
f 1324//1180 1382//1238 1381//1237 
f 1323//1179 1381//1237 1380//1236 
f 1322//1178 1380//1236 1379//1235 
f 1321//1177 1379//1235 1378//1234 
f 1320//1176 1378//1234 1377//1233 
f 1319//1175 1377//1233 1376//1232 
f 1318//1174 1376//1232 1375//1231 
f 1317//1173 1375//1231 1374//1230 
f 1316//1172 1374//1230 1373//1229 
f 1315//1171 1373//1229 1372//1228 
f 1314//1170 1372//1228 1371//1227 
f 1313//1169 1371//1227 1370//1226 
f 1312//1168 1370//1226 1369//1225 
f 1311//1167 1369//1225 1368//1224 
f 1310//1166 1368//1224 1367//1223 
f 1309//1165 1367//1223 1366//1222 
f 1308//1164 1366//1222 1365//1221 
f 1307//1163 1365//1221 1364//1220 
f 1306//1162 1364//1220 1363//1219 
f 1305//1161 1363//1219 1362//1218 
f 1304//1160 1362//1218 1361//1217 
f 1303//1159 1361//1217 1360//1216 
f 1302//1158 1360//1216 1359//1215 
f 1301//1157 1359//1215 1358//1214 
f 1300//1156 1358//1214 1357//1213 
f 1299//1155 1357//1213 1356//1212 
f 1298//1154 1356//1212 1355//1211 
f 1297//1153 1355//1211 1354//1210 
f 1296//1152 1354//1210 1353//1209 
f 1295//1151 1353//1209 1352//1208 
f 1294//1150 1352//1208 1351//1207 
f 1293//1149 1351//1207 1350//1206 
f 1292//1148 1350//1206 1349//1205 
f 1291//1147 1349//1205 1348//1204 
f 1290//1146 1348//1204 1347//1203 
f 1289//1145 1347//1203 1346//1202 
f 1288//1144 1346//1202 1345//1201 
f 1287//1143 1345//1201 1344//1200 
f 1286//1142 1344//1200 1343//1199 
f 1285//1141 1343//1199 1342//1198 
f 1284//1140 1342//1198 1341//1197 
f 1283//1139 1341//1197 1340//1196 
f 1282//1138 1340//1196 1339//1195 
f 1281//1137 1339//1195 1338//1194 
f 1280//1136 1338//1194 1337//1193 
f 1279//1135 1337//1193 1336//1192 
f 1278//1134 1336//1192 1335//1191 
f 1219//1075 1277//1133 1334//1190 
f 1276//1132 1334//1190 1333//1189 
f 1275//1131 1333//1189 1332//1188 
f 1274//1130 1332//1188 1331//1187 
f 1273//1129 1331//1187 1330//1186 
f 1272//1128 1330//1186 1329//1185 
f 1271//1127 1329//1185 1328//1184 
f 1270//1126 1328//1184 1327//1183 
f 1269//1125 1327//1183 1326//1182 
f 1268//1124 1326//1182 1325//1181 
f 1267//1123 1325//1181 1324//1180 
f 1266//1122 1324//1180 1323//1179 
f 1265//1121 1323//1179 1322//1178 
f 1264//1120 1322//1178 1321//1177 
f 1263//1119 1321//1177 1320//1176 
f 1262//1118 1320//1176 1319//1175 
f 1261//1117 1319//1175 1318//1174 
f 1260//1116 1318//1174 1317//1173 
f 1259//1115 1317//1173 1316//1172 
f 1258//1114 1316//1172 1315//1171 
f 1257//1113 1315//1171 1314//1170 
f 1256//1112 1314//1170 1313//1169 
f 1255//1111 1313//1169 1312//1168 
f 1254//1110 1312//1168 1311//1167 
f 1253//1109 1311//1167 1310//1166 
f 1252//1108 1310//1166 1309//1165 
f 1251//1107 1309//1165 1308//1164 
f 1250//1106 1308//1164 1307//1163 
f 1249//1105 1307//1163 1306//1162 
f 1248//1104 1306//1162 1305//1161 
f 1247//1103 1305//1161 1304//1160 
f 1246//1102 1304//1160 1303//1159 
f 1245//1101 1303//1159 1302//1158 
f 1244//1100 1302//1158 1301//1157 
f 1243//1099 1301//1157 1300//1156 
f 1242//1098 1300//1156 1299//1155 
f 1241//1097 1299//1155 1298//1154 
f 1240//1096 1298//1154 1297//1153 
f 1239//1095 1297//1153 1296//1152 
f 1238//1094 1296//1152 1295//1151 
f 1237//1093 1295//1151 1294//1150 
f 1236//1092 1294//1150 1293//1149 
f 1235//1091 1293//1149 1292//1148 
f 1234//1090 1292//1148 1291//1147 
f 1233//1089 1291//1147 1290//1146 
f 1232//1088 1290//1146 1289//1145 
f 1231//1087 1289//1145 1288//1144 
f 1230//1086 1288//1144 1287//1143 
f 1229//1085 1287//1143 1286//1142 
f 1228//1084 1286//1142 1285//1141 
f 1227//1083 1285//1141 1284//1140 
f 1226//1082 1284//1140 1283//1139 
f 1225//1081 1283//1139 1282//1138 
f 1224//1080 1282//1138 1281//1137 
f 1223//1079 1281//1137 1280//1136 
f 1222//1078 1280//1136 1279//1135 
f 1221//1077 1279//1135 1278//1134 
f 1220//1076 1278//1134 1277//1133 
f 1161//1017 1219//1075 1276//1132 
f 1218//1074 1276//1132 1275//1131 
f 1217//1073 1275//1131 1274//1130 
f 1216//1072 1274//1130 1273//1129 
f 1215//1071 1273//1129 1272//1128 
f 1214//1070 1272//1128 1271//1127 
f 1213//1069 1271//1127 1270//1126 
f 1212//1068 1270//1126 1269//1125 
f 1211//1067 1269//1125 1268//1124 
f 1210//1066 1268//1124 1267//1123 
f 1209//1065 1267//1123 1266//1122 
f 1208//1064 1266//1122 1265//1121 
f 1207//1063 1265//1121 1264//1120 
f 1206//1062 1264//1120 1263//1119 
f 1205//1061 1263//1119 1262//1118 
f 1204//1060 1262//1118 1261//1117 
f 1203//1059 1261//1117 1260//1116 
f 1202//1058 1260//1116 1259//1115 
f 1201//1057 1259//1115 1258//1114 
f 1200//1056 1258//1114 1257//1113 
f 1199//1055 1257//1113 1256//1112 
f 1198//1054 1256//1112 1255//1111 
f 1197//1053 1255//1111 1254//1110 
f 1196//1052 1254//1110 1253//1109 
f 1195//1051 1253//1109 1252//1108 
f 1194//1050 1252//1108 1251//1107 
f 1193//1049 1251//1107 1250//1106 
f 1192//1048 1250//1106 1249//1105 
f 1191//1047 1249//1105 1248//1104 
f 1190//1046 1248//1104 1247//1103 
f 1189//1045 1247//1103 1246//1102 
f 1188//1044 1246//1102 1245//1101 
f 1187//1043 1245//1101 1244//1100 
f 1186//1042 1244//1100 1243//1099 
f 1185//1041 1243//1099 1242//1098 
f 1184//1040 1242//1098 1241//1097 
f 1183//1039 1241//1097 1240//1096 
f 1182//1038 1240//1096 1239//1095 
f 1181//1037 1239//1095 1238//1094 
f 1180//1036 1238//1094 1237//1093 
f 1179//1035 1237//1093 1236//1092 
f 1178//1034 1236//1092 1235//1091 
f 1177//1033 1235//1091 1234//1090 
f 1176//1032 1234//1090 1233//1089 
f 1175//1031 1233//1089 1232//1088 
f 1174//1030 1232//1088 1231//1087 
f 1173//1029 1231//1087 1230//1086 
f 1172//1028 1230//1086 1229//1085 
f 1171//1027 1229//1085 1228//1084 
f 1170//1026 1228//1084 1227//1083 
f 1169//1025 1227//1083 1226//1082 
f 1168//1024 1226//1082 1225//1081 
f 1167//1023 1225//1081 1224//1080 
f 1166//1022 1224//1080 1223//1079 
f 1165//1021 1223//1079 1222//1078 
f 1164//1020 1222//1078 1221//1077 
f 1163//1019 1221//1077 1220//1076 
f 1162//1018 1220//1076 1219//1075 
f 1103//930 1161//1017 1218//1074 
f 1160//1016 1218//1074 1217//1073 
f 1159//1014 1217//1073 1216//1072 
f 1158//1013 1216//1072 1215//1071 
f 1157//1011 1215//1071 1214//1070 
f 1156//1010 1214//1070 1213//1069 
f 1155//1008 1213//1069 1212//1068 
f 1154//1007 1212//1068 1211//1067 
f 1153//1005 1211//1067 1210//1066 
f 1152//1004 1210//1066 1209//1065 
f 1151//1002 1209//1065 1208//1064 
f 1150//1001 1208//1064 1207//1063 
f 1149//999 1207//1063 1206//1062 
f 1148//998 1206//1062 1205//1061 
f 1147//996 1205//1061 1204//1060 
f 1146//995 1204//1060 1203//1059 
f 1145//993 1203//1059 1202//1058 
f 1144//992 1202//1058 1201//1057 
f 1143//990 1201//1057 1200//1056 
f 1142//989 1200//1056 1199//1055 
f 1141//987 1199//1055 1198//1054 
f 1140//986 1198//1054 1197//1053 
f 1139//984 1197//1053 1196//1052 
f 1138//983 1196//1052 1195//1051 
f 1137//981 1195//1051 1194//1050 
f 1136//980 1194//1050 1193//1049 
f 1135//978 1193//1049 1192//1048 
f 1134//977 1192//1048 1191//1047 
f 1133//975 1191//1047 1190//1046 
f 1132//974 1190//1046 1189//1045 
f 1131//972 1189//1045 1188//1044 
f 1130//971 1188//1044 1187//1043 
f 1129//969 1187//1043 1186//1042 
f 1128//968 1186//1042 1185//1041 
f 1127//966 1185//1041 1184//1040 
f 1126//965 1184//1040 1183//1039 
f 1125//963 1183//1039 1182//1038 
f 1124//962 1182//1038 1181//1037 
f 1123//960 1181//1037 1180//1036 
f 1122//959 1180//1036 1179//1035 
f 1121//957 1179//1035 1178//1034 
f 1120//956 1178//1034 1177//1033 
f 1119//954 1177//1033 1176//1032 
f 1118//953 1176//1032 1175//1031 
f 1117//951 1175//1031 1174//1030 
f 1116//950 1174//1030 1173//1029 
f 1115//948 1173//1029 1172//1028 
f 1114//947 1172//1028 1171//1027 
f 1113//945 1171//1027 1170//1026 
f 1112//944 1170//1026 1169//1025 
f 1111//942 1169//1025 1168//1024 
f 1110//941 1168//1024 1167//1023 
f 1109//939 1167//1023 1166//1022 
f 1108//938 1166//1022 1165//1021 
f 1107//936 1165//1021 1164//1020 
f 1106//935 1164//1020 1163//1019 
f 1105//933 1163//1019 1162//1018 
f 1104//932 1162//1018 1161//1017 
f 1045//931 1103//930 1160//1016 
f 1102//1015 1160//1016 1159//1014 
f 1101//1012 1159//1014 1158//1013 
f 1100//1012 1158//1013 1157//1011 
f 1099//1009 1157//1011 1156//1010 
f 1098//1009 1156//1010 1155//1008 
f 1097//1006 1155//1008 1154//1007 
f 1096//1006 1154//1007 1153//1005 
f 1095//1003 1153//1005 1152//1004 
f 1094//1003 1152//1004 1151//1002 
f 1093//1000 1151//1002 1150//1001 
f 1092//1000 1150//1001 1149//999 
f 1091//997 1149//999 1148//998 
f 1090//997 1148//998 1147//996 
f 1089//994 1147//996 1146//995 
f 1088//994 1146//995 1145//993 
f 1087//991 1145//993 1144//992 
f 1086//991 1144//992 1143//990 
f 1085//988 1143//990 1142//989 
f 1084//988 1142//989 1141//987 
f 1083//985 1141//987 1140//986 
f 1082//985 1140//986 1139//984 
f 1081//982 1139//984 1138//983 
f 1080//982 1138//983 1137//981 
f 1079//979 1137//981 1136//980 
f 1078//979 1136//980 1135//978 
f 1077//976 1135//978 1134//977 
f 1076//976 1134//977 1133//975 
f 1075//973 1133//975 1132//974 
f 1074//973 1132//974 1131//972 
f 1073//970 1131//972 1130//971 
f 1072//970 1130//971 1129//969 
f 1071//967 1129//969 1128//968 
f 1070//967 1128//968 1127//966 
f 1069//964 1127//966 1126//965 
f 1068//964 1126//965 1125//963 
f 1067//961 1125//963 1124//962 
f 1066//961 1124//962 1123//960 
f 1065//958 1123//960 1122//959 
f 1064//958 1122//959 1121//957 
f 1063//955 1121//957 1120//956 
f 1062//955 1120//956 1119//954 
f 1061//952 1119//954 1118//953 
f 1060//952 1118//953 1117//951 
f 1059//949 1117//951 1116//950 
f 1058//949 1116//950 1115//948 
f 1057//946 1115//948 1114//947 
f 1056//946 1114//947 1113//945 
f 1055//943 1113//945 1112//944 
f 1054//943 1112//944 1111//942 
f 1053//940 1111//942 1110//941 
f 1052//940 1110//941 1109//939 
f 1051//937 1109//939 1108//938 
f 1050//937 1108//938 1107//936 
f 1049//934 1107//936 1106//935 
f 1048//934 1106//935 1105//933 
f 1047//931 1105//933 1104//932 
f 1046//931 1104//932 1103//930 
o mesh4
f 1058//1829 1915//1829 1916//1829 
f 1057//1829 1917//1829 1915//1829 
f 1056//1829 1918//1829 1917//1829 
f 1056//1829 1055//1829 1919//1829 
f 1915//1829 1058//1829 1057//1829 
f 1919//1829 1918//1829 1056//1829 
f 1917//1829 1057//1829 1056//1829 
f 1055//1829 1054//1829 1920//1829 
f 1053//1829 1921//1829 1920//1829 
f 1053//1829 1052//1829 1922//1829 
f 1098//1829 1923//1829 1924//1829 
f 1097//1829 1925//1829 1923//1829 
f 1096//1829 1926//1829 1925//1829 
f 1096//1829 1095//1829 1927//1829 
f 1086//1829 1928//1829 1929//1829 
f 1085//1829 1930//1829 1928//1829 
f 1082//1829 1931//1829 1932//1829 
f 1082//1829 1081//1829 1933//1829 
f 1079//1829 1934//1829 1935//1829 
f 1079//1829 1078//1829 1936//1829 
f 1064//1829 1937//1829 1938//1829 
f 1063//1829 1939//1829 1937//1829 
f 1063//1829 1062//1829 1940//1829 
f 1062//1829 1061//1829 1941//1829 
f 1920//1829 1919//1829 1055//1829 
f 1922//1829 1921//1829 1053//1829 
f 1052//1829 1051//1829 1942//1829 
f 1050//1829 1943//1829 1942//1829 
f 1923//1829 1098//1829 1097//1829 
f 1927//1829 1926//1829 1096//1829 
f 1095//1829 1094//1829 1944//1829 
f 1094//1829 1093//1829 1945//1829 
f 1928//1829 1086//1829 1085//1829 
f 1085//1829 1084//1829 1946//1829 
f 1083//1829 1932//1829 1946//1829 
f 1933//1829 1931//1829 1082//1829 
f 1081//1829 1080//1829 1935//1829 
f 1936//1829 1934//1829 1079//1829 
f 1078//1829 1077//1829 1947//1829 
f 1077//1829 1076//1829 1948//1829 
f 1937//1829 1064//1829 1063//1829 
f 1941//1829 1940//1829 1062//1829 
f 1060//1829 1949//1829 1941//1829 
f 1060//1829 1059//1829 1916//1829 
f 1920//1829 1054//1829 1053//1829 
f 1942//1829 1051//1829 1050//1829 
f 1049//1829 1950//1829 1943//1829 
f 1049//1829 1048//1829 1951//1829 
f 1100//1829 1952//1829 1953//1829 
f 1100//1829 1099//1829 1924//1829 
f 1925//1829 1097//1829 1096//1829 
f 1945//1829 1944//1829 1094//1829 
f 1090//1829 1954//1829 1955//1829 
f 1090//1829 1089//1829 1956//1829 
f 1089//1829 1088//1829 1957//1829 
f 1088//1829 1087//1829 1929//1829 
f 1946//1829 1930//1829 1085//1829 
f 1932//1829 1083//1829 1082//1829 
f 1935//1829 1080//1829 1079//1829 
f 1948//1829 1947//1829 1077//1829 
f 1071//1829 1958//1829 1959//1829 
f 1071//1829 1070//1829 1960//1829 
f 1069//1829 1961//1829 1960//1829 
f 1069//1829 1068//1829 1962//1829 
f 1940//1829 1939//1829 1063//1829 
f 1916//1829 1949//1829 1060//1829 
f 1942//1829 1922//1829 1052//1829 
f 1951//1829 1950//1829 1049//1829 
f 1047//1829 1963//1829 1951//1829 
f 1046//1829 1964//1829 1963//1829 
f 1924//1829 1952//1829 1100//1829 
f 1944//1829 1927//1829 1095//1829 
f 1092//1829 1965//1829 1945//1829 
f 1092//1829 1091//1829 1955//1829 
f 1956//1829 1954//1829 1090//1829 
f 1929//1829 1957//1829 1088//1829 
f 1946//1829 1084//1829 1083//1829 
f 1947//1829 1936//1829 1078//1829 
f 1960//1829 1958//1829 1071//1829 
f 1962//1829 1961//1829 1069//1829 
f 1941//1829 1061//1829 1060//1829 
f 1943//1829 1050//1829 1049//1829 
f 1963//1829 1047//1829 1046//1829 
f 1045//1829 1966//1829 1964//1829 
f 1924//1829 1099//1829 1098//1829 
f 1955//1829 1965//1829 1092//1829 
f 1957//1829 1956//1829 1089//1829 
f 1935//1829 1933//1829 1081//1829 
f 1074//1829 1073//1829 1967//1829 
f 1073//1829 1072//1829 1959//1829 
f 1960//1829 1070//1829 1069//1829 
f 1068//1829 1067//1829 1968//1829 
f 1066//1829 1969//1829 1968//1829 
f 1066//1829 1065//1829 1938//1829 
f 1916//1829 1059//1829 1058//1829 
f 1964//1829 1046//1829 1045//1829 
f 1945//1829 1093//1829 1092//1829 
f 1929//1829 1087//1829 1086//1829 
f 1075//1829 1970//1829 1948//1829 
f 1074//1829 1971//1829 1970//1829 
f 1959//1829 1967//1829 1073//1829 
f 1968//1829 1962//1829 1068//1829 
f 1938//1829 1969//1829 1066//1829 
f 1951//1829 1048//1829 1047//1829 
f 1102//1829 1972//1829 1966//1829 
f 1102//1829 1101//1829 1953//1829 
f 1955//1829 1091//1829 1090//1829 
f 1970//1829 1075//1829 1074//1829 
f 1959//1829 1072//1829 1071//1829 
f 1938//1829 1065//1829 1064//1829 
f 1953//1829 1972//1829 1102//1829 
f 1948//1829 1076//1829 1075//1829 
f 1968//1829 1067//1829 1066//1829 
f 1953//1829 1101//1829 1100//1829 
f 1966//1829 1045//1829 1102//1829 
f 1967//1829 1971//1829 1074//1829 
o mesh5
f 2031//1830 1025//1831 1024//1831 
f 2032//1832 1024//1831 1007//1831 
f 2033//1833 1007//1831 999//1834 
f 2034//1835 999//1834 998//1834 
f 2035//1836 998//1834 1000//1837 
f 2036//1838 1000//1837 1001//1837 
f 2037//1839 1001//1837 988//1840 
f 2038//1841 988//1840 987//1840 
f 2039//1842 987//1840 989//1843 
f 2040//1844 989//1843 991//1843 
f 2041//1845 991//1843 990//1846 
f 2042//1847 990//1846 992//1846 
f 2043//1848 992//1846 993//1849 
f 2044//1850 993//1849 994//1849 
f 2045//1851 994//1849 1036//1852 
f 2046//1853 1036//1852 1027//1852 
f 2047//1854 1027//1852 1026//1855 
f 2048//1856 1026//1855 1028//1855 
f 2049//1857 1028//1855 1037//1858 
f 2050//1859 1037//1858 1039//1858 
f 2051//1860 1039//1858 1042//1861 
f 2052//1862 1042//1861 1043//1861 
f 2053//1863 1043//1861 1009//1864 
f 2054//1865 1009//1864 1008//1864 
f 2055//1866 1008//1864 1010//1867 
f 2056//1868 1010//1867 1011//1867 
f 2057//1869 1011//1867 1012//1870 
f 2058//1871 1012//1870 1014//1870 
f 2059//1872 1014//1870 1013//1873 
f 2060//1874 1013//1873 1015//1873 
f 2061//1875 1015//1873 1003//1876 
f 2062//1877 1003//1876 1002//1876 
f 2063//1878 1002//1876 996//1879 
f 2064//1880 996//1879 995//1879 
f 2065//1881 995//1879 997//1882 
f 2066//1883 997//1882 1004//1882 
f 2067//1884 1004//1882 1005//1885 
f 2068//1886 1005//1885 1006//1885 
f 2069//1887 1006//1885 1016//1888 
f 2070//1889 1016//1888 1029//1888 
f 2071//1890 1029//1888 1017//1891 
f 2072//1892 1017//1891 1018//1891 
f 2073//1893 1018//1891 1030//1894 
f 2074//1895 1030//1894 1031//1894 
f 2075//1896 1031//1894 1032//1897 
f 2076//1898 1032//1897 1033//1897 
f 2077//1899 1033//1897 1038//1900 
f 2078//1901 1038//1900 1035//1900 
f 2079//1902 1035//1900 1034//1903 
f 2080//1904 1034//1903 1020//1903 
f 2081//1905 1020//1903 1019//1906 
f 2082//1907 1019//1906 1021//1906 
f 2083//1908 1021//1906 1022//1909 
f 2084//1910 1022//1909 1023//1909 
f 2085//1911 1023//1909 1040//1912 
f 2086//1913 1040//1912 1041//1912 
f 2087//1914 1041//1912 1044//1915 
f 2088//1916 1044//1915 1025//1831 
f 2089//1917 2031//1830 2032//1832 
f 2090//1918 2032//1832 2033//1833 
f 2091//1919 2033//1833 2034//1835 
f 2092//1920 2034//1835 2035//1836 
f 2093//1921 2035//1836 2036//1838 
f 2094//1922 2036//1838 2037//1839 
f 2095//1923 2037//1839 2038//1841 
f 2096//1924 2038//1841 2039//1842 
f 2097//1925 2039//1842 2040//1844 
f 2098//1926 2040//1844 2041//1845 
f 2099//1927 2041//1845 2042//1847 
f 2100//1928 2042//1847 2043//1848 
f 2101//1929 2043//1848 2044//1850 
f 2102//1930 2044//1850 2045//1851 
f 2103//1931 2045//1851 2046//1853 
f 2104//1932 2046//1853 2047//1854 
f 2105//1933 2047//1854 2048//1856 
f 2106//1934 2048//1856 2049//1857 
f 2107//1935 2049//1857 2050//1859 
f 2108//1936 2050//1859 2051//1860 
f 2109//1937 2051//1860 2052//1862 
f 2110//1938 2052//1862 2053//1863 
f 2111//1939 2053//1863 2054//1865 
f 2112//1940 2054//1865 2055//1866 
f 2113//1941 2055//1866 2056//1868 
f 2114//1942 2056//1868 2057//1869 
f 2115//1943 2057//1869 2058//1871 
f 2116//1944 2058//1871 2059//1872 
f 2117//1945 2059//1872 2060//1874 
f 2118//1946 2060//1874 2061//1875 
f 2119//1947 2061//1875 2062//1877 
f 2120//1948 2062//1877 2063//1878 
f 2121//1949 2063//1878 2064//1880 
f 2122//1950 2064//1880 2065//1881 
f 2123//1951 2065//1881 2066//1883 
f 2124//1952 2066//1883 2067//1884 
f 2125//1953 2067//1884 2068//1886 
f 2126//1954 2068//1886 2069//1887 
f 2127//1955 2069//1887 2070//1889 
f 2128//1956 2070//1889 2071//1890 
f 2129//1957 2071//1890 2072//1892 
f 2130//1958 2072//1892 2073//1893 
f 2131//1959 2073//1893 2074//1895 
f 2132//1960 2074//1895 2075//1896 
f 2133//1961 2075//1896 2076//1898 
f 2134//1962 2076//1898 2077//1899 
f 2135//1963 2077//1899 2078//1901 
f 2136//1964 2078//1901 2079//1902 
f 2137//1965 2079//1902 2080//1904 
f 2138//1966 2080//1904 2081//1905 
f 2139//1967 2081//1905 2082//1907 
f 2140//1968 2082//1907 2083//1908 
f 2141//1969 2083//1908 2084//1910 
f 2142//1970 2084//1910 2085//1911 
f 2143//1971 2085//1911 2086//1913 
f 2144//1972 2086//1913 2087//1914 
f 2145//1973 2087//1914 2088//1916 
f 2146//1974 2088//1916 2031//1830 
f 2147//1975 2089//1917 2090//1918 
f 2148//1976 2090//1918 2091//1919 
f 2149//1977 2091//1919 2092//1920 
f 2150//1978 2092//1920 2093//1921 
f 2151//1979 2093//1921 2094//1922 
f 2152//1980 2094//1922 2095//1923 
f 2153//1981 2095//1923 2096//1924 
f 2154//1982 2096//1924 2097//1925 
f 2155//1983 2097//1925 2098//1926 
f 2156//1984 2098//1926 2099//1927 
f 2157//1985 2099//1927 2100//1928 
f 2158//1986 2100//1928 2101//1929 
f 2159//1987 2101//1929 2102//1930 
f 2160//1988 2102//1930 2103//1931 
f 2161//1989 2103//1931 2104//1932 
f 2162//1990 2104//1932 2105//1933 
f 2163//1991 2105//1933 2106//1934 
f 2164//1992 2106//1934 2107//1935 
f 2165//1993 2107//1935 2108//1936 
f 2166//1994 2108//1936 2109//1937 
f 2167//1995 2109//1937 2110//1938 
f 2168//1996 2110//1938 2111//1939 
f 2169//1997 2111//1939 2112//1940 
f 2170//1998 2112//1940 2113//1941 
f 2171//1999 2113//1941 2114//1942 
f 2172//2000 2114//1942 2115//1943 
f 2173//2001 2115//1943 2116//1944 
f 2174//2002 2116//1944 2117//1945 
f 2175//2003 2117//1945 2118//1946 
f 2176//2004 2118//1946 2119//1947 
f 2177//2005 2119//1947 2120//1948 
f 2178//2006 2120//1948 2121//1949 
f 2179//2007 2121//1949 2122//1950 
f 2180//2008 2122//1950 2123//1951 
f 2181//2009 2123//1951 2124//1952 
f 2182//2010 2124//1952 2125//1953 
f 2183//2011 2125//1953 2126//1954 
f 2184//2012 2126//1954 2127//1955 
f 2185//2013 2127//1955 2128//1956 
f 2186//2014 2128//1956 2129//1957 
f 2187//2015 2129//1957 2130//1958 
f 2188//2016 2130//1958 2131//1959 
f 2189//2017 2131//1959 2132//1960 
f 2190//2018 2132//1960 2133//1961 
f 2191//2019 2133//1961 2134//1962 
f 2192//2020 2134//1962 2135//1963 
f 2193//2021 2135//1963 2136//1964 
f 2194//2022 2136//1964 2137//1965 
f 2195//2023 2137//1965 2138//1966 
f 2196//2024 2138//1966 2139//1967 
f 2197//2025 2139//1967 2140//1968 
f 2198//2026 2140//1968 2141//1969 
f 2199//2027 2141//1969 2142//1970 
f 2200//2028 2142//1970 2143//1971 
f 2201//2029 2143//1971 2144//1972 
f 2202//2030 2144//1972 2145//1973 
f 2203//2031 2145//1973 2146//1974 
f 2204//2032 2146//1974 2089//1917 
f 2205//2033 2147//1975 2148//1976 
f 2206//2034 2148//1976 2149//1977 
f 2207//2035 2149//1977 2150//1978 
f 2208//2036 2150//1978 2151//1979 
f 2209//2037 2151//1979 2152//1980 
f 2210//2038 2152//1980 2153//1981 
f 2211//2039 2153//1981 2154//1982 
f 2212//2040 2154//1982 2155//1983 
f 2213//2041 2155//1983 2156//1984 
f 2214//2042 2156//1984 2157//1985 
f 2215//2043 2157//1985 2158//1986 
f 2216//2044 2158//1986 2159//1987 
f 2217//2045 2159//1987 2160//1988 
f 2218//2046 2160//1988 2161//1989 
f 2219//2047 2161//1989 2162//1990 
f 2220//2048 2162//1990 2163//1991 
f 2221//2049 2163//1991 2164//1992 
f 2222//2050 2164//1992 2165//1993 
f 2223//2051 2165//1993 2166//1994 
f 2224//2052 2166//1994 2167//1995 
f 2225//2053 2167//1995 2168//1996 
f 2226//2054 2168//1996 2169//1997 
f 2227//2055 2169//1997 2170//1998 
f 2228//2056 2170//1998 2171//1999 
f 2229//2057 2171//1999 2172//2000 
f 2230//2058 2172//2000 2173//2001 
f 2231//2059 2173//2001 2174//2002 
f 2232//2060 2174//2002 2175//2003 
f 2233//2061 2175//2003 2176//2004 
f 2234//2062 2176//2004 2177//2005 
f 2235//2063 2177//2005 2178//2006 
f 2236//2064 2178//2006 2179//2007 
f 2237//2065 2179//2007 2180//2008 
f 2238//2066 2180//2008 2181//2009 
f 2239//2067 2181//2009 2182//2010 
f 2240//2068 2182//2010 2183//2011 
f 2241//2069 2183//2011 2184//2012 
f 2242//2070 2184//2012 2185//2013 
f 2243//2071 2185//2013 2186//2014 
f 2244//2072 2186//2014 2187//2015 
f 2245//2073 2187//2015 2188//2016 
f 2246//2074 2188//2016 2189//2017 
f 2247//2075 2189//2017 2190//2018 
f 2248//2076 2190//2018 2191//2019 
f 2249//2077 2191//2019 2192//2020 
f 2250//2078 2192//2020 2193//2021 
f 2251//2079 2193//2021 2194//2022 
f 2252//2080 2194//2022 2195//2023 
f 2253//2081 2195//2023 2196//2024 
f 2254//2082 2196//2024 2197//2025 
f 2255//2083 2197//2025 2198//2026 
f 2256//2084 2198//2026 2199//2027 
f 2257//2085 2199//2027 2200//2028 
f 2258//2086 2200//2028 2201//2029 
f 2259//2087 2201//2029 2202//2030 
f 2260//2088 2202//2030 2203//2031 
f 2261//2089 2203//2031 2204//2032 
f 2262//2090 2204//2032 2147//1975 
f 2263//2091 2205//2033 2206//2034 
f 2264//2092 2206//2034 2207//2035 
f 2265//2093 2207//2035 2208//2036 
f 2266//2094 2208//2036 2209//2037 
f 2267//2095 2209//2037 2210//2038 
f 2268//2096 2210//2038 2211//2039 
f 2269//2097 2211//2039 2212//2040 
f 2270//2098 2212//2040 2213//2041 
f 2271//2099 2213//2041 2214//2042 
f 2272//2100 2214//2042 2215//2043 
f 2273//2101 2215//2043 2216//2044 
f 2274//2102 2216//2044 2217//2045 
f 2275//2103 2217//2045 2218//2046 
f 2276//2104 2218//2046 2219//2047 
f 2277//2105 2219//2047 2220//2048 
f 2278//2106 2220//2048 2221//2049 
f 2279//2107 2221//2049 2222//2050 
f 2280//2108 2222//2050 2223//2051 
f 2281//2109 2223//2051 2224//2052 
f 2282//2110 2224//2052 2225//2053 
f 2283//2111 2225//2053 2226//2054 
f 2284//2112 2226//2054 2227//2055 
f 2285//2113 2227//2055 2228//2056 
f 2286//2114 2228//2056 2229//2057 
f 2287//2115 2229//2057 2230//2058 
f 2288//2116 2230//2058 2231//2059 
f 2289//2117 2231//2059 2232//2060 
f 2290//2118 2232//2060 2233//2061 
f 2291//2119 2233//2061 2234//2062 
f 2292//2120 2234//2062 2235//2063 
f 2293//2121 2235//2063 2236//2064 
f 2294//2122 2236//2064 2237//2065 
f 2295//2123 2237//2065 2238//2066 
f 2296//2124 2238//2066 2239//2067 
f 2297//2125 2239//2067 2240//2068 
f 2298//2126 2240//2068 2241//2069 
f 2299//2127 2241//2069 2242//2070 
f 2300//2128 2242//2070 2243//2071 
f 2301//2129 2243//2071 2244//2072 
f 2302//2130 2244//2072 2245//2073 
f 2303//2131 2245//2073 2246//2074 
f 2304//2132 2246//2074 2247//2075 
f 2305//2133 2247//2075 2248//2076 
f 2306//2134 2248//2076 2249//2077 
f 2307//2135 2249//2077 2250//2078 
f 2308//2136 2250//2078 2251//2079 
f 2309//2137 2251//2079 2252//2080 
f 2310//2138 2252//2080 2253//2081 
f 2311//2139 2253//2081 2254//2082 
f 2312//2140 2254//2082 2255//2083 
f 2313//2141 2255//2083 2256//2084 
f 2314//2142 2256//2084 2257//2085 
f 2315//2143 2257//2085 2258//2086 
f 2316//2144 2258//2086 2259//2087 
f 2317//2145 2259//2087 2260//2088 
f 2318//2146 2260//2088 2261//2089 
f 2319//2147 2261//2089 2262//2090 
f 2320//2148 2262//2090 2205//2033 
f 2321//2149 2263//2091 2264//2092 
f 2322//2150 2264//2092 2265//2093 
f 2323//2151 2265//2093 2266//2094 
f 2324//2152 2266//2094 2267//2095 
f 2325//2153 2267//2095 2268//2096 
f 2326//2154 2268//2096 2269//2097 
f 2327//2155 2269//2097 2270//2098 
f 2328//2156 2270//2098 2271//2099 
f 2329//2157 2271//2099 2272//2100 
f 2330//2158 2272//2100 2273//2101 
f 2331//2159 2273//2101 2274//2102 
f 2332//2160 2274//2102 2275//2103 
f 2333//2161 2275//2103 2276//2104 
f 2334//2162 2276//2104 2277//2105 
f 2335//2163 2277//2105 2278//2106 
f 2336//2164 2278//2106 2279//2107 
f 2337//2165 2279//2107 2280//2108 
f 2338//2166 2280//2108 2281//2109 
f 2339//2167 2281//2109 2282//2110 
f 2340//2168 2282//2110 2283//2111 
f 2341//2169 2283//2111 2284//2112 
f 2342//2170 2284//2112 2285//2113 
f 2343//2171 2285//2113 2286//2114 
f 2344//2172 2286//2114 2287//2115 
f 2345//2173 2287//2115 2288//2116 
f 2346//2174 2288//2116 2289//2117 
f 2347//2175 2289//2117 2290//2118 
f 2348//2176 2290//2118 2291//2119 
f 2349//2177 2291//2119 2292//2120 
f 2350//2178 2292//2120 2293//2121 
f 2351//2179 2293//2121 2294//2122 
f 2352//2180 2294//2122 2295//2123 
f 2353//2181 2295//2123 2296//2124 
f 2354//2182 2296//2124 2297//2125 
f 2355//2183 2297//2125 2298//2126 
f 2356//2184 2298//2126 2299//2127 
f 2357//2185 2299//2127 2300//2128 
f 2358//2186 2300//2128 2301//2129 
f 2359//2187 2301//2129 2302//2130 
f 2360//2188 2302//2130 2303//2131 
f 2361//2189 2303//2131 2304//2132 
f 2362//2190 2304//2132 2305//2133 
f 2363//2191 2305//2133 2306//2134 
f 2364//2192 2306//2134 2307//2135 
f 2365//2193 2307//2135 2308//2136 
f 2366//2194 2308//2136 2309//2137 
f 2367//2195 2309//2137 2310//2138 
f 2368//2196 2310//2138 2311//2139 
f 2369//2197 2311//2139 2312//2140 
f 2370//2198 2312//2140 2313//2141 
f 2371//2199 2313//2141 2314//2142 
f 2372//2200 2314//2142 2315//2143 
f 2373//2201 2315//2143 2316//2144 
f 2374//2202 2316//2144 2317//2145 
f 2375//2203 2317//2145 2318//2146 
f 2376//2204 2318//2146 2319//2147 
f 2377//2205 2319//2147 2320//2148 
f 2378//2206 2320//2148 2263//2091 
f 2379//2207 2321//2149 2322//2150 
f 2380//2208 2322//2150 2323//2151 
f 2381//2209 2323//2151 2324//2152 
f 2382//2210 2324//2152 2325//2153 
f 2383//2211 2325//2153 2326//2154 
f 2384//2212 2326//2154 2327//2155 
f 2385//2213 2327//2155 2328//2156 
f 2386//2214 2328//2156 2329//2157 
f 2387//2215 2329//2157 2330//2158 
f 2388//2216 2330//2158 2331//2159 
f 2389//2217 2331//2159 2332//2160 
f 2390//2218 2332//2160 2333//2161 
f 2391//2219 2333//2161 2334//2162 
f 2392//2220 2334//2162 2335//2163 
f 2393//2221 2335//2163 2336//2164 
f 2394//2222 2336//2164 2337//2165 
f 2395//2223 2337//2165 2338//2166 
f 2396//2224 2338//2166 2339//2167 
f 2397//2225 2339//2167 2340//2168 
f 2398//2226 2340//2168 2341//2169 
f 2399//2227 2341//2169 2342//2170 
f 2400//2228 2342//2170 2343//2171 
f 2401//2229 2343//2171 2344//2172 
f 2402//2230 2344//2172 2345//2173 
f 2403//2231 2345//2173 2346//2174 
f 2404//2232 2346//2174 2347//2175 
f 2405//2233 2347//2175 2348//2176 
f 2406//2234 2348//2176 2349//2177 
f 2407//2235 2349//2177 2350//2178 
f 2408//2236 2350//2178 2351//2179 
f 2409//2237 2351//2179 2352//2180 
f 2410//2238 2352//2180 2353//2181 
f 2411//2239 2353//2181 2354//2182 
f 2412//2240 2354//2182 2355//2183 
f 2413//2241 2355//2183 2356//2184 
f 2414//2242 2356//2184 2357//2185 
f 2415//2243 2357//2185 2358//2186 
f 2416//2244 2358//2186 2359//2187 
f 2417//2245 2359//2187 2360//2188 
f 2418//2246 2360//2188 2361//2189 
f 2419//2247 2361//2189 2362//2190 
f 2420//2248 2362//2190 2363//2191 
f 2421//2249 2363//2191 2364//2192 
f 2422//2250 2364//2192 2365//2193 
f 2423//2251 2365//2193 2366//2194 
f 2424//2252 2366//2194 2367//2195 
f 2425//2253 2367//2195 2368//2196 
f 2426//2254 2368//2196 2369//2197 
f 2427//2255 2369//2197 2370//2198 
f 2428//2256 2370//2198 2371//2199 
f 2429//2257 2371//2199 2372//2200 
f 2430//2258 2372//2200 2373//2201 
f 2431//2259 2373//2201 2374//2202 
f 2432//2260 2374//2202 2375//2203 
f 2433//2261 2375//2203 2376//2204 
f 2434//2262 2376//2204 2377//2205 
f 2435//2263 2377//2205 2378//2206 
f 2436//2264 2378//2206 2321//2149 
f 2437//2265 2379//2207 2380//2208 
f 2438//2266 2380//2208 2381//2209 
f 2439//2267 2381//2209 2382//2210 
f 2440//2268 2382//2210 2383//2211 
f 2441//2269 2383//2211 2384//2212 
f 2442//2270 2384//2212 2385//2213 
f 2443//2271 2385//2213 2386//2214 
f 2444//2272 2386//2214 2387//2215 
f 2445//2273 2387//2215 2388//2216 
f 2446//2274 2388//2216 2389//2217 
f 2447//2275 2389//2217 2390//2218 
f 2448//2276 2390//2218 2391//2219 
f 2449//2277 2391//2219 2392//2220 
f 2450//2278 2392//2220 2393//2221 
f 2451//2279 2393//2221 2394//2222 
f 2452//2280 2394//2222 2395//2223 
f 2453//2281 2395//2223 2396//2224 
f 2454//2282 2396//2224 2397//2225 
f 2455//2283 2397//2225 2398//2226 
f 2456//2284 2398//2226 2399//2227 
f 2457//2285 2399//2227 2400//2228 
f 2458//2286 2400//2228 2401//2229 
f 2459//2287 2401//2229 2402//2230 
f 2460//2288 2402//2230 2403//2231 
f 2461//2289 2403//2231 2404//2232 
f 2462//2290 2404//2232 2405//2233 
f 2463//2291 2405//2233 2406//2234 
f 2464//2292 2406//2234 2407//2235 
f 2465//2293 2407//2235 2408//2236 
f 2466//2294 2408//2236 2409//2237 
f 2467//2295 2409//2237 2410//2238 
f 2468//2296 2410//2238 2411//2239 
f 2469//2297 2411//2239 2412//2240 
f 2470//2298 2412//2240 2413//2241 
f 2471//2299 2413//2241 2414//2242 
f 2472//2300 2414//2242 2415//2243 
f 2473//2301 2415//2243 2416//2244 
f 2474//2302 2416//2244 2417//2245 
f 2475//2303 2417//2245 2418//2246 
f 2476//2304 2418//2246 2419//2247 
f 2477//2305 2419//2247 2420//2248 
f 2478//2306 2420//2248 2421//2249 
f 2479//2307 2421//2249 2422//2250 
f 2480//2308 2422//2250 2423//2251 
f 2481//2309 2423//2251 2424//2252 
f 2482//2310 2424//2252 2425//2253 
f 2483//2311 2425//2253 2426//2254 
f 2484//2312 2426//2254 2427//2255 
f 2485//2313 2427//2255 2428//2256 
f 2486//2314 2428//2256 2429//2257 
f 2487//2315 2429//2257 2430//2258 
f 2488//2316 2430//2258 2431//2259 
f 2489//2317 2431//2259 2432//2260 
f 2490//2318 2432//2260 2433//2261 
f 2491//2319 2433//2261 2434//2262 
f 2492//2320 2434//2262 2435//2263 
f 2493//2321 2435//2263 2436//2264 
f 2494//2322 2436//2264 2379//2207 
f 2495//2323 2437//2265 2438//2266 
f 2496//2324 2438//2266 2439//2267 
f 2497//2325 2439//2267 2440//2268 
f 2498//2326 2440//2268 2441//2269 
f 2499//2327 2441//2269 2442//2270 
f 2500//2328 2442//2270 2443//2271 
f 2501//2329 2443//2271 2444//2272 
f 2502//2330 2444//2272 2445//2273 
f 2503//2331 2445//2273 2446//2274 
f 2504//2332 2446//2274 2447//2275 
f 2505//2333 2447//2275 2448//2276 
f 2506//2334 2448//2276 2449//2277 
f 2507//2335 2449//2277 2450//2278 
f 2508//2336 2450//2278 2451//2279 
f 2509//2337 2451//2279 2452//2280 
f 2510//2338 2452//2280 2453//2281 
f 2511//2339 2453//2281 2454//2282 
f 2512//2340 2454//2282 2455//2283 
f 2513//2341 2455//2283 2456//2284 
f 2514//2342 2456//2284 2457//2285 
f 2515//2343 2457//2285 2458//2286 
f 2516//2344 2458//2286 2459//2287 
f 2517//2345 2459//2287 2460//2288 
f 2518//2346 2460//2288 2461//2289 
f 2519//2347 2461//2289 2462//2290 
f 2520//2348 2462//2290 2463//2291 
f 2521//2349 2463//2291 2464//2292 
f 2522//2350 2464//2292 2465//2293 
f 2523//2351 2465//2293 2466//2294 
f 2524//2352 2466//2294 2467//2295 
f 2525//2353 2467//2295 2468//2296 
f 2526//2354 2468//2296 2469//2297 
f 2527//2355 2469//2297 2470//2298 
f 2528//2356 2470//2298 2471//2299 
f 2529//2357 2471//2299 2472//2300 
f 2530//2358 2472//2300 2473//2301 
f 2531//2359 2473//2301 2474//2302 
f 2532//2360 2474//2302 2475//2303 
f 2533//2361 2475//2303 2476//2304 
f 2534//2362 2476//2304 2477//2305 
f 2535//2363 2477//2305 2478//2306 
f 2536//2364 2478//2306 2479//2307 
f 2537//2365 2479//2307 2480//2308 
f 2538//2366 2480//2308 2481//2309 
f 2539//2367 2481//2309 2482//2310 
f 2540//2368 2482//2310 2483//2311 
f 2541//2369 2483//2311 2484//2312 
f 2542//2370 2484//2312 2485//2313 
f 2543//2371 2485//2313 2486//2314 
f 2544//2372 2486//2314 2487//2315 
f 2545//2373 2487//2315 2488//2316 
f 2546//2374 2488//2316 2489//2317 
f 2547//2375 2489//2317 2490//2318 
f 2548//2376 2490//2318 2491//2319 
f 2549//2377 2491//2319 2492//2320 
f 2550//2378 2492//2320 2493//2321 
f 2551//2379 2493//2321 2494//2322 
f 2552//2380 2494//2322 2437//2265 
f 2553//2381 2495//2323 2496//2324 
f 2554//2382 2496//2324 2497//2325 
f 2555//2383 2497//2325 2498//2326 
f 2556//2384 2498//2326 2499//2327 
f 2557//2385 2499//2327 2500//2328 
f 2558//2386 2500//2328 2501//2329 
f 2559//2387 2501//2329 2502//2330 
f 2560//2388 2502//2330 2503//2331 
f 2561//2389 2503//2331 2504//2332 
f 2562//2390 2504//2332 2505//2333 
f 2563//2391 2505//2333 2506//2334 
f 2564//2392 2506//2334 2507//2335 
f 2565//2393 2507//2335 2508//2336 
f 2566//2394 2508//2336 2509//2337 
f 2567//2395 2509//2337 2510//2338 
f 2568//2396 2510//2338 2511//2339 
f 2569//2397 2511//2339 2512//2340 
f 2570//2398 2512//2340 2513//2341 
f 2571//2399 2513//2341 2514//2342 
f 2572//2400 2514//2342 2515//2343 
f 2573//2401 2515//2343 2516//2344 
f 2574//2402 2516//2344 2517//2345 
f 2575//2403 2517//2345 2518//2346 
f 2576//2404 2518//2346 2519//2347 
f 2577//2405 2519//2347 2520//2348 
f 2578//2406 2520//2348 2521//2349 
f 2579//2407 2521//2349 2522//2350 
f 2580//2408 2522//2350 2523//2351 
f 2581//2409 2523//2351 2524//2352 
f 2582//2410 2524//2352 2525//2353 
f 2583//2411 2525//2353 2526//2354 
f 2584//2412 2526//2354 2527//2355 
f 2585//2413 2527//2355 2528//2356 
f 2586//2414 2528//2356 2529//2357 
f 2587//2415 2529//2357 2530//2358 
f 2588//2416 2530//2358 2531//2359 
f 2589//2417 2531//2359 2532//2360 
f 2590//2418 2532//2360 2533//2361 
f 2591//2419 2533//2361 2534//2362 
f 2592//2420 2534//2362 2535//2363 
f 2593//2421 2535//2363 2536//2364 
f 2594//2422 2536//2364 2537//2365 
f 2595//2423 2537//2365 2538//2366 
f 2596//2424 2538//2366 2539//2367 
f 2597//2425 2539//2367 2540//2368 
f 2598//2426 2540//2368 2541//2369 
f 2599//2427 2541//2369 2542//2370 
f 2600//2428 2542//2370 2543//2371 
f 2601//2429 2543//2371 2544//2372 
f 2602//2430 2544//2372 2545//2373 
f 2603//2431 2545//2373 2546//2374 
f 2604//2432 2546//2374 2547//2375 
f 2605//2433 2547//2375 2548//2376 
f 2606//2434 2548//2376 2549//2377 
f 2607//2435 2549//2377 2550//2378 
f 2608//2436 2550//2378 2551//2379 
f 2609//2437 2551//2379 2552//2380 
f 2610//2438 2552//2380 2495//2323 
f 2611//2439 2553//2381 2554//2382 
f 2612//2440 2554//2382 2555//2383 
f 2613//2441 2555//2383 2556//2384 
f 2614//2442 2556//2384 2557//2385 
f 2615//2443 2557//2385 2558//2386 
f 2616//2444 2558//2386 2559//2387 
f 2617//2445 2559//2387 2560//2388 
f 2618//2446 2560//2388 2561//2389 
f 2619//2447 2561//2389 2562//2390 
f 2620//2448 2562//2390 2563//2391 
f 2621//2449 2563//2391 2564//2392 
f 2622//2450 2564//2392 2565//2393 
f 2623//2451 2565//2393 2566//2394 
f 2624//2452 2566//2394 2567//2395 
f 2625//2453 2567//2395 2568//2396 
f 2626//2454 2568//2396 2569//2397 
f 2627//2455 2569//2397 2570//2398 
f 2628//2456 2570//2398 2571//2399 
f 2629//2457 2571//2399 2572//2400 
f 2630//2458 2572//2400 2573//2401 
f 2631//2459 2573//2401 2574//2402 
f 2632//2460 2574//2402 2575//2403 
f 2633//2461 2575//2403 2576//2404 
f 2634//2462 2576//2404 2577//2405 
f 2635//2463 2577//2405 2578//2406 
f 2636//2464 2578//2406 2579//2407 
f 2637//2465 2579//2407 2580//2408 
f 2638//2466 2580//2408 2581//2409 
f 2639//2467 2581//2409 2582//2410 
f 2640//2468 2582//2410 2583//2411 
f 2641//2469 2583//2411 2584//2412 
f 2642//2470 2584//2412 2585//2413 
f 2643//2471 2585//2413 2586//2414 
f 2644//2472 2586//2414 2587//2415 
f 2645//2473 2587//2415 2588//2416 
f 2646//2474 2588//2416 2589//2417 
f 2647//2475 2589//2417 2590//2418 
f 2648//2476 2590//2418 2591//2419 
f 2649//2477 2591//2419 2592//2420 
f 2650//2478 2592//2420 2593//2421 
f 2651//2479 2593//2421 2594//2422 
f 2652//2480 2594//2422 2595//2423 
f 2653//2481 2595//2423 2596//2424 
f 2654//2482 2596//2424 2597//2425 
f 2655//2483 2597//2425 2598//2426 
f 2656//2484 2598//2426 2599//2427 
f 2657//2485 2599//2427 2600//2428 
f 2658//2486 2600//2428 2601//2429 
f 2659//2487 2601//2429 2602//2430 
f 2660//2488 2602//2430 2603//2431 
f 2661//2489 2603//2431 2604//2432 
f 2662//2490 2604//2432 2605//2433 
f 2663//2491 2605//2433 2606//2434 
f 2664//2492 2606//2434 2607//2435 
f 2665//2493 2607//2435 2608//2436 
f 2666//2494 2608//2436 2609//2437 
f 2667//2495 2609//2437 2610//2438 
f 2668//2496 2610//2438 2553//2381 
f 2669//2497 2611//2439 2612//2440 
f 2670//2498 2612//2440 2613//2441 
f 2671//2499 2613//2441 2614//2442 
f 2672//2500 2614//2442 2615//2443 
f 2673//2501 2615//2443 2616//2444 
f 2674//2502 2616//2444 2617//2445 
f 2675//2503 2617//2445 2618//2446 
f 2676//2504 2618//2446 2619//2447 
f 2677//2505 2619//2447 2620//2448 
f 2678//2506 2620//2448 2621//2449 
f 2679//2507 2621//2449 2622//2450 
f 2680//2508 2622//2450 2623//2451 
f 2681//2509 2623//2451 2624//2452 
f 2682//2510 2624//2452 2625//2453 
f 2683//2511 2625//2453 2626//2454 
f 2684//2512 2626//2454 2627//2455 
f 2685//2513 2627//2455 2628//2456 
f 2686//2514 2628//2456 2629//2457 
f 2687//2515 2629//2457 2630//2458 
f 2688//2516 2630//2458 2631//2459 
f 2689//2517 2631//2459 2632//2460 
f 2690//2518 2632//2460 2633//2461 
f 2691//2519 2633//2461 2634//2462 
f 2692//2520 2634//2462 2635//2463 
f 2693//2521 2635//2463 2636//2464 
f 2694//2522 2636//2464 2637//2465 
f 2695//2523 2637//2465 2638//2466 
f 2696//2524 2638//2466 2639//2467 
f 2697//2525 2639//2467 2640//2468 
f 2698//2526 2640//2468 2641//2469 
f 2699//2527 2641//2469 2642//2470 
f 2700//2528 2642//2470 2643//2471 
f 2701//2529 2643//2471 2644//2472 
f 2702//2530 2644//2472 2645//2473 
f 2703//2531 2645//2473 2646//2474 
f 2704//2532 2646//2474 2647//2475 
f 2705//2533 2647//2475 2648//2476 
f 2706//2534 2648//2476 2649//2477 
f 2707//2535 2649//2477 2650//2478 
f 2708//2536 2650//2478 2651//2479 
f 2709//2537 2651//2479 2652//2480 
f 2710//2538 2652//2480 2653//2481 
f 2711//2539 2653//2481 2654//2482 
f 2712//2540 2654//2482 2655//2483 
f 2713//2541 2655//2483 2656//2484 
f 2714//2542 2656//2484 2657//2485 
f 2715//2543 2657//2485 2658//2486 
f 2716//2544 2658//2486 2659//2487 
f 2717//2545 2659//2487 2660//2488 
f 2718//2546 2660//2488 2661//2489 
f 2719//2547 2661//2489 2662//2490 
f 2720//2548 2662//2490 2663//2491 
f 2721//2549 2663//2491 2664//2492 
f 2722//2550 2664//2492 2665//2493 
f 2723//2551 2665//2493 2666//2494 
f 2724//2552 2666//2494 2667//2495 
f 2725//2553 2667//2495 2668//2496 
f 2726//2554 2668//2496 2611//2439 
f 2727//2555 2669//2497 2670//2498 
f 2728//2556 2670//2498 2671//2499 
f 2729//2557 2671//2499 2672//2500 
f 2730//2558 2672//2500 2673//2501 
f 2731//2559 2673//2501 2674//2502 
f 2732//2560 2674//2502 2675//2503 
f 2733//2561 2675//2503 2676//2504 
f 2734//2562 2676//2504 2677//2505 
f 2735//2563 2677//2505 2678//2506 
f 2736//2564 2678//2506 2679//2507 
f 2737//2565 2679//2507 2680//2508 
f 2738//2566 2680//2508 2681//2509 
f 2739//2567 2681//2509 2682//2510 
f 2740//2568 2682//2510 2683//2511 
f 2741//2569 2683//2511 2684//2512 
f 2742//2570 2684//2512 2685//2513 
f 2743//2571 2685//2513 2686//2514 
f 2744//2572 2686//2514 2687//2515 
f 2745//2573 2687//2515 2688//2516 
f 2746//2574 2688//2516 2689//2517 
f 2747//2575 2689//2517 2690//2518 
f 2748//2576 2690//2518 2691//2519 
f 2749//2577 2691//2519 2692//2520 
f 2750//2578 2692//2520 2693//2521 
f 2751//2579 2693//2521 2694//2522 
f 2752//2580 2694//2522 2695//2523 
f 2753//2581 2695//2523 2696//2524 
f 2754//2582 2696//2524 2697//2525 
f 2755//2583 2697//2525 2698//2526 
f 2756//2584 2698//2526 2699//2527 
f 2757//2585 2699//2527 2700//2528 
f 2758//2586 2700//2528 2701//2529 
f 2759//2587 2701//2529 2702//2530 
f 2760//2588 2702//2530 2703//2531 
f 2761//2589 2703//2531 2704//2532 
f 2762//2590 2704//2532 2705//2533 
f 2763//2591 2705//2533 2706//2534 
f 2764//2592 2706//2534 2707//2535 
f 2765//2593 2707//2535 2708//2536 
f 2766//2594 2708//2536 2709//2537 
f 2767//2595 2709//2537 2710//2538 
f 2768//2596 2710//2538 2711//2539 
f 2769//2597 2711//2539 2712//2540 
f 2770//2598 2712//2540 2713//2541 
f 2771//2599 2713//2541 2714//2542 
f 2772//2600 2714//2542 2715//2543 
f 2773//2601 2715//2543 2716//2544 
f 2774//2602 2716//2544 2717//2545 
f 2775//2603 2717//2545 2718//2546 
f 2776//2604 2718//2546 2719//2547 
f 2777//2605 2719//2547 2720//2548 
f 2778//2606 2720//2548 2721//2549 
f 2779//2607 2721//2549 2722//2550 
f 2780//2608 2722//2550 2723//2551 
f 2781//2609 2723//2551 2724//2552 
f 2782//2610 2724//2552 2725//2553 
f 2783//2611 2725//2553 2726//2554 
f 2784//2612 2726//2554 2669//2497 
f 2785//2613 2727//2555 2728//2556 
f 2786//2614 2728//2556 2729//2557 
f 2787//2615 2729//2557 2730//2558 
f 2788//2616 2730//2558 2731//2559 
f 2789//2617 2731//2559 2732//2560 
f 2790//2618 2732//2560 2733//2561 
f 2791//2619 2733//2561 2734//2562 
f 2792//2620 2734//2562 2735//2563 
f 2793//2621 2735//2563 2736//2564 
f 2794//2622 2736//2564 2737//2565 
f 2795//2623 2737//2565 2738//2566 
f 2796//2624 2738//2566 2739//2567 
f 2797//2625 2739//2567 2740//2568 
f 2798//2626 2740//2568 2741//2569 
f 2799//2627 2741//2569 2742//2570 
f 2800//2628 2742//2570 2743//2571 
f 2801//2629 2743//2571 2744//2572 
f 2802//2630 2744//2572 2745//2573 
f 2803//2631 2745//2573 2746//2574 
f 2804//2632 2746//2574 2747//2575 
f 2805//2633 2747//2575 2748//2576 
f 2806//2634 2748//2576 2749//2577 
f 2807//2635 2749//2577 2750//2578 
f 2808//2636 2750//2578 2751//2579 
f 2809//2637 2751//2579 2752//2580 
f 2810//2638 2752//2580 2753//2581 
f 2811//2639 2753//2581 2754//2582 
f 2812//2640 2754//2582 2755//2583 
f 2813//2641 2755//2583 2756//2584 
f 2814//2642 2756//2584 2757//2585 
f 2815//2643 2757//2585 2758//2586 
f 2816//2644 2758//2586 2759//2587 
f 2817//2645 2759//2587 2760//2588 
f 2818//2646 2760//2588 2761//2589 
f 2819//2647 2761//2589 2762//2590 
f 2820//2648 2762//2590 2763//2591 
f 2821//2649 2763//2591 2764//2592 
f 2822//2650 2764//2592 2765//2593 
f 2823//2651 2765//2593 2766//2594 
f 2824//2652 2766//2594 2767//2595 
f 2825//2653 2767//2595 2768//2596 
f 2826//2654 2768//2596 2769//2597 
f 2827//2655 2769//2597 2770//2598 
f 2828//2656 2770//2598 2771//2599 
f 2829//2657 2771//2599 2772//2600 
f 2830//2658 2772//2600 2773//2601 
f 2831//2659 2773//2601 2774//2602 
f 2832//2660 2774//2602 2775//2603 
f 2833//2661 2775//2603 2776//2604 
f 2834//2662 2776//2604 2777//2605 
f 2835//2663 2777//2605 2778//2606 
f 2836//2664 2778//2606 2779//2607 
f 2837//2665 2779//2607 2780//2608 
f 2838//2666 2780//2608 2781//2609 
f 2839//2667 2781//2609 2782//2610 
f 2840//2668 2782//2610 2783//2611 
f 2841//2669 2783//2611 2784//2612 
f 2842//2670 2784//2612 2727//2555 
f 1973//2671 2785//2613 2786//2614 
f 1974//2672 2786//2614 2787//2615 
f 1975//2673 2787//2615 2788//2616 
f 1976//2674 2788//2616 2789//2617 
f 1977//2675 2789//2617 2790//2618 
f 1978//2676 2790//2618 2791//2619 
f 1979//2677 2791//2619 2792//2620 
f 1980//2678 2792//2620 2793//2621 
f 1981//2679 2793//2621 2794//2622 
f 1982//2680 2794//2622 2795//2623 
f 1983//2681 2795//2623 2796//2624 
f 1984//2682 2796//2624 2797//2625 
f 1985//2683 2797//2625 2798//2626 
f 1986//2684 2798//2626 2799//2627 
f 1987//2685 2799//2627 2800//2628 
f 1988//2686 2800//2628 2801//2629 
f 1989//2687 2801//2629 2802//2630 
f 1990//2688 2802//2630 2803//2631 
f 1991//2689 2803//2631 2804//2632 
f 1992//2690 2804//2632 2805//2633 
f 1993//2691 2805//2633 2806//2634 
f 1994//2692 2806//2634 2807//2635 
f 1995//2693 2807//2635 2808//2636 
f 1996//2694 2808//2636 2809//2637 
f 1997//2695 2809//2637 2810//2638 
f 1998//2696 2810//2638 2811//2639 
f 1999//2697 2811//2639 2812//2640 
f 2000//2698 2812//2640 2813//2641 
f 2001//2699 2813//2641 2814//2642 
f 2002//2700 2814//2642 2815//2643 
f 2003//2701 2815//2643 2816//2644 
f 2004//2702 2816//2644 2817//2645 
f 2005//2703 2817//2645 2818//2646 
f 2006//2704 2818//2646 2819//2647 
f 2007//2705 2819//2647 2820//2648 
f 2008//2706 2820//2648 2821//2649 
f 2009//2707 2821//2649 2822//2650 
f 2010//2708 2822//2650 2823//2651 
f 2011//2709 2823//2651 2824//2652 
f 2012//2710 2824//2652 2825//2653 
f 2013//2711 2825//2653 2826//2654 
f 2014//2712 2826//2654 2827//2655 
f 2015//2713 2827//2655 2828//2656 
f 2016//2714 2828//2656 2829//2657 
f 2017//2715 2829//2657 2830//2658 
f 2018//2716 2830//2658 2831//2659 
f 2019//2717 2831//2659 2832//2660 
f 2020//2718 2832//2660 2833//2661 
f 2021//2719 2833//2661 2834//2662 
f 2022//2720 2834//2662 2835//2663 
f 2023//2721 2835//2663 2836//2664 
f 2024//2722 2836//2664 2837//2665 
f 2025//2723 2837//2665 2838//2666 
f 2026//2724 2838//2666 2839//2667 
f 2027//2725 2839//2667 2840//2668 
f 2028//2726 2840//2668 2841//2669 
f 2029//2727 2841//2669 2842//2670 
f 2030//2728 2842//2670 2785//2613 
f 2785//2613 1973//2671 2030//2728 
f 2842//2670 2030//2728 2029//2727 
f 2841//2669 2029//2727 2028//2726 
f 2840//2668 2028//2726 2027//2725 
f 2839//2667 2027//2725 2026//2724 
f 2838//2666 2026//2724 2025//2723 
f 2837//2665 2025//2723 2024//2722 
f 2836//2664 2024//2722 2023//2721 
f 2835//2663 2023//2721 2022//2720 
f 2834//2662 2022//2720 2021//2719 
f 2833//2661 2021//2719 2020//2718 
f 2832//2660 2020//2718 2019//2717 
f 2831//2659 2019//2717 2018//2716 
f 2830//2658 2018//2716 2017//2715 
f 2829//2657 2017//2715 2016//2714 
f 2828//2656 2016//2714 2015//2713 
f 2827//2655 2015//2713 2014//2712 
f 2826//2654 2014//2712 2013//2711 
f 2825//2653 2013//2711 2012//2710 
f 2824//2652 2012//2710 2011//2709 
f 2823//2651 2011//2709 2010//2708 
f 2822//2650 2010//2708 2009//2707 
f 2821//2649 2009//2707 2008//2706 
f 2820//2648 2008//2706 2007//2705 
f 2819//2647 2007//2705 2006//2704 
f 2818//2646 2006//2704 2005//2703 
f 2817//2645 2005//2703 2004//2702 
f 2816//2644 2004//2702 2003//2701 
f 2815//2643 2003//2701 2002//2700 
f 2814//2642 2002//2700 2001//2699 
f 2813//2641 2001//2699 2000//2698 
f 2812//2640 2000//2698 1999//2697 
f 2811//2639 1999//2697 1998//2696 
f 2810//2638 1998//2696 1997//2695 
f 2809//2637 1997//2695 1996//2694 
f 2808//2636 1996//2694 1995//2693 
f 2807//2635 1995//2693 1994//2692 
f 2806//2634 1994//2692 1993//2691 
f 2805//2633 1993//2691 1992//2690 
f 2804//2632 1992//2690 1991//2689 
f 2803//2631 1991//2689 1990//2688 
f 2802//2630 1990//2688 1989//2687 
f 2801//2629 1989//2687 1988//2686 
f 2800//2628 1988//2686 1987//2685 
f 2799//2627 1987//2685 1986//2684 
f 2798//2626 1986//2684 1985//2683 
f 2797//2625 1985//2683 1984//2682 
f 2796//2624 1984//2682 1983//2681 
f 2795//2623 1983//2681 1982//2680 
f 2794//2622 1982//2680 1981//2679 
f 2793//2621 1981//2679 1980//2678 
f 2792//2620 1980//2678 1979//2677 
f 2791//2619 1979//2677 1978//2676 
f 2790//2618 1978//2676 1977//2675 
f 2789//2617 1977//2675 1976//2674 
f 2788//2616 1976//2674 1975//2673 
f 2787//2615 1975//2673 1974//2672 
f 2786//2614 1974//2672 1973//2671 
f 2727//2555 2785//2613 2842//2670 
f 2784//2612 2842//2670 2841//2669 
f 2783//2611 2841//2669 2840//2668 
f 2782//2610 2840//2668 2839//2667 
f 2781//2609 2839//2667 2838//2666 
f 2780//2608 2838//2666 2837//2665 
f 2779//2607 2837//2665 2836//2664 
f 2778//2606 2836//2664 2835//2663 
f 2777//2605 2835//2663 2834//2662 
f 2776//2604 2834//2662 2833//2661 
f 2775//2603 2833//2661 2832//2660 
f 2774//2602 2832//2660 2831//2659 
f 2773//2601 2831//2659 2830//2658 
f 2772//2600 2830//2658 2829//2657 
f 2771//2599 2829//2657 2828//2656 
f 2770//2598 2828//2656 2827//2655 
f 2769//2597 2827//2655 2826//2654 
f 2768//2596 2826//2654 2825//2653 
f 2767//2595 2825//2653 2824//2652 
f 2766//2594 2824//2652 2823//2651 
f 2765//2593 2823//2651 2822//2650 
f 2764//2592 2822//2650 2821//2649 
f 2763//2591 2821//2649 2820//2648 
f 2762//2590 2820//2648 2819//2647 
f 2761//2589 2819//2647 2818//2646 
f 2760//2588 2818//2646 2817//2645 
f 2759//2587 2817//2645 2816//2644 
f 2758//2586 2816//2644 2815//2643 
f 2757//2585 2815//2643 2814//2642 
f 2756//2584 2814//2642 2813//2641 
f 2755//2583 2813//2641 2812//2640 
f 2754//2582 2812//2640 2811//2639 
f 2753//2581 2811//2639 2810//2638 
f 2752//2580 2810//2638 2809//2637 
f 2751//2579 2809//2637 2808//2636 
f 2750//2578 2808//2636 2807//2635 
f 2749//2577 2807//2635 2806//2634 
f 2748//2576 2806//2634 2805//2633 
f 2747//2575 2805//2633 2804//2632 
f 2746//2574 2804//2632 2803//2631 
f 2745//2573 2803//2631 2802//2630 
f 2744//2572 2802//2630 2801//2629 
f 2743//2571 2801//2629 2800//2628 
f 2742//2570 2800//2628 2799//2627 
f 2741//2569 2799//2627 2798//2626 
f 2740//2568 2798//2626 2797//2625 
f 2739//2567 2797//2625 2796//2624 
f 2738//2566 2796//2624 2795//2623 
f 2737//2565 2795//2623 2794//2622 
f 2736//2564 2794//2622 2793//2621 
f 2735//2563 2793//2621 2792//2620 
f 2734//2562 2792//2620 2791//2619 
f 2733//2561 2791//2619 2790//2618 
f 2732//2560 2790//2618 2789//2617 
f 2731//2559 2789//2617 2788//2616 
f 2730//2558 2788//2616 2787//2615 
f 2729//2557 2787//2615 2786//2614 
f 2728//2556 2786//2614 2785//2613 
f 2669//2497 2727//2555 2784//2612 
f 2726//2554 2784//2612 2783//2611 
f 2725//2553 2783//2611 2782//2610 
f 2724//2552 2782//2610 2781//2609 
f 2723//2551 2781//2609 2780//2608 
f 2722//2550 2780//2608 2779//2607 
f 2721//2549 2779//2607 2778//2606 
f 2720//2548 2778//2606 2777//2605 
f 2719//2547 2777//2605 2776//2604 
f 2718//2546 2776//2604 2775//2603 
f 2717//2545 2775//2603 2774//2602 
f 2716//2544 2774//2602 2773//2601 
f 2715//2543 2773//2601 2772//2600 
f 2714//2542 2772//2600 2771//2599 
f 2713//2541 2771//2599 2770//2598 
f 2712//2540 2770//2598 2769//2597 
f 2711//2539 2769//2597 2768//2596 
f 2710//2538 2768//2596 2767//2595 
f 2709//2537 2767//2595 2766//2594 
f 2708//2536 2766//2594 2765//2593 
f 2707//2535 2765//2593 2764//2592 
f 2706//2534 2764//2592 2763//2591 
f 2705//2533 2763//2591 2762//2590 
f 2704//2532 2762//2590 2761//2589 
f 2703//2531 2761//2589 2760//2588 
f 2702//2530 2760//2588 2759//2587 
f 2701//2529 2759//2587 2758//2586 
f 2700//2528 2758//2586 2757//2585 
f 2699//2527 2757//2585 2756//2584 
f 2698//2526 2756//2584 2755//2583 
f 2697//2525 2755//2583 2754//2582 
f 2696//2524 2754//2582 2753//2581 
f 2695//2523 2753//2581 2752//2580 
f 2694//2522 2752//2580 2751//2579 
f 2693//2521 2751//2579 2750//2578 
f 2692//2520 2750//2578 2749//2577 
f 2691//2519 2749//2577 2748//2576 
f 2690//2518 2748//2576 2747//2575 
f 2689//2517 2747//2575 2746//2574 
f 2688//2516 2746//2574 2745//2573 
f 2687//2515 2745//2573 2744//2572 
f 2686//2514 2744//2572 2743//2571 
f 2685//2513 2743//2571 2742//2570 
f 2684//2512 2742//2570 2741//2569 
f 2683//2511 2741//2569 2740//2568 
f 2682//2510 2740//2568 2739//2567 
f 2681//2509 2739//2567 2738//2566 
f 2680//2508 2738//2566 2737//2565 
f 2679//2507 2737//2565 2736//2564 
f 2678//2506 2736//2564 2735//2563 
f 2677//2505 2735//2563 2734//2562 
f 2676//2504 2734//2562 2733//2561 
f 2675//2503 2733//2561 2732//2560 
f 2674//2502 2732//2560 2731//2559 
f 2673//2501 2731//2559 2730//2558 
f 2672//2500 2730//2558 2729//2557 
f 2671//2499 2729//2557 2728//2556 
f 2670//2498 2728//2556 2727//2555 
f 2611//2439 2669//2497 2726//2554 
f 2668//2496 2726//2554 2725//2553 
f 2667//2495 2725//2553 2724//2552 
f 2666//2494 2724//2552 2723//2551 
f 2665//2493 2723//2551 2722//2550 
f 2664//2492 2722//2550 2721//2549 
f 2663//2491 2721//2549 2720//2548 
f 2662//2490 2720//2548 2719//2547 
f 2661//2489 2719//2547 2718//2546 
f 2660//2488 2718//2546 2717//2545 
f 2659//2487 2717//2545 2716//2544 
f 2658//2486 2716//2544 2715//2543 
f 2657//2485 2715//2543 2714//2542 
f 2656//2484 2714//2542 2713//2541 
f 2655//2483 2713//2541 2712//2540 
f 2654//2482 2712//2540 2711//2539 
f 2653//2481 2711//2539 2710//2538 
f 2652//2480 2710//2538 2709//2537 
f 2651//2479 2709//2537 2708//2536 
f 2650//2478 2708//2536 2707//2535 
f 2649//2477 2707//2535 2706//2534 
f 2648//2476 2706//2534 2705//2533 
f 2647//2475 2705//2533 2704//2532 
f 2646//2474 2704//2532 2703//2531 
f 2645//2473 2703//2531 2702//2530 
f 2644//2472 2702//2530 2701//2529 
f 2643//2471 2701//2529 2700//2528 
f 2642//2470 2700//2528 2699//2527 
f 2641//2469 2699//2527 2698//2526 
f 2640//2468 2698//2526 2697//2525 
f 2639//2467 2697//2525 2696//2524 
f 2638//2466 2696//2524 2695//2523 
f 2637//2465 2695//2523 2694//2522 
f 2636//2464 2694//2522 2693//2521 
f 2635//2463 2693//2521 2692//2520 
f 2634//2462 2692//2520 2691//2519 
f 2633//2461 2691//2519 2690//2518 
f 2632//2460 2690//2518 2689//2517 
f 2631//2459 2689//2517 2688//2516 
f 2630//2458 2688//2516 2687//2515 
f 2629//2457 2687//2515 2686//2514 
f 2628//2456 2686//2514 2685//2513 
f 2627//2455 2685//2513 2684//2512 
f 2626//2454 2684//2512 2683//2511 
f 2625//2453 2683//2511 2682//2510 
f 2624//2452 2682//2510 2681//2509 
f 2623//2451 2681//2509 2680//2508 
f 2622//2450 2680//2508 2679//2507 
f 2621//2449 2679//2507 2678//2506 
f 2620//2448 2678//2506 2677//2505 
f 2619//2447 2677//2505 2676//2504 
f 2618//2446 2676//2504 2675//2503 
f 2617//2445 2675//2503 2674//2502 
f 2616//2444 2674//2502 2673//2501 
f 2615//2443 2673//2501 2672//2500 
f 2614//2442 2672//2500 2671//2499 
f 2613//2441 2671//2499 2670//2498 
f 2612//2440 2670//2498 2669//2497 
f 2553//2381 2611//2439 2668//2496 
f 2610//2438 2668//2496 2667//2495 
f 2609//2437 2667//2495 2666//2494 
f 2608//2436 2666//2494 2665//2493 
f 2607//2435 2665//2493 2664//2492 
f 2606//2434 2664//2492 2663//2491 
f 2605//2433 2663//2491 2662//2490 
f 2604//2432 2662//2490 2661//2489 
f 2603//2431 2661//2489 2660//2488 
f 2602//2430 2660//2488 2659//2487 
f 2601//2429 2659//2487 2658//2486 
f 2600//2428 2658//2486 2657//2485 
f 2599//2427 2657//2485 2656//2484 
f 2598//2426 2656//2484 2655//2483 
f 2597//2425 2655//2483 2654//2482 
f 2596//2424 2654//2482 2653//2481 
f 2595//2423 2653//2481 2652//2480 
f 2594//2422 2652//2480 2651//2479 
f 2593//2421 2651//2479 2650//2478 
f 2592//2420 2650//2478 2649//2477 
f 2591//2419 2649//2477 2648//2476 
f 2590//2418 2648//2476 2647//2475 
f 2589//2417 2647//2475 2646//2474 
f 2588//2416 2646//2474 2645//2473 
f 2587//2415 2645//2473 2644//2472 
f 2586//2414 2644//2472 2643//2471 
f 2585//2413 2643//2471 2642//2470 
f 2584//2412 2642//2470 2641//2469 
f 2583//2411 2641//2469 2640//2468 
f 2582//2410 2640//2468 2639//2467 
f 2581//2409 2639//2467 2638//2466 
f 2580//2408 2638//2466 2637//2465 
f 2579//2407 2637//2465 2636//2464 
f 2578//2406 2636//2464 2635//2463 
f 2577//2405 2635//2463 2634//2462 
f 2576//2404 2634//2462 2633//2461 
f 2575//2403 2633//2461 2632//2460 
f 2574//2402 2632//2460 2631//2459 
f 2573//2401 2631//2459 2630//2458 
f 2572//2400 2630//2458 2629//2457 
f 2571//2399 2629//2457 2628//2456 
f 2570//2398 2628//2456 2627//2455 
f 2569//2397 2627//2455 2626//2454 
f 2568//2396 2626//2454 2625//2453 
f 2567//2395 2625//2453 2624//2452 
f 2566//2394 2624//2452 2623//2451 
f 2565//2393 2623//2451 2622//2450 
f 2564//2392 2622//2450 2621//2449 
f 2563//2391 2621//2449 2620//2448 
f 2562//2390 2620//2448 2619//2447 
f 2561//2389 2619//2447 2618//2446 
f 2560//2388 2618//2446 2617//2445 
f 2559//2387 2617//2445 2616//2444 
f 2558//2386 2616//2444 2615//2443 
f 2557//2385 2615//2443 2614//2442 
f 2556//2384 2614//2442 2613//2441 
f 2555//2383 2613//2441 2612//2440 
f 2554//2382 2612//2440 2611//2439 
f 2495//2323 2553//2381 2610//2438 
f 2552//2380 2610//2438 2609//2437 
f 2551//2379 2609//2437 2608//2436 
f 2550//2378 2608//2436 2607//2435 
f 2549//2377 2607//2435 2606//2434 
f 2548//2376 2606//2434 2605//2433 
f 2547//2375 2605//2433 2604//2432 
f 2546//2374 2604//2432 2603//2431 
f 2545//2373 2603//2431 2602//2430 
f 2544//2372 2602//2430 2601//2429 
f 2543//2371 2601//2429 2600//2428 
f 2542//2370 2600//2428 2599//2427 
f 2541//2369 2599//2427 2598//2426 
f 2540//2368 2598//2426 2597//2425 
f 2539//2367 2597//2425 2596//2424 
f 2538//2366 2596//2424 2595//2423 
f 2537//2365 2595//2423 2594//2422 
f 2536//2364 2594//2422 2593//2421 
f 2535//2363 2593//2421 2592//2420 
f 2534//2362 2592//2420 2591//2419 
f 2533//2361 2591//2419 2590//2418 
f 2532//2360 2590//2418 2589//2417 
f 2531//2359 2589//2417 2588//2416 
f 2530//2358 2588//2416 2587//2415 
f 2529//2357 2587//2415 2586//2414 
f 2528//2356 2586//2414 2585//2413 
f 2527//2355 2585//2413 2584//2412 
f 2526//2354 2584//2412 2583//2411 
f 2525//2353 2583//2411 2582//2410 
f 2524//2352 2582//2410 2581//2409 
f 2523//2351 2581//2409 2580//2408 
f 2522//2350 2580//2408 2579//2407 
f 2521//2349 2579//2407 2578//2406 
f 2520//2348 2578//2406 2577//2405 
f 2519//2347 2577//2405 2576//2404 
f 2518//2346 2576//2404 2575//2403 
f 2517//2345 2575//2403 2574//2402 
f 2516//2344 2574//2402 2573//2401 
f 2515//2343 2573//2401 2572//2400 
f 2514//2342 2572//2400 2571//2399 
f 2513//2341 2571//2399 2570//2398 
f 2512//2340 2570//2398 2569//2397 
f 2511//2339 2569//2397 2568//2396 
f 2510//2338 2568//2396 2567//2395 
f 2509//2337 2567//2395 2566//2394 
f 2508//2336 2566//2394 2565//2393 
f 2507//2335 2565//2393 2564//2392 
f 2506//2334 2564//2392 2563//2391 
f 2505//2333 2563//2391 2562//2390 
f 2504//2332 2562//2390 2561//2389 
f 2503//2331 2561//2389 2560//2388 
f 2502//2330 2560//2388 2559//2387 
f 2501//2329 2559//2387 2558//2386 
f 2500//2328 2558//2386 2557//2385 
f 2499//2327 2557//2385 2556//2384 
f 2498//2326 2556//2384 2555//2383 
f 2497//2325 2555//2383 2554//2382 
f 2496//2324 2554//2382 2553//2381 
f 2437//2265 2495//2323 2552//2380 
f 2494//2322 2552//2380 2551//2379 
f 2493//2321 2551//2379 2550//2378 
f 2492//2320 2550//2378 2549//2377 
f 2491//2319 2549//2377 2548//2376 
f 2490//2318 2548//2376 2547//2375 
f 2489//2317 2547//2375 2546//2374 
f 2488//2316 2546//2374 2545//2373 
f 2487//2315 2545//2373 2544//2372 
f 2486//2314 2544//2372 2543//2371 
f 2485//2313 2543//2371 2542//2370 
f 2484//2312 2542//2370 2541//2369 
f 2483//2311 2541//2369 2540//2368 
f 2482//2310 2540//2368 2539//2367 
f 2481//2309 2539//2367 2538//2366 
f 2480//2308 2538//2366 2537//2365 
f 2479//2307 2537//2365 2536//2364 
f 2478//2306 2536//2364 2535//2363 
f 2477//2305 2535//2363 2534//2362 
f 2476//2304 2534//2362 2533//2361 
f 2475//2303 2533//2361 2532//2360 
f 2474//2302 2532//2360 2531//2359 
f 2473//2301 2531//2359 2530//2358 
f 2472//2300 2530//2358 2529//2357 
f 2471//2299 2529//2357 2528//2356 
f 2470//2298 2528//2356 2527//2355 
f 2469//2297 2527//2355 2526//2354 
f 2468//2296 2526//2354 2525//2353 
f 2467//2295 2525//2353 2524//2352 
f 2466//2294 2524//2352 2523//2351 
f 2465//2293 2523//2351 2522//2350 
f 2464//2292 2522//2350 2521//2349 
f 2463//2291 2521//2349 2520//2348 
f 2462//2290 2520//2348 2519//2347 
f 2461//2289 2519//2347 2518//2346 
f 2460//2288 2518//2346 2517//2345 
f 2459//2287 2517//2345 2516//2344 
f 2458//2286 2516//2344 2515//2343 
f 2457//2285 2515//2343 2514//2342 
f 2456//2284 2514//2342 2513//2341 
f 2455//2283 2513//2341 2512//2340 
f 2454//2282 2512//2340 2511//2339 
f 2453//2281 2511//2339 2510//2338 
f 2452//2280 2510//2338 2509//2337 
f 2451//2279 2509//2337 2508//2336 
f 2450//2278 2508//2336 2507//2335 
f 2449//2277 2507//2335 2506//2334 
f 2448//2276 2506//2334 2505//2333 
f 2447//2275 2505//2333 2504//2332 
f 2446//2274 2504//2332 2503//2331 
f 2445//2273 2503//2331 2502//2330 
f 2444//2272 2502//2330 2501//2329 
f 2443//2271 2501//2329 2500//2328 
f 2442//2270 2500//2328 2499//2327 
f 2441//2269 2499//2327 2498//2326 
f 2440//2268 2498//2326 2497//2325 
f 2439//2267 2497//2325 2496//2324 
f 2438//2266 2496//2324 2495//2323 
f 2379//2207 2437//2265 2494//2322 
f 2436//2264 2494//2322 2493//2321 
f 2435//2263 2493//2321 2492//2320 
f 2434//2262 2492//2320 2491//2319 
f 2433//2261 2491//2319 2490//2318 
f 2432//2260 2490//2318 2489//2317 
f 2431//2259 2489//2317 2488//2316 
f 2430//2258 2488//2316 2487//2315 
f 2429//2257 2487//2315 2486//2314 
f 2428//2256 2486//2314 2485//2313 
f 2427//2255 2485//2313 2484//2312 
f 2426//2254 2484//2312 2483//2311 
f 2425//2253 2483//2311 2482//2310 
f 2424//2252 2482//2310 2481//2309 
f 2423//2251 2481//2309 2480//2308 
f 2422//2250 2480//2308 2479//2307 
f 2421//2249 2479//2307 2478//2306 
f 2420//2248 2478//2306 2477//2305 
f 2419//2247 2477//2305 2476//2304 
f 2418//2246 2476//2304 2475//2303 
f 2417//2245 2475//2303 2474//2302 
f 2416//2244 2474//2302 2473//2301 
f 2415//2243 2473//2301 2472//2300 
f 2414//2242 2472//2300 2471//2299 
f 2413//2241 2471//2299 2470//2298 
f 2412//2240 2470//2298 2469//2297 
f 2411//2239 2469//2297 2468//2296 
f 2410//2238 2468//2296 2467//2295 
f 2409//2237 2467//2295 2466//2294 
f 2408//2236 2466//2294 2465//2293 
f 2407//2235 2465//2293 2464//2292 
f 2406//2234 2464//2292 2463//2291 
f 2405//2233 2463//2291 2462//2290 
f 2404//2232 2462//2290 2461//2289 
f 2403//2231 2461//2289 2460//2288 
f 2402//2230 2460//2288 2459//2287 
f 2401//2229 2459//2287 2458//2286 
f 2400//2228 2458//2286 2457//2285 
f 2399//2227 2457//2285 2456//2284 
f 2398//2226 2456//2284 2455//2283 
f 2397//2225 2455//2283 2454//2282 
f 2396//2224 2454//2282 2453//2281 
f 2395//2223 2453//2281 2452//2280 
f 2394//2222 2452//2280 2451//2279 
f 2393//2221 2451//2279 2450//2278 
f 2392//2220 2450//2278 2449//2277 
f 2391//2219 2449//2277 2448//2276 
f 2390//2218 2448//2276 2447//2275 
f 2389//2217 2447//2275 2446//2274 
f 2388//2216 2446//2274 2445//2273 
f 2387//2215 2445//2273 2444//2272 
f 2386//2214 2444//2272 2443//2271 
f 2385//2213 2443//2271 2442//2270 
f 2384//2212 2442//2270 2441//2269 
f 2383//2211 2441//2269 2440//2268 
f 2382//2210 2440//2268 2439//2267 
f 2381//2209 2439//2267 2438//2266 
f 2380//2208 2438//2266 2437//2265 
f 2321//2149 2379//2207 2436//2264 
f 2378//2206 2436//2264 2435//2263 
f 2377//2205 2435//2263 2434//2262 
f 2376//2204 2434//2262 2433//2261 
f 2375//2203 2433//2261 2432//2260 
f 2374//2202 2432//2260 2431//2259 
f 2373//2201 2431//2259 2430//2258 
f 2372//2200 2430//2258 2429//2257 
f 2371//2199 2429//2257 2428//2256 
f 2370//2198 2428//2256 2427//2255 
f 2369//2197 2427//2255 2426//2254 
f 2368//2196 2426//2254 2425//2253 
f 2367//2195 2425//2253 2424//2252 
f 2366//2194 2424//2252 2423//2251 
f 2365//2193 2423//2251 2422//2250 
f 2364//2192 2422//2250 2421//2249 
f 2363//2191 2421//2249 2420//2248 
f 2362//2190 2420//2248 2419//2247 
f 2361//2189 2419//2247 2418//2246 
f 2360//2188 2418//2246 2417//2245 
f 2359//2187 2417//2245 2416//2244 
f 2358//2186 2416//2244 2415//2243 
f 2357//2185 2415//2243 2414//2242 
f 2356//2184 2414//2242 2413//2241 
f 2355//2183 2413//2241 2412//2240 
f 2354//2182 2412//2240 2411//2239 
f 2353//2181 2411//2239 2410//2238 
f 2352//2180 2410//2238 2409//2237 
f 2351//2179 2409//2237 2408//2236 
f 2350//2178 2408//2236 2407//2235 
f 2349//2177 2407//2235 2406//2234 
f 2348//2176 2406//2234 2405//2233 
f 2347//2175 2405//2233 2404//2232 
f 2346//2174 2404//2232 2403//2231 
f 2345//2173 2403//2231 2402//2230 
f 2344//2172 2402//2230 2401//2229 
f 2343//2171 2401//2229 2400//2228 
f 2342//2170 2400//2228 2399//2227 
f 2341//2169 2399//2227 2398//2226 
f 2340//2168 2398//2226 2397//2225 
f 2339//2167 2397//2225 2396//2224 
f 2338//2166 2396//2224 2395//2223 
f 2337//2165 2395//2223 2394//2222 
f 2336//2164 2394//2222 2393//2221 
f 2335//2163 2393//2221 2392//2220 
f 2334//2162 2392//2220 2391//2219 
f 2333//2161 2391//2219 2390//2218 
f 2332//2160 2390//2218 2389//2217 
f 2331//2159 2389//2217 2388//2216 
f 2330//2158 2388//2216 2387//2215 
f 2329//2157 2387//2215 2386//2214 
f 2328//2156 2386//2214 2385//2213 
f 2327//2155 2385//2213 2384//2212 
f 2326//2154 2384//2212 2383//2211 
f 2325//2153 2383//2211 2382//2210 
f 2324//2152 2382//2210 2381//2209 
f 2323//2151 2381//2209 2380//2208 
f 2322//2150 2380//2208 2379//2207 
f 2263//2091 2321//2149 2378//2206 
f 2320//2148 2378//2206 2377//2205 
f 2319//2147 2377//2205 2376//2204 
f 2318//2146 2376//2204 2375//2203 
f 2317//2145 2375//2203 2374//2202 
f 2316//2144 2374//2202 2373//2201 
f 2315//2143 2373//2201 2372//2200 
f 2314//2142 2372//2200 2371//2199 
f 2313//2141 2371//2199 2370//2198 
f 2312//2140 2370//2198 2369//2197 
f 2311//2139 2369//2197 2368//2196 
f 2310//2138 2368//2196 2367//2195 
f 2309//2137 2367//2195 2366//2194 
f 2308//2136 2366//2194 2365//2193 
f 2307//2135 2365//2193 2364//2192 
f 2306//2134 2364//2192 2363//2191 
f 2305//2133 2363//2191 2362//2190 
f 2304//2132 2362//2190 2361//2189 
f 2303//2131 2361//2189 2360//2188 
f 2302//2130 2360//2188 2359//2187 
f 2301//2129 2359//2187 2358//2186 
f 2300//2128 2358//2186 2357//2185 
f 2299//2127 2357//2185 2356//2184 
f 2298//2126 2356//2184 2355//2183 
f 2297//2125 2355//2183 2354//2182 
f 2296//2124 2354//2182 2353//2181 
f 2295//2123 2353//2181 2352//2180 
f 2294//2122 2352//2180 2351//2179 
f 2293//2121 2351//2179 2350//2178 
f 2292//2120 2350//2178 2349//2177 
f 2291//2119 2349//2177 2348//2176 
f 2290//2118 2348//2176 2347//2175 
f 2289//2117 2347//2175 2346//2174 
f 2288//2116 2346//2174 2345//2173 
f 2287//2115 2345//2173 2344//2172 
f 2286//2114 2344//2172 2343//2171 
f 2285//2113 2343//2171 2342//2170 
f 2284//2112 2342//2170 2341//2169 
f 2283//2111 2341//2169 2340//2168 
f 2282//2110 2340//2168 2339//2167 
f 2281//2109 2339//2167 2338//2166 
f 2280//2108 2338//2166 2337//2165 
f 2279//2107 2337//2165 2336//2164 
f 2278//2106 2336//2164 2335//2163 
f 2277//2105 2335//2163 2334//2162 
f 2276//2104 2334//2162 2333//2161 
f 2275//2103 2333//2161 2332//2160 
f 2274//2102 2332//2160 2331//2159 
f 2273//2101 2331//2159 2330//2158 
f 2272//2100 2330//2158 2329//2157 
f 2271//2099 2329//2157 2328//2156 
f 2270//2098 2328//2156 2327//2155 
f 2269//2097 2327//2155 2326//2154 
f 2268//2096 2326//2154 2325//2153 
f 2267//2095 2325//2153 2324//2152 
f 2266//2094 2324//2152 2323//2151 
f 2265//2093 2323//2151 2322//2150 
f 2264//2092 2322//2150 2321//2149 
f 2205//2033 2263//2091 2320//2148 
f 2262//2090 2320//2148 2319//2147 
f 2261//2089 2319//2147 2318//2146 
f 2260//2088 2318//2146 2317//2145 
f 2259//2087 2317//2145 2316//2144 
f 2258//2086 2316//2144 2315//2143 
f 2257//2085 2315//2143 2314//2142 
f 2256//2084 2314//2142 2313//2141 
f 2255//2083 2313//2141 2312//2140 
f 2254//2082 2312//2140 2311//2139 
f 2253//2081 2311//2139 2310//2138 
f 2252//2080 2310//2138 2309//2137 
f 2251//2079 2309//2137 2308//2136 
f 2250//2078 2308//2136 2307//2135 
f 2249//2077 2307//2135 2306//2134 
f 2248//2076 2306//2134 2305//2133 
f 2247//2075 2305//2133 2304//2132 
f 2246//2074 2304//2132 2303//2131 
f 2245//2073 2303//2131 2302//2130 
f 2244//2072 2302//2130 2301//2129 
f 2243//2071 2301//2129 2300//2128 
f 2242//2070 2300//2128 2299//2127 
f 2241//2069 2299//2127 2298//2126 
f 2240//2068 2298//2126 2297//2125 
f 2239//2067 2297//2125 2296//2124 
f 2238//2066 2296//2124 2295//2123 
f 2237//2065 2295//2123 2294//2122 
f 2236//2064 2294//2122 2293//2121 
f 2235//2063 2293//2121 2292//2120 
f 2234//2062 2292//2120 2291//2119 
f 2233//2061 2291//2119 2290//2118 
f 2232//2060 2290//2118 2289//2117 
f 2231//2059 2289//2117 2288//2116 
f 2230//2058 2288//2116 2287//2115 
f 2229//2057 2287//2115 2286//2114 
f 2228//2056 2286//2114 2285//2113 
f 2227//2055 2285//2113 2284//2112 
f 2226//2054 2284//2112 2283//2111 
f 2225//2053 2283//2111 2282//2110 
f 2224//2052 2282//2110 2281//2109 
f 2223//2051 2281//2109 2280//2108 
f 2222//2050 2280//2108 2279//2107 
f 2221//2049 2279//2107 2278//2106 
f 2220//2048 2278//2106 2277//2105 
f 2219//2047 2277//2105 2276//2104 
f 2218//2046 2276//2104 2275//2103 
f 2217//2045 2275//2103 2274//2102 
f 2216//2044 2274//2102 2273//2101 
f 2215//2043 2273//2101 2272//2100 
f 2214//2042 2272//2100 2271//2099 
f 2213//2041 2271//2099 2270//2098 
f 2212//2040 2270//2098 2269//2097 
f 2211//2039 2269//2097 2268//2096 
f 2210//2038 2268//2096 2267//2095 
f 2209//2037 2267//2095 2266//2094 
f 2208//2036 2266//2094 2265//2093 
f 2207//2035 2265//2093 2264//2092 
f 2206//2034 2264//2092 2263//2091 
f 2147//1975 2205//2033 2262//2090 
f 2204//2032 2262//2090 2261//2089 
f 2203//2031 2261//2089 2260//2088 
f 2202//2030 2260//2088 2259//2087 
f 2201//2029 2259//2087 2258//2086 
f 2200//2028 2258//2086 2257//2085 
f 2199//2027 2257//2085 2256//2084 
f 2198//2026 2256//2084 2255//2083 
f 2197//2025 2255//2083 2254//2082 
f 2196//2024 2254//2082 2253//2081 
f 2195//2023 2253//2081 2252//2080 
f 2194//2022 2252//2080 2251//2079 
f 2193//2021 2251//2079 2250//2078 
f 2192//2020 2250//2078 2249//2077 
f 2191//2019 2249//2077 2248//2076 
f 2190//2018 2248//2076 2247//2075 
f 2189//2017 2247//2075 2246//2074 
f 2188//2016 2246//2074 2245//2073 
f 2187//2015 2245//2073 2244//2072 
f 2186//2014 2244//2072 2243//2071 
f 2185//2013 2243//2071 2242//2070 
f 2184//2012 2242//2070 2241//2069 
f 2183//2011 2241//2069 2240//2068 
f 2182//2010 2240//2068 2239//2067 
f 2181//2009 2239//2067 2238//2066 
f 2180//2008 2238//2066 2237//2065 
f 2179//2007 2237//2065 2236//2064 
f 2178//2006 2236//2064 2235//2063 
f 2177//2005 2235//2063 2234//2062 
f 2176//2004 2234//2062 2233//2061 
f 2175//2003 2233//2061 2232//2060 
f 2174//2002 2232//2060 2231//2059 
f 2173//2001 2231//2059 2230//2058 
f 2172//2000 2230//2058 2229//2057 
f 2171//1999 2229//2057 2228//2056 
f 2170//1998 2228//2056 2227//2055 
f 2169//1997 2227//2055 2226//2054 
f 2168//1996 2226//2054 2225//2053 
f 2167//1995 2225//2053 2224//2052 
f 2166//1994 2224//2052 2223//2051 
f 2165//1993 2223//2051 2222//2050 
f 2164//1992 2222//2050 2221//2049 
f 2163//1991 2221//2049 2220//2048 
f 2162//1990 2220//2048 2219//2047 
f 2161//1989 2219//2047 2218//2046 
f 2160//1988 2218//2046 2217//2045 
f 2159//1987 2217//2045 2216//2044 
f 2158//1986 2216//2044 2215//2043 
f 2157//1985 2215//2043 2214//2042 
f 2156//1984 2214//2042 2213//2041 
f 2155//1983 2213//2041 2212//2040 
f 2154//1982 2212//2040 2211//2039 
f 2153//1981 2211//2039 2210//2038 
f 2152//1980 2210//2038 2209//2037 
f 2151//1979 2209//2037 2208//2036 
f 2150//1978 2208//2036 2207//2035 
f 2149//1977 2207//2035 2206//2034 
f 2148//1976 2206//2034 2205//2033 
f 2089//1917 2147//1975 2204//2032 
f 2146//1974 2204//2032 2203//2031 
f 2145//1973 2203//2031 2202//2030 
f 2144//1972 2202//2030 2201//2029 
f 2143//1971 2201//2029 2200//2028 
f 2142//1970 2200//2028 2199//2027 
f 2141//1969 2199//2027 2198//2026 
f 2140//1968 2198//2026 2197//2025 
f 2139//1967 2197//2025 2196//2024 
f 2138//1966 2196//2024 2195//2023 
f 2137//1965 2195//2023 2194//2022 
f 2136//1964 2194//2022 2193//2021 
f 2135//1963 2193//2021 2192//2020 
f 2134//1962 2192//2020 2191//2019 
f 2133//1961 2191//2019 2190//2018 
f 2132//1960 2190//2018 2189//2017 
f 2131//1959 2189//2017 2188//2016 
f 2130//1958 2188//2016 2187//2015 
f 2129//1957 2187//2015 2186//2014 
f 2128//1956 2186//2014 2185//2013 
f 2127//1955 2185//2013 2184//2012 
f 2126//1954 2184//2012 2183//2011 
f 2125//1953 2183//2011 2182//2010 
f 2124//1952 2182//2010 2181//2009 
f 2123//1951 2181//2009 2180//2008 
f 2122//1950 2180//2008 2179//2007 
f 2121//1949 2179//2007 2178//2006 
f 2120//1948 2178//2006 2177//2005 
f 2119//1947 2177//2005 2176//2004 
f 2118//1946 2176//2004 2175//2003 
f 2117//1945 2175//2003 2174//2002 
f 2116//1944 2174//2002 2173//2001 
f 2115//1943 2173//2001 2172//2000 
f 2114//1942 2172//2000 2171//1999 
f 2113//1941 2171//1999 2170//1998 
f 2112//1940 2170//1998 2169//1997 
f 2111//1939 2169//1997 2168//1996 
f 2110//1938 2168//1996 2167//1995 
f 2109//1937 2167//1995 2166//1994 
f 2108//1936 2166//1994 2165//1993 
f 2107//1935 2165//1993 2164//1992 
f 2106//1934 2164//1992 2163//1991 
f 2105//1933 2163//1991 2162//1990 
f 2104//1932 2162//1990 2161//1989 
f 2103//1931 2161//1989 2160//1988 
f 2102//1930 2160//1988 2159//1987 
f 2101//1929 2159//1987 2158//1986 
f 2100//1928 2158//1986 2157//1985 
f 2099//1927 2157//1985 2156//1984 
f 2098//1926 2156//1984 2155//1983 
f 2097//1925 2155//1983 2154//1982 
f 2096//1924 2154//1982 2153//1981 
f 2095//1923 2153//1981 2152//1980 
f 2094//1922 2152//1980 2151//1979 
f 2093//1921 2151//1979 2150//1978 
f 2092//1920 2150//1978 2149//1977 
f 2091//1919 2149//1977 2148//1976 
f 2090//1918 2148//1976 2147//1975 
f 2031//1830 2089//1917 2146//1974 
f 2088//1916 2146//1974 2145//1973 
f 2087//1914 2145//1973 2144//1972 
f 2086//1913 2144//1972 2143//1971 
f 2085//1911 2143//1971 2142//1970 
f 2084//1910 2142//1970 2141//1969 
f 2083//1908 2141//1969 2140//1968 
f 2082//1907 2140//1968 2139//1967 
f 2081//1905 2139//1967 2138//1966 
f 2080//1904 2138//1966 2137//1965 
f 2079//1902 2137//1965 2136//1964 
f 2078//1901 2136//1964 2135//1963 
f 2077//1899 2135//1963 2134//1962 
f 2076//1898 2134//1962 2133//1961 
f 2075//1896 2133//1961 2132//1960 
f 2074//1895 2132//1960 2131//1959 
f 2073//1893 2131//1959 2130//1958 
f 2072//1892 2130//1958 2129//1957 
f 2071//1890 2129//1957 2128//1956 
f 2070//1889 2128//1956 2127//1955 
f 2069//1887 2127//1955 2126//1954 
f 2068//1886 2126//1954 2125//1953 
f 2067//1884 2125//1953 2124//1952 
f 2066//1883 2124//1952 2123//1951 
f 2065//1881 2123//1951 2122//1950 
f 2064//1880 2122//1950 2121//1949 
f 2063//1878 2121//1949 2120//1948 
f 2062//1877 2120//1948 2119//1947 
f 2061//1875 2119//1947 2118//1946 
f 2060//1874 2118//1946 2117//1945 
f 2059//1872 2117//1945 2116//1944 
f 2058//1871 2116//1944 2115//1943 
f 2057//1869 2115//1943 2114//1942 
f 2056//1868 2114//1942 2113//1941 
f 2055//1866 2113//1941 2112//1940 
f 2054//1865 2112//1940 2111//1939 
f 2053//1863 2111//1939 2110//1938 
f 2052//1862 2110//1938 2109//1937 
f 2051//1860 2109//1937 2108//1936 
f 2050//1859 2108//1936 2107//1935 
f 2049//1857 2107//1935 2106//1934 
f 2048//1856 2106//1934 2105//1933 
f 2047//1854 2105//1933 2104//1932 
f 2046//1853 2104//1932 2103//1931 
f 2045//1851 2103//1931 2102//1930 
f 2044//1850 2102//1930 2101//1929 
f 2043//1848 2101//1929 2100//1928 
f 2042//1847 2100//1928 2099//1927 
f 2041//1845 2099//1927 2098//1926 
f 2040//1844 2098//1926 2097//1925 
f 2039//1842 2097//1925 2096//1924 
f 2038//1841 2096//1924 2095//1923 
f 2037//1839 2095//1923 2094//1922 
f 2036//1838 2094//1922 2093//1921 
f 2035//1836 2093//1921 2092//1920 
f 2034//1835 2092//1920 2091//1919 
f 2033//1833 2091//1919 2090//1918 
f 2032//1832 2090//1918 2089//1917 
f 1025//1831 2031//1830 2088//1916 
f 1044//1915 2088//1916 2087//1914 
f 1041//1912 2087//1914 2086//1913 
f 1040//1912 2086//1913 2085//1911 
f 1023//1909 2085//1911 2084//1910 
f 1022//1909 2084//1910 2083//1908 
f 1021//1906 2083//1908 2082//1907 
f 1019//1906 2082//1907 2081//1905 
f 1020//1903 2081//1905 2080//1904 
f 1034//1903 2080//1904 2079//1902 
f 1035//1900 2079//1902 2078//1901 
f 1038//1900 2078//1901 2077//1899 
f 1033//1897 2077//1899 2076//1898 
f 1032//1897 2076//1898 2075//1896 
f 1031//1894 2075//1896 2074//1895 
f 1030//1894 2074//1895 2073//1893 
f 1018//1891 2073//1893 2072//1892 
f 1017//1891 2072//1892 2071//1890 
f 1029//1888 2071//1890 2070//1889 
f 1016//1888 2070//1889 2069//1887 
f 1006//1885 2069//1887 2068//1886 
f 1005//1885 2068//1886 2067//1884 
f 1004//1882 2067//1884 2066//1883 
f 997//1882 2066//1883 2065//1881 
f 995//1879 2065//1881 2064//1880 
f 996//1879 2064//1880 2063//1878 
f 1002//1876 2063//1878 2062//1877 
f 1003//1876 2062//1877 2061//1875 
f 1015//1873 2061//1875 2060//1874 
f 1013//1873 2060//1874 2059//1872 
f 1014//1870 2059//1872 2058//1871 
f 1012//1870 2058//1871 2057//1869 
f 1011//1867 2057//1869 2056//1868 
f 1010//1867 2056//1868 2055//1866 
f 1008//1864 2055//1866 2054//1865 
f 1009//1864 2054//1865 2053//1863 
f 1043//1861 2053//1863 2052//1862 
f 1042//1861 2052//1862 2051//1860 
f 1039//1858 2051//1860 2050//1859 
f 1037//1858 2050//1859 2049//1857 
f 1028//1855 2049//1857 2048//1856 
f 1026//1855 2048//1856 2047//1854 
f 1027//1852 2047//1854 2046//1853 
f 1036//1852 2046//1853 2045//1851 
f 994//1849 2045//1851 2044//1850 
f 993//1849 2044//1850 2043//1848 
f 992//1846 2043//1848 2042//1847 
f 990//1846 2042//1847 2041//1845 
f 991//1843 2041//1845 2040//1844 
f 989//1843 2040//1844 2039//1842 
f 987//1840 2039//1842 2038//1841 
f 988//1840 2038//1841 2037//1839 
f 1001//1837 2037//1839 2036//1838 
f 1000//1837 2036//1838 2035//1836 
f 998//1834 2035//1836 2034//1835 
f 999//1834 2034//1835 2033//1833 
f 1007//1831 2033//1833 2032//1832 
f 1024//1831 2032//1832 2031//1830 
o mesh6
f 2030//2728 1973//2729 2843//2729 
f 2029//2730 2030//2728 2844//2731 
f 2028//2732 2029//2730 2845//2733 
f 2027//2734 2028//2732 2846//2735 
f 2026//2736 2027//2734 2847//2737 
f 2025//2738 2026//2736 2848//2739 
f 2024//2740 2025//2738 2849//2741 
f 2023//2742 2024//2740 2850//2743 
f 2022//2744 2023//2742 2851//2745 
f 2021//2746 2022//2744 2852//2747 
f 2020//2748 2021//2746 2853//2749 
f 2019//2750 2020//2748 2854//2751 
f 2018//2752 2019//2750 2855//2753 
f 2017//2754 2018//2752 2856//2755 
f 2016//2756 2017//2754 2857//2757 
f 2015//2758 2016//2756 2858//2759 
f 2014//2760 2015//2758 2859//2761 
f 2013//2762 2014//2760 2860//2763 
f 2012//2764 2013//2762 2861//2765 
f 2011//2766 2012//2764 2862//2767 
f 2010//2768 2011//2766 2863//2769 
f 2009//2770 2010//2768 2864//2771 
f 2008//2772 2009//2770 2865//2773 
f 2007//2774 2008//2772 2866//2775 
f 2006//2776 2007//2774 2867//2777 
f 2005//2778 2006//2776 2868//2779 
f 2004//2780 2005//2778 2869//2781 
f 2003//2782 2004//2780 2870//2783 
f 2002//2784 2003//2782 2871//2785 
f 2001//2786 2002//2784 2872//2787 
f 2000//2788 2001//2786 2873//2789 
f 1999//2790 2000//2788 2874//2791 
f 1998//2792 1999//2790 2875//2793 
f 1997//2794 1998//2792 2876//2795 
f 1996//2796 1997//2794 2877//2797 
f 1995//2798 1996//2796 2878//2799 
f 1994//2800 1995//2798 2879//2801 
f 1993//2802 1994//2800 2880//2803 
f 1992//2804 1993//2802 2881//2805 
f 1991//2806 1992//2804 2882//2807 
f 1990//2808 1991//2806 2883//2809 
f 1989//2810 1990//2808 2884//2811 
f 1988//2812 1989//2810 2885//2813 
f 1987//2814 1988//2812 2886//2815 
f 1986//2816 1987//2814 2887//2817 
f 1985//2818 1986//2816 2888//2819 
f 1984//2820 1985//2818 2889//2821 
f 1983//2822 1984//2820 2890//2823 
f 1982//2824 1983//2822 2891//2825 
f 1981//2826 1982//2824 2892//2827 
f 1980//2828 1981//2826 2893//2829 
f 1979//2830 1980//2828 2894//2831 
f 1978//2832 1979//2830 2895//2833 
f 1977//2834 1978//2832 2896//2835 
f 1976//2836 1977//2834 2897//2837 
f 1975//2838 1976//2836 2898//2839 
f 1974//2840 1975//2838 2899//2841 
f 1973//2729 1974//2840 2900//2840 
f 2900//2840 2843//2729 1973//2729 
f 2899//2841 2900//2840 1974//2840 
f 2898//2839 2899//2841 1975//2838 
f 2897//2837 2898//2839 1976//2836 
f 2896//2835 2897//2837 1977//2834 
f 2895//2833 2896//2835 1978//2832 
f 2894//2831 2895//2833 1979//2830 
f 2893//2829 2894//2831 1980//2828 
f 2892//2827 2893//2829 1981//2826 
f 2891//2825 2892//2827 1982//2824 
f 2890//2823 2891//2825 1983//2822 
f 2889//2821 2890//2823 1984//2820 
f 2888//2819 2889//2821 1985//2818 
f 2887//2817 2888//2819 1986//2816 
f 2886//2815 2887//2817 1987//2814 
f 2885//2813 2886//2815 1988//2812 
f 2884//2811 2885//2813 1989//2810 
f 2883//2809 2884//2811 1990//2808 
f 2882//2807 2883//2809 1991//2806 
f 2881//2805 2882//2807 1992//2804 
f 2880//2803 2881//2805 1993//2802 
f 2879//2801 2880//2803 1994//2800 
f 2878//2799 2879//2801 1995//2798 
f 2877//2797 2878//2799 1996//2796 
f 2876//2795 2877//2797 1997//2794 
f 2875//2793 2876//2795 1998//2792 
f 2874//2791 2875//2793 1999//2790 
f 2873//2789 2874//2791 2000//2788 
f 2872//2787 2873//2789 2001//2786 
f 2871//2785 2872//2787 2002//2784 
f 2870//2783 2871//2785 2003//2782 
f 2869//2781 2870//2783 2004//2780 
f 2868//2779 2869//2781 2005//2778 
f 2867//2777 2868//2779 2006//2776 
f 2866//2775 2867//2777 2007//2774 
f 2865//2773 2866//2775 2008//2772 
f 2864//2771 2865//2773 2009//2770 
f 2863//2769 2864//2771 2010//2768 
f 2862//2767 2863//2769 2011//2766 
f 2861//2765 2862//2767 2012//2764 
f 2860//2763 2861//2765 2013//2762 
f 2859//2761 2860//2763 2014//2760 
f 2858//2759 2859//2761 2015//2758 
f 2857//2757 2858//2759 2016//2756 
f 2856//2755 2857//2757 2017//2754 
f 2855//2753 2856//2755 2018//2752 
f 2854//2751 2855//2753 2019//2750 
f 2853//2749 2854//2751 2020//2748 
f 2852//2747 2853//2749 2021//2746 
f 2851//2745 2852//2747 2022//2744 
f 2850//2743 2851//2745 2023//2742 
f 2849//2741 2850//2743 2024//2740 
f 2848//2739 2849//2741 2025//2738 
f 2847//2737 2848//2739 2026//2736 
f 2846//2735 2847//2737 2027//2734 
f 2845//2733 2846//2735 2028//2732 
f 2844//2731 2845//2733 2029//2730 
f 2843//2729 2844//2731 2030//2728 
o mesh7
f 2901//2842 2843//2843 2900//2844 
f 2902//2845 2900//2844 2899//2846 
f 2903//2847 2899//2846 2898//2848 
f 2904//2849 2898//2848 2897//2850 
f 2905//2851 2897//2850 2896//2852 
f 2906//2853 2896//2852 2895//2854 
f 2907//2855 2895//2854 2894//2856 
f 2908//2857 2894//2856 2893//2858 
f 2909//2859 2893//2858 2892//2860 
f 2910//2861 2892//2860 2891//2862 
f 2911//2863 2891//2862 2890//2864 
f 2912//2865 2890//2864 2889//2866 
f 2913//2867 2889//2866 2888//2868 
f 2914//2869 2888//2868 2887//2870 
f 2915//2871 2887//2870 2886//2872 
f 2916//2873 2886//2872 2885//2874 
f 2917//2875 2885//2874 2884//2876 
f 2918//2877 2884//2876 2883//2878 
f 2919//2879 2883//2878 2882//2880 
f 2920//2881 2882//2880 2881//2882 
f 2921//2883 2881//2882 2880//2884 
f 2922//2885 2880//2884 2879//2886 
f 2923//2887 2879//2886 2878//2888 
f 2924//2889 2878//2888 2877//2890 
f 2925//2891 2877//2890 2876//2892 
f 2926//2893 2876//2892 2875//2894 
f 2927//2895 2875//2894 2874//2896 
f 2928//2897 2874//2896 2873//2898 
f 2929//2899 2873//2898 2872//2900 
f 2930//2901 2872//2900 2871//2902 
f 2931//2903 2871//2902 2870//2904 
f 2932//2905 2870//2904 2869//2906 
f 2933//2907 2869//2906 2868//2908 
f 2934//2909 2868//2908 2867//2910 
f 2935//2911 2867//2910 2866//2912 
f 2936//2913 2866//2912 2865//2914 
f 2937//2915 2865//2914 2864//2916 
f 2938//2917 2864//2916 2863//2918 
f 2939//2919 2863//2918 2862//2920 
f 2940//2921 2862//2920 2861//2922 
f 2941//2923 2861//2922 2860//2924 
f 2942//2925 2860//2924 2859//2926 
f 2943//2927 2859//2926 2858//2928 
f 2944//2929 2858//2928 2857//2930 
f 2945//2931 2857//2930 2856//2932 
f 2946//2933 2856//2932 2855//2934 
f 2947//2935 2855//2934 2854//2936 
f 2948//2937 2854//2936 2853//2938 
f 2949//2939 2853//2938 2852//2940 
f 2950//2941 2852//2940 2851//2942 
f 2951//2943 2851//2942 2850//2944 
f 2952//2945 2850//2944 2849//2946 
f 2953//2947 2849//2946 2848//2948 
f 2954//2949 2848//2948 2847//2950 
f 2955//2951 2847//2950 2846//2952 
f 2956//2953 2846//2952 2845//2954 
f 2957//2955 2845//2954 2844//2956 
f 2958//2957 2844//2956 2843//2843 
f 2959//2958 2901//2842 2902//2845 
f 2960//2959 2902//2845 2903//2847 
f 2961//2960 2903//2847 2904//2849 
f 2962//2961 2904//2849 2905//2851 
f 2963//2962 2905//2851 2906//2853 
f 2964//2963 2906//2853 2907//2855 
f 2965//2964 2907//2855 2908//2857 
f 2966//2965 2908//2857 2909//2859 
f 2967//2966 2909//2859 2910//2861 
f 2968//2967 2910//2861 2911//2863 
f 2969//2968 2911//2863 2912//2865 
f 2970//2969 2912//2865 2913//2867 
f 2971//2970 2913//2867 2914//2869 
f 2972//2971 2914//2869 2915//2871 
f 2973//2972 2915//2871 2916//2873 
f 2974//2973 2916//2873 2917//2875 
f 2975//2974 2917//2875 2918//2877 
f 2976//2975 2918//2877 2919//2879 
f 2977//2976 2919//2879 2920//2881 
f 2978//2977 2920//2881 2921//2883 
f 2979//2978 2921//2883 2922//2885 
f 2980//2979 2922//2885 2923//2887 
f 2981//2980 2923//2887 2924//2889 
f 2982//2981 2924//2889 2925//2891 
f 2983//2982 2925//2891 2926//2893 
f 2984//2983 2926//2893 2927//2895 
f 2985//2984 2927//2895 2928//2897 
f 2986//2985 2928//2897 2929//2899 
f 2987//2986 2929//2899 2930//2901 
f 2988//2987 2930//2901 2931//2903 
f 2989//2988 2931//2903 2932//2905 
f 2990//2989 2932//2905 2933//2907 
f 2991//2990 2933//2907 2934//2909 
f 2992//2991 2934//2909 2935//2911 
f 2993//2992 2935//2911 2936//2913 
f 2994//2993 2936//2913 2937//2915 
f 2995//2994 2937//2915 2938//2917 
f 2996//2995 2938//2917 2939//2919 
f 2997//2996 2939//2919 2940//2921 
f 2998//2997 2940//2921 2941//2923 
f 2999//2998 2941//2923 2942//2925 
f 3000//2999 2942//2925 2943//2927 
f 3001//3000 2943//2927 2944//2929 
f 3002//3001 2944//2929 2945//2931 
f 3003//3002 2945//2931 2946//2933 
f 3004//3003 2946//2933 2947//2935 
f 3005//3004 2947//2935 2948//2937 
f 3006//3005 2948//2937 2949//2939 
f 3007//3006 2949//2939 2950//2941 
f 3008//3007 2950//2941 2951//2943 
f 3009//3008 2951//2943 2952//2945 
f 3010//3009 2952//2945 2953//2947 
f 3011//3010 2953//2947 2954//2949 
f 3012//3011 2954//2949 2955//2951 
f 3013//3012 2955//2951 2956//2953 
f 3014//3013 2956//2953 2957//2955 
f 3015//3014 2957//2955 2958//2957 
f 3016//3015 2958//2957 2901//2842 
f 3017//3016 2959//2958 2960//2959 
f 3018//3017 2960//2959 2961//2960 
f 3019//3018 2961//2960 2962//2961 
f 3020//3019 2962//2961 2963//2962 
f 3021//3020 2963//2962 2964//2963 
f 3022//3021 2964//2963 2965//2964 
f 3023//3022 2965//2964 2966//2965 
f 3024//3023 2966//2965 2967//2966 
f 3025//3024 2967//2966 2968//2967 
f 3026//3025 2968//2967 2969//2968 
f 3027//3026 2969//2968 2970//2969 
f 3028//3027 2970//2969 2971//2970 
f 3029//3028 2971//2970 2972//2971 
f 3030//3029 2972//2971 2973//2972 
f 3031//3030 2973//2972 2974//2973 
f 3032//3031 2974//2973 2975//2974 
f 3033//3032 2975//2974 2976//2975 
f 3034//3033 2976//2975 2977//2976 
f 3035//3034 2977//2976 2978//2977 
f 3036//3035 2978//2977 2979//2978 
f 3037//3036 2979//2978 2980//2979 
f 3038//3037 2980//2979 2981//2980 
f 3039//3038 2981//2980 2982//2981 
f 3040//3039 2982//2981 2983//2982 
f 3041//3040 2983//2982 2984//2983 
f 3042//3041 2984//2983 2985//2984 
f 3043//3042 2985//2984 2986//2985 
f 3044//3043 2986//2985 2987//2986 
f 3045//3044 2987//2986 2988//2987 
f 3046//3045 2988//2987 2989//2988 
f 3047//3046 2989//2988 2990//2989 
f 3048//3047 2990//2989 2991//2990 
f 3049//3048 2991//2990 2992//2991 
f 3050//3049 2992//2991 2993//2992 
f 3051//3050 2993//2992 2994//2993 
f 3052//3051 2994//2993 2995//2994 
f 3053//3052 2995//2994 2996//2995 
f 3054//3053 2996//2995 2997//2996 
f 3055//3054 2997//2996 2998//2997 
f 3056//3055 2998//2997 2999//2998 
f 3057//3056 2999//2998 3000//2999 
f 3058//3057 3000//2999 3001//3000 
f 3059//3058 3001//3000 3002//3001 
f 3060//3059 3002//3001 3003//3002 
f 3061//3060 3003//3002 3004//3003 
f 3062//3061 3004//3003 3005//3004 
f 3063//3062 3005//3004 3006//3005 
f 3064//3063 3006//3005 3007//3006 
f 3065//3064 3007//3006 3008//3007 
f 3066//3065 3008//3007 3009//3008 
f 3067//3066 3009//3008 3010//3009 
f 3068//3067 3010//3009 3011//3010 
f 3069//3068 3011//3010 3012//3011 
f 3070//3069 3012//3011 3013//3012 
f 3071//3070 3013//3012 3014//3013 
f 3072//3071 3014//3013 3015//3014 
f 3073//3072 3015//3014 3016//3015 
f 3074//3073 3016//3015 2959//2958 
f 3075//3074 3017//3016 3018//3017 
f 3076//3075 3018//3017 3019//3018 
f 3077//3076 3019//3018 3020//3019 
f 3078//3077 3020//3019 3021//3020 
f 3079//3078 3021//3020 3022//3021 
f 3080//3079 3022//3021 3023//3022 
f 3081//3080 3023//3022 3024//3023 
f 3082//3081 3024//3023 3025//3024 
f 3083//3082 3025//3024 3026//3025 
f 3084//3083 3026//3025 3027//3026 
f 3085//3084 3027//3026 3028//3027 
f 3086//3085 3028//3027 3029//3028 
f 3087//3086 3029//3028 3030//3029 
f 3088//3087 3030//3029 3031//3030 
f 3089//3088 3031//3030 3032//3031 
f 3090//3089 3032//3031 3033//3032 
f 3091//3090 3033//3032 3034//3033 
f 3092//3091 3034//3033 3035//3034 
f 3093//3092 3035//3034 3036//3035 
f 3094//3093 3036//3035 3037//3036 
f 3095//3094 3037//3036 3038//3037 
f 3096//3095 3038//3037 3039//3038 
f 3097//3096 3039//3038 3040//3039 
f 3098//3097 3040//3039 3041//3040 
f 3099//3098 3041//3040 3042//3041 
f 3100//3099 3042//3041 3043//3042 
f 3101//3100 3043//3042 3044//3043 
f 3102//3101 3044//3043 3045//3044 
f 3103//3102 3045//3044 3046//3045 
f 3104//3103 3046//3045 3047//3046 
f 3105//3104 3047//3046 3048//3047 
f 3106//3105 3048//3047 3049//3048 
f 3107//3106 3049//3048 3050//3049 
f 3108//3107 3050//3049 3051//3050 
f 3109//3108 3051//3050 3052//3051 
f 3110//3109 3052//3051 3053//3052 
f 3111//3110 3053//3052 3054//3053 
f 3112//3111 3054//3053 3055//3054 
f 3113//3112 3055//3054 3056//3055 
f 3114//3113 3056//3055 3057//3056 
f 3115//3114 3057//3056 3058//3057 
f 3116//3115 3058//3057 3059//3058 
f 3117//3116 3059//3058 3060//3059 
f 3118//3117 3060//3059 3061//3060 
f 3119//3118 3061//3060 3062//3061 
f 3120//3119 3062//3061 3063//3062 
f 3121//3120 3063//3062 3064//3063 
f 3122//3121 3064//3063 3065//3064 
f 3123//3122 3065//3064 3066//3065 
f 3124//3123 3066//3065 3067//3066 
f 3125//3124 3067//3066 3068//3067 
f 3126//3125 3068//3067 3069//3068 
f 3127//3126 3069//3068 3070//3069 
f 3128//3127 3070//3069 3071//3070 
f 3129//3128 3071//3070 3072//3071 
f 3130//3129 3072//3071 3073//3072 
f 3131//3130 3073//3072 3074//3073 
f 3132//3131 3074//3073 3017//3016 
f 3133//3132 3075//3074 3076//3075 
f 3134//3133 3076//3075 3077//3076 
f 3135//3134 3077//3076 3078//3077 
f 3136//3135 3078//3077 3079//3078 
f 3137//3136 3079//3078 3080//3079 
f 3138//3137 3080//3079 3081//3080 
f 3139//3138 3081//3080 3082//3081 
f 3140//3139 3082//3081 3083//3082 
f 3141//3140 3083//3082 3084//3083 
f 3142//3141 3084//3083 3085//3084 
f 3143//3142 3085//3084 3086//3085 
f 3144//3143 3086//3085 3087//3086 
f 3145//3144 3087//3086 3088//3087 
f 3146//3145 3088//3087 3089//3088 
f 3147//3146 3089//3088 3090//3089 
f 3148//3147 3090//3089 3091//3090 
f 3149//3148 3091//3090 3092//3091 
f 3150//3149 3092//3091 3093//3092 
f 3151//3150 3093//3092 3094//3093 
f 3152//3151 3094//3093 3095//3094 
f 3153//3152 3095//3094 3096//3095 
f 3154//3153 3096//3095 3097//3096 
f 3155//3154 3097//3096 3098//3097 
f 3156//3155 3098//3097 3099//3098 
f 3157//3156 3099//3098 3100//3099 
f 3158//3157 3100//3099 3101//3100 
f 3159//3158 3101//3100 3102//3101 
f 3160//3159 3102//3101 3103//3102 
f 3161//3160 3103//3102 3104//3103 
f 3162//3161 3104//3103 3105//3104 
f 3163//3162 3105//3104 3106//3105 
f 3164//3163 3106//3105 3107//3106 
f 3165//3164 3107//3106 3108//3107 
f 3166//3165 3108//3107 3109//3108 
f 3167//3166 3109//3108 3110//3109 
f 3168//3167 3110//3109 3111//3110 
f 3169//3168 3111//3110 3112//3111 
f 3170//3169 3112//3111 3113//3112 
f 3171//3170 3113//3112 3114//3113 
f 3172//3171 3114//3113 3115//3114 
f 3173//3172 3115//3114 3116//3115 
f 3174//3173 3116//3115 3117//3116 
f 3175//3174 3117//3116 3118//3117 
f 3176//3175 3118//3117 3119//3118 
f 3177//3176 3119//3118 3120//3119 
f 3178//3177 3120//3119 3121//3120 
f 3179//3178 3121//3120 3122//3121 
f 3180//3179 3122//3121 3123//3122 
f 3181//3180 3123//3122 3124//3123 
f 3182//3181 3124//3123 3125//3124 
f 3183//3182 3125//3124 3126//3125 
f 3184//3183 3126//3125 3127//3126 
f 3185//3184 3127//3126 3128//3127 
f 3186//3185 3128//3127 3129//3128 
f 3187//3186 3129//3128 3130//3129 
f 3188//3187 3130//3129 3131//3130 
f 3189//3188 3131//3130 3132//3131 
f 3190//3189 3132//3131 3075//3074 
f 3191//3190 3133//3132 3134//3133 
f 3192//3191 3134//3133 3135//3134 
f 3193//3192 3135//3134 3136//3135 
f 3194//3193 3136//3135 3137//3136 
f 3195//3194 3137//3136 3138//3137 
f 3196//3195 3138//3137 3139//3138 
f 3197//3196 3139//3138 3140//3139 
f 3198//3197 3140//3139 3141//3140 
f 3199//3198 3141//3140 3142//3141 
f 3200//3199 3142//3141 3143//3142 
f 3201//3200 3143//3142 3144//3143 
f 3202//3201 3144//3143 3145//3144 
f 3203//3202 3145//3144 3146//3145 
f 3204//3203 3146//3145 3147//3146 
f 3205//3204 3147//3146 3148//3147 
f 3206//3205 3148//3147 3149//3148 
f 3207//3206 3149//3148 3150//3149 
f 3208//3207 3150//3149 3151//3150 
f 3209//3208 3151//3150 3152//3151 
f 3210//3209 3152//3151 3153//3152 
f 3211//3210 3153//3152 3154//3153 
f 3212//3211 3154//3153 3155//3154 
f 3213//3212 3155//3154 3156//3155 
f 3214//3213 3156//3155 3157//3156 
f 3215//3214 3157//3156 3158//3157 
f 3216//3215 3158//3157 3159//3158 
f 3217//3216 3159//3158 3160//3159 
f 3218//3217 3160//3159 3161//3160 
f 3219//3218 3161//3160 3162//3161 
f 3220//3219 3162//3161 3163//3162 
f 3221//3220 3163//3162 3164//3163 
f 3222//3221 3164//3163 3165//3164 
f 3223//3222 3165//3164 3166//3165 
f 3224//3223 3166//3165 3167//3166 
f 3225//3224 3167//3166 3168//3167 
f 3226//3225 3168//3167 3169//3168 
f 3227//3226 3169//3168 3170//3169 
f 3228//3227 3170//3169 3171//3170 
f 3229//3228 3171//3170 3172//3171 
f 3230//3229 3172//3171 3173//3172 
f 3231//3230 3173//3172 3174//3173 
f 3232//3231 3174//3173 3175//3174 
f 3233//3232 3175//3174 3176//3175 
f 3234//3233 3176//3175 3177//3176 
f 3235//3234 3177//3176 3178//3177 
f 3236//3235 3178//3177 3179//3178 
f 3237//3236 3179//3178 3180//3179 
f 3238//3237 3180//3179 3181//3180 
f 3239//3238 3181//3180 3182//3181 
f 3240//3239 3182//3181 3183//3182 
f 3241//3240 3183//3182 3184//3183 
f 3242//3241 3184//3183 3185//3184 
f 3243//3242 3185//3184 3186//3185 
f 3244//3243 3186//3185 3187//3186 
f 3245//3244 3187//3186 3188//3187 
f 3246//3245 3188//3187 3189//3188 
f 3247//3246 3189//3188 3190//3189 
f 3248//3247 3190//3189 3133//3132 
f 3249//3248 3191//3190 3192//3191 
f 3250//3249 3192//3191 3193//3192 
f 3251//3250 3193//3192 3194//3193 
f 3252//3251 3194//3193 3195//3194 
f 3253//3252 3195//3194 3196//3195 
f 3254//3253 3196//3195 3197//3196 
f 3255//3254 3197//3196 3198//3197 
f 3256//3255 3198//3197 3199//3198 
f 3257//3256 3199//3198 3200//3199 
f 3258//3257 3200//3199 3201//3200 
f 3259//3258 3201//3200 3202//3201 
f 3260//3259 3202//3201 3203//3202 
f 3261//3260 3203//3202 3204//3203 
f 3262//3261 3204//3203 3205//3204 
f 3263//3262 3205//3204 3206//3205 
f 3264//3263 3206//3205 3207//3206 
f 3265//3264 3207//3206 3208//3207 
f 3266//3265 3208//3207 3209//3208 
f 3267//3266 3209//3208 3210//3209 
f 3268//3267 3210//3209 3211//3210 
f 3269//3268 3211//3210 3212//3211 
f 3270//3269 3212//3211 3213//3212 
f 3271//3270 3213//3212 3214//3213 
f 3272//3271 3214//3213 3215//3214 
f 3273//3272 3215//3214 3216//3215 
f 3274//3273 3216//3215 3217//3216 
f 3275//3274 3217//3216 3218//3217 
f 3276//3275 3218//3217 3219//3218 
f 3277//3276 3219//3218 3220//3219 
f 3278//3277 3220//3219 3221//3220 
f 3279//3278 3221//3220 3222//3221 
f 3280//3279 3222//3221 3223//3222 
f 3281//3280 3223//3222 3224//3223 
f 3282//3281 3224//3223 3225//3224 
f 3283//3282 3225//3224 3226//3225 
f 3284//3283 3226//3225 3227//3226 
f 3285//3284 3227//3226 3228//3227 
f 3286//3285 3228//3227 3229//3228 
f 3287//3286 3229//3228 3230//3229 
f 3288//3287 3230//3229 3231//3230 
f 3289//3288 3231//3230 3232//3231 
f 3290//3289 3232//3231 3233//3232 
f 3291//3290 3233//3232 3234//3233 
f 3292//3291 3234//3233 3235//3234 
f 3293//3292 3235//3234 3236//3235 
f 3294//3293 3236//3235 3237//3236 
f 3295//3294 3237//3236 3238//3237 
f 3296//3295 3238//3237 3239//3238 
f 3297//3296 3239//3238 3240//3239 
f 3298//3297 3240//3239 3241//3240 
f 3299//3298 3241//3240 3242//3241 
f 3300//3299 3242//3241 3243//3242 
f 3301//3300 3243//3242 3244//3243 
f 3302//3301 3244//3243 3245//3244 
f 3303//3302 3245//3244 3246//3245 
f 3304//3303 3246//3245 3247//3246 
f 3305//3304 3247//3246 3248//3247 
f 3306//3305 3248//3247 3191//3190 
f 3307//3306 3249//3248 3250//3249 
f 3308//3307 3250//3249 3251//3250 
f 3309//3308 3251//3250 3252//3251 
f 3310//3309 3252//3251 3253//3252 
f 3311//3310 3253//3252 3254//3253 
f 3312//3311 3254//3253 3255//3254 
f 3313//3312 3255//3254 3256//3255 
f 3314//3313 3256//3255 3257//3256 
f 3315//3314 3257//3256 3258//3257 
f 3316//3315 3258//3257 3259//3258 
f 3317//3316 3259//3258 3260//3259 
f 3318//3317 3260//3259 3261//3260 
f 3319//3318 3261//3260 3262//3261 
f 3320//3319 3262//3261 3263//3262 
f 3321//3320 3263//3262 3264//3263 
f 3322//3321 3264//3263 3265//3264 
f 3323//3322 3265//3264 3266//3265 
f 3324//3323 3266//3265 3267//3266 
f 3325//3324 3267//3266 3268//3267 
f 3326//3325 3268//3267 3269//3268 
f 3327//3326 3269//3268 3270//3269 
f 3328//3327 3270//3269 3271//3270 
f 3329//3328 3271//3270 3272//3271 
f 3330//3329 3272//3271 3273//3272 
f 3331//3330 3273//3272 3274//3273 
f 3332//3331 3274//3273 3275//3274 
f 3333//3332 3275//3274 3276//3275 
f 3334//3333 3276//3275 3277//3276 
f 3335//3334 3277//3276 3278//3277 
f 3336//3335 3278//3277 3279//3278 
f 3337//3336 3279//3278 3280//3279 
f 3338//3337 3280//3279 3281//3280 
f 3339//3338 3281//3280 3282//3281 
f 3340//3339 3282//3281 3283//3282 
f 3341//3340 3283//3282 3284//3283 
f 3342//3341 3284//3283 3285//3284 
f 3343//3342 3285//3284 3286//3285 
f 3344//3343 3286//3285 3287//3286 
f 3345//3344 3287//3286 3288//3287 
f 3346//3345 3288//3287 3289//3288 
f 3347//3346 3289//3288 3290//3289 
f 3348//3347 3290//3289 3291//3290 
f 3349//3348 3291//3290 3292//3291 
f 3350//3349 3292//3291 3293//3292 
f 3351//3350 3293//3292 3294//3293 
f 3352//3351 3294//3293 3295//3294 
f 3353//3352 3295//3294 3296//3295 
f 3354//3353 3296//3295 3297//3296 
f 3355//3354 3297//3296 3298//3297 
f 3356//3355 3298//3297 3299//3298 
f 3357//3356 3299//3298 3300//3299 
f 3358//3357 3300//3299 3301//3300 
f 3359//3358 3301//3300 3302//3301 
f 3360//3359 3302//3301 3303//3302 
f 3361//3360 3303//3302 3304//3303 
f 3362//3361 3304//3303 3305//3304 
f 3363//3362 3305//3304 3306//3305 
f 3364//3363 3306//3305 3249//3248 
f 3365//3364 3307//3306 3308//3307 
f 3366//3365 3308//3307 3309//3308 
f 3367//3366 3309//3308 3310//3309 
f 3368//3367 3310//3309 3311//3310 
f 3369//3368 3311//3310 3312//3311 
f 3370//3369 3312//3311 3313//3312 
f 3371//3370 3313//3312 3314//3313 
f 3372//3371 3314//3313 3315//3314 
f 3373//3372 3315//3314 3316//3315 
f 3374//3373 3316//3315 3317//3316 
f 3375//3374 3317//3316 3318//3317 
f 3376//3375 3318//3317 3319//3318 
f 3377//3376 3319//3318 3320//3319 
f 3378//3377 3320//3319 3321//3320 
f 3379//3378 3321//3320 3322//3321 
f 3380//3379 3322//3321 3323//3322 
f 3381//3380 3323//3322 3324//3323 
f 3382//3381 3324//3323 3325//3324 
f 3383//3382 3325//3324 3326//3325 
f 3384//3383 3326//3325 3327//3326 
f 3385//3384 3327//3326 3328//3327 
f 3386//3385 3328//3327 3329//3328 
f 3387//3386 3329//3328 3330//3329 
f 3388//3387 3330//3329 3331//3330 
f 3389//3388 3331//3330 3332//3331 
f 3390//3389 3332//3331 3333//3332 
f 3391//3390 3333//3332 3334//3333 
f 3392//3391 3334//3333 3335//3334 
f 3393//3392 3335//3334 3336//3335 
f 3394//3393 3336//3335 3337//3336 
f 3395//3394 3337//3336 3338//3337 
f 3396//3395 3338//3337 3339//3338 
f 3397//3396 3339//3338 3340//3339 
f 3398//3397 3340//3339 3341//3340 
f 3399//3398 3341//3340 3342//3341 
f 3400//3399 3342//3341 3343//3342 
f 3401//3400 3343//3342 3344//3343 
f 3402//3401 3344//3343 3345//3344 
f 3403//3402 3345//3344 3346//3345 
f 3404//3403 3346//3345 3347//3346 
f 3405//3404 3347//3346 3348//3347 
f 3406//3405 3348//3347 3349//3348 
f 3407//3406 3349//3348 3350//3349 
f 3408//3407 3350//3349 3351//3350 
f 3409//3408 3351//3350 3352//3351 
f 3410//3409 3352//3351 3353//3352 
f 3411//3410 3353//3352 3354//3353 
f 3412//3411 3354//3353 3355//3354 
f 3413//3412 3355//3354 3356//3355 
f 3414//3413 3356//3355 3357//3356 
f 3415//3414 3357//3356 3358//3357 
f 3416//3415 3358//3357 3359//3358 
f 3417//3416 3359//3358 3360//3359 
f 3418//3417 3360//3359 3361//3360 
f 3419//3418 3361//3360 3362//3361 
f 3420//3419 3362//3361 3363//3362 
f 3421//3420 3363//3362 3364//3363 
f 3422//3421 3364//3363 3307//3306 
f 3423//3422 3365//3364 3366//3365 
f 3424//3423 3366//3365 3367//3366 
f 3425//3424 3367//3366 3368//3367 
f 3426//3425 3368//3367 3369//3368 
f 3427//3426 3369//3368 3370//3369 
f 3428//3427 3370//3369 3371//3370 
f 3429//3428 3371//3370 3372//3371 
f 3430//3429 3372//3371 3373//3372 
f 3431//3430 3373//3372 3374//3373 
f 3432//3431 3374//3373 3375//3374 
f 3433//3432 3375//3374 3376//3375 
f 3434//3433 3376//3375 3377//3376 
f 3435//3434 3377//3376 3378//3377 
f 3436//3435 3378//3377 3379//3378 
f 3437//3436 3379//3378 3380//3379 
f 3438//3437 3380//3379 3381//3380 
f 3439//3438 3381//3380 3382//3381 
f 3440//3439 3382//3381 3383//3382 
f 3441//3440 3383//3382 3384//3383 
f 3442//3441 3384//3383 3385//3384 
f 3443//3442 3385//3384 3386//3385 
f 3444//3443 3386//3385 3387//3386 
f 3445//3444 3387//3386 3388//3387 
f 3446//3445 3388//3387 3389//3388 
f 3447//3446 3389//3388 3390//3389 
f 3448//3447 3390//3389 3391//3390 
f 3449//3448 3391//3390 3392//3391 
f 3450//3449 3392//3391 3393//3392 
f 3451//3450 3393//3392 3394//3393 
f 3452//3451 3394//3393 3395//3394 
f 3453//3452 3395//3394 3396//3395 
f 3454//3453 3396//3395 3397//3396 
f 3455//3454 3397//3396 3398//3397 
f 3456//3455 3398//3397 3399//3398 
f 3457//3456 3399//3398 3400//3399 
f 3458//3457 3400//3399 3401//3400 
f 3459//3458 3401//3400 3402//3401 
f 3460//3459 3402//3401 3403//3402 
f 3461//3460 3403//3402 3404//3403 
f 3462//3461 3404//3403 3405//3404 
f 3463//3462 3405//3404 3406//3405 
f 3464//3463 3406//3405 3407//3406 
f 3465//3464 3407//3406 3408//3407 
f 3466//3465 3408//3407 3409//3408 
f 3467//3466 3409//3408 3410//3409 
f 3468//3467 3410//3409 3411//3410 
f 3469//3468 3411//3410 3412//3411 
f 3470//3469 3412//3411 3413//3412 
f 3471//3470 3413//3412 3414//3413 
f 3472//3471 3414//3413 3415//3414 
f 3473//3472 3415//3414 3416//3415 
f 3474//3473 3416//3415 3417//3416 
f 3475//3474 3417//3416 3418//3417 
f 3476//3475 3418//3417 3419//3418 
f 3477//3476 3419//3418 3420//3419 
f 3478//3477 3420//3419 3421//3420 
f 3479//3478 3421//3420 3422//3421 
f 3480//3479 3422//3421 3365//3364 
f 3481//3480 3423//3422 3424//3423 
f 3482//3481 3424//3423 3425//3424 
f 3483//3482 3425//3424 3426//3425 
f 3484//3483 3426//3425 3427//3426 
f 3485//3484 3427//3426 3428//3427 
f 3486//3485 3428//3427 3429//3428 
f 3487//3486 3429//3428 3430//3429 
f 3488//3487 3430//3429 3431//3430 
f 3489//3488 3431//3430 3432//3431 
f 3490//3489 3432//3431 3433//3432 
f 3491//3490 3433//3432 3434//3433 
f 3492//3491 3434//3433 3435//3434 
f 3493//3492 3435//3434 3436//3435 
f 3494//3493 3436//3435 3437//3436 
f 3495//3494 3437//3436 3438//3437 
f 3496//3495 3438//3437 3439//3438 
f 3497//3496 3439//3438 3440//3439 
f 3498//3497 3440//3439 3441//3440 
f 3499//3498 3441//3440 3442//3441 
f 3500//3499 3442//3441 3443//3442 
f 3501//3500 3443//3442 3444//3443 
f 3502//3501 3444//3443 3445//3444 
f 3503//3502 3445//3444 3446//3445 
f 3504//3503 3446//3445 3447//3446 
f 3505//3504 3447//3446 3448//3447 
f 3506//3505 3448//3447 3449//3448 
f 3507//3506 3449//3448 3450//3449 
f 3508//3507 3450//3449 3451//3450 
f 3509//3508 3451//3450 3452//3451 
f 3510//3509 3452//3451 3453//3452 
f 3511//3510 3453//3452 3454//3453 
f 3512//3511 3454//3453 3455//3454 
f 3513//3512 3455//3454 3456//3455 
f 3514//3513 3456//3455 3457//3456 
f 3515//3514 3457//3456 3458//3457 
f 3516//3515 3458//3457 3459//3458 
f 3517//3516 3459//3458 3460//3459 
f 3518//3517 3460//3459 3461//3460 
f 3519//3518 3461//3460 3462//3461 
f 3520//3519 3462//3461 3463//3462 
f 3521//3520 3463//3462 3464//3463 
f 3522//3521 3464//3463 3465//3464 
f 3523//3522 3465//3464 3466//3465 
f 3524//3523 3466//3465 3467//3466 
f 3525//3524 3467//3466 3468//3467 
f 3526//3525 3468//3467 3469//3468 
f 3527//3526 3469//3468 3470//3469 
f 3528//3527 3470//3469 3471//3470 
f 3529//3528 3471//3470 3472//3471 
f 3530//3529 3472//3471 3473//3472 
f 3531//3530 3473//3472 3474//3473 
f 3532//3531 3474//3473 3475//3474 
f 3533//3532 3475//3474 3476//3475 
f 3534//3533 3476//3475 3477//3476 
f 3535//3534 3477//3476 3478//3477 
f 3536//3535 3478//3477 3479//3478 
f 3537//3536 3479//3478 3480//3479 
f 3538//3537 3480//3479 3423//3422 
f 3539//3538 3481//3480 3482//3481 
f 3540//3539 3482//3481 3483//3482 
f 3541//3540 3483//3482 3484//3483 
f 3542//3541 3484//3483 3485//3484 
f 3543//3542 3485//3484 3486//3485 
f 3544//3543 3486//3485 3487//3486 
f 3545//3544 3487//3486 3488//3487 
f 3546//3545 3488//3487 3489//3488 
f 3547//3546 3489//3488 3490//3489 
f 3548//3547 3490//3489 3491//3490 
f 3549//3548 3491//3490 3492//3491 
f 3550//3549 3492//3491 3493//3492 
f 3551//3550 3493//3492 3494//3493 
f 3552//3551 3494//3493 3495//3494 
f 3553//3552 3495//3494 3496//3495 
f 3554//3553 3496//3495 3497//3496 
f 3555//3554 3497//3496 3498//3497 
f 3556//3555 3498//3497 3499//3498 
f 3557//3556 3499//3498 3500//3499 
f 3558//3557 3500//3499 3501//3500 
f 3559//3558 3501//3500 3502//3501 
f 3560//3559 3502//3501 3503//3502 
f 3561//3560 3503//3502 3504//3503 
f 3562//3561 3504//3503 3505//3504 
f 3563//3562 3505//3504 3506//3505 
f 3564//3563 3506//3505 3507//3506 
f 3565//3564 3507//3506 3508//3507 
f 3566//3565 3508//3507 3509//3508 
f 3567//3566 3509//3508 3510//3509 
f 3568//3567 3510//3509 3511//3510 
f 3569//3568 3511//3510 3512//3511 
f 3570//3569 3512//3511 3513//3512 
f 3571//3570 3513//3512 3514//3513 
f 3572//3571 3514//3513 3515//3514 
f 3573//3572 3515//3514 3516//3515 
f 3574//3573 3516//3515 3517//3516 
f 3575//3574 3517//3516 3518//3517 
f 3576//3575 3518//3517 3519//3518 
f 3577//3576 3519//3518 3520//3519 
f 3578//3577 3520//3519 3521//3520 
f 3579//3578 3521//3520 3522//3521 
f 3580//3579 3522//3521 3523//3522 
f 3581//3580 3523//3522 3524//3523 
f 3582//3581 3524//3523 3525//3524 
f 3583//3582 3525//3524 3526//3525 
f 3584//3583 3526//3525 3527//3526 
f 3585//3584 3527//3526 3528//3527 
f 3586//3585 3528//3527 3529//3528 
f 3587//3586 3529//3528 3530//3529 
f 3588//3587 3530//3529 3531//3530 
f 3589//3588 3531//3530 3532//3531 
f 3590//3589 3532//3531 3533//3532 
f 3591//3590 3533//3532 3534//3533 
f 3592//3591 3534//3533 3535//3534 
f 3593//3592 3535//3534 3536//3535 
f 3594//3593 3536//3535 3537//3536 
f 3595//3594 3537//3536 3538//3537 
f 3596//3595 3538//3537 3481//3480 
f 3597//3596 3539//3538 3540//3539 
f 3598//3597 3540//3539 3541//3540 
f 3599//3598 3541//3540 3542//3541 
f 3600//3599 3542//3541 3543//3542 
f 3601//3600 3543//3542 3544//3543 
f 3602//3601 3544//3543 3545//3544 
f 3603//3602 3545//3544 3546//3545 
f 3604//3603 3546//3545 3547//3546 
f 3605//3604 3547//3546 3548//3547 
f 3606//3605 3548//3547 3549//3548 
f 3607//3606 3549//3548 3550//3549 
f 3608//3607 3550//3549 3551//3550 
f 3609//3608 3551//3550 3552//3551 
f 3610//3609 3552//3551 3553//3552 
f 3611//3610 3553//3552 3554//3553 
f 3612//3611 3554//3553 3555//3554 
f 3613//3612 3555//3554 3556//3555 
f 3614//3613 3556//3555 3557//3556 
f 3615//3614 3557//3556 3558//3557 
f 3616//3615 3558//3557 3559//3558 
f 3617//3616 3559//3558 3560//3559 
f 3618//3617 3560//3559 3561//3560 
f 3619//3618 3561//3560 3562//3561 
f 3620//3619 3562//3561 3563//3562 
f 3621//3620 3563//3562 3564//3563 
f 3622//3621 3564//3563 3565//3564 
f 3623//3622 3565//3564 3566//3565 
f 3624//3623 3566//3565 3567//3566 
f 3625//3624 3567//3566 3568//3567 
f 3626//3625 3568//3567 3569//3568 
f 3627//3626 3569//3568 3570//3569 
f 3628//3627 3570//3569 3571//3570 
f 3629//3628 3571//3570 3572//3571 
f 3630//3629 3572//3571 3573//3572 
f 3631//3630 3573//3572 3574//3573 
f 3632//3631 3574//3573 3575//3574 
f 3633//3632 3575//3574 3576//3575 
f 3634//3633 3576//3575 3577//3576 
f 3635//3634 3577//3576 3578//3577 
f 3636//3635 3578//3577 3579//3578 
f 3637//3636 3579//3578 3580//3579 
f 3638//3637 3580//3579 3581//3580 
f 3639//3638 3581//3580 3582//3581 
f 3640//3639 3582//3581 3583//3582 
f 3641//3640 3583//3582 3584//3583 
f 3642//3641 3584//3583 3585//3584 
f 3643//3642 3585//3584 3586//3585 
f 3644//3643 3586//3585 3587//3586 
f 3645//3644 3587//3586 3588//3587 
f 3646//3645 3588//3587 3589//3588 
f 3647//3646 3589//3588 3590//3589 
f 3648//3647 3590//3589 3591//3590 
f 3649//3648 3591//3590 3592//3591 
f 3650//3649 3592//3591 3593//3592 
f 3651//3650 3593//3592 3594//3593 
f 3652//3651 3594//3593 3595//3594 
f 3653//3652 3595//3594 3596//3595 
f 3654//3653 3596//3595 3539//3538 
f 3655//3654 3597//3596 3598//3597 
f 3656//3655 3598//3597 3599//3598 
f 3657//3656 3599//3598 3600//3599 
f 3658//3657 3600//3599 3601//3600 
f 3659//3658 3601//3600 3602//3601 
f 3660//3659 3602//3601 3603//3602 
f 3661//3660 3603//3602 3604//3603 
f 3662//3661 3604//3603 3605//3604 
f 3663//3662 3605//3604 3606//3605 
f 3664//3663 3606//3605 3607//3606 
f 3665//3664 3607//3606 3608//3607 
f 3666//3665 3608//3607 3609//3608 
f 3667//3666 3609//3608 3610//3609 
f 3668//3667 3610//3609 3611//3610 
f 3669//3668 3611//3610 3612//3611 
f 3670//3669 3612//3611 3613//3612 
f 3671//3670 3613//3612 3614//3613 
f 3672//3671 3614//3613 3615//3614 
f 3673//3672 3615//3614 3616//3615 
f 3674//3673 3616//3615 3617//3616 
f 3675//3674 3617//3616 3618//3617 
f 3676//3675 3618//3617 3619//3618 
f 3677//3676 3619//3618 3620//3619 
f 3678//3677 3620//3619 3621//3620 
f 3679//3678 3621//3620 3622//3621 
f 3680//3679 3622//3621 3623//3622 
f 3681//3680 3623//3622 3624//3623 
f 3682//3681 3624//3623 3625//3624 
f 3683//3682 3625//3624 3626//3625 
f 3684//3683 3626//3625 3627//3626 
f 3685//3684 3627//3626 3628//3627 
f 3686//3685 3628//3627 3629//3628 
f 3687//3686 3629//3628 3630//3629 
f 3688//3687 3630//3629 3631//3630 
f 3689//3688 3631//3630 3632//3631 
f 3690//3689 3632//3631 3633//3632 
f 3691//3690 3633//3632 3634//3633 
f 3692//3691 3634//3633 3635//3634 
f 3693//3692 3635//3634 3636//3635 
f 3694//3693 3636//3635 3637//3636 
f 3695//3694 3637//3636 3638//3637 
f 3696//3695 3638//3637 3639//3638 
f 3697//3696 3639//3638 3640//3639 
f 3698//3697 3640//3639 3641//3640 
f 3699//3698 3641//3640 3642//3641 
f 3700//3699 3642//3641 3643//3642 
f 3701//3700 3643//3642 3644//3643 
f 3702//3701 3644//3643 3645//3644 
f 3703//3702 3645//3644 3646//3645 
f 3704//3703 3646//3645 3647//3646 
f 3705//3704 3647//3646 3648//3647 
f 3706//3705 3648//3647 3649//3648 
f 3707//3706 3649//3648 3650//3649 
f 3708//3707 3650//3649 3651//3650 
f 3709//3708 3651//3650 3652//3651 
f 3710//3709 3652//3651 3653//3652 
f 3711//3710 3653//3652 3654//3653 
f 3712//3711 3654//3653 3597//3596 
f 1966//3712 3655//3654 3656//3655 
f 1964//3712 3656//3655 3657//3656 
f 1963//3712 3657//3656 3658//3657 
f 1951//3712 3658//3657 3659//3658 
f 1950//3712 3659//3658 3660//3659 
f 1943//3712 3660//3659 3661//3660 
f 1942//3712 3661//3660 3662//3661 
f 1922//3712 3662//3661 3663//3662 
f 1921//3712 3663//3662 3664//3663 
f 1920//3712 3664//3663 3665//3664 
f 1919//3712 3665//3664 3666//3665 
f 1918//3712 3666//3665 3667//3666 
f 1917//3712 3667//3666 3668//3667 
f 1915//3712 3668//3667 3669//3668 
f 1916//3712 3669//3668 3670//3669 
f 1949//3712 3670//3669 3671//3670 
f 1941//3712 3671//3670 3672//3671 
f 1940//3712 3672//3671 3673//3672 
f 1939//3712 3673//3672 3674//3673 
f 1937//3712 3674//3673 3675//3674 
f 1938//3712 3675//3674 3676//3675 
f 1969//3712 3676//3675 3677//3676 
f 1968//3712 3677//3676 3678//3677 
f 1962//3712 3678//3677 3679//3678 
f 1961//3712 3679//3678 3680//3679 
f 1960//3712 3680//3679 3681//3680 
f 1958//3712 3681//3680 3682//3681 
f 1959//3712 3682//3681 3683//3682 
f 1967//3712 3683//3682 3684//3683 
f 1971//3712 3684//3683 3685//3684 
f 1970//3712 3685//3684 3686//3685 
f 1948//3712 3686//3685 3687//3686 
f 1947//3712 3687//3686 3688//3687 
f 1936//3712 3688//3687 3689//3688 
f 1934//3712 3689//3688 3690//3689 
f 1935//3712 3690//3689 3691//3690 
f 1933//3712 3691//3690 3692//3691 
f 1931//3712 3692//3691 3693//3692 
f 1932//3712 3693//3692 3694//3693 
f 1946//3712 3694//3693 3695//3694 
f 1930//3712 3695//3694 3696//3695 
f 1928//3712 3696//3695 3697//3696 
f 1929//3712 3697//3696 3698//3697 
f 1957//3712 3698//3697 3699//3698 
f 1956//3712 3699//3698 3700//3699 
f 1954//3712 3700//3699 3701//3700 
f 1955//3712 3701//3700 3702//3701 
f 1965//3712 3702//3701 3703//3702 
f 1945//3712 3703//3702 3704//3703 
f 1944//3712 3704//3703 3705//3704 
f 1927//3712 3705//3704 3706//3705 
f 1926//3712 3706//3705 3707//3706 
f 1925//3712 3707//3706 3708//3707 
f 1923//3712 3708//3707 3709//3708 
f 1924//3712 3709//3708 3710//3709 
f 1952//3712 3710//3709 3711//3710 
f 1953//3712 3711//3710 3712//3711 
f 1972//3712 3712//3711 3655//3654 
f 3655//3654 1966//3712 1972//3712 
f 3712//3711 1972//3712 1953//3712 
f 3711//3710 1953//3712 1952//3712 
f 3710//3709 1952//3712 1924//3712 
f 3709//3708 1924//3712 1923//3712 
f 3708//3707 1923//3712 1925//3712 
f 3707//3706 1925//3712 1926//3712 
f 3706//3705 1926//3712 1927//3712 
f 3705//3704 1927//3712 1944//3712 
f 3704//3703 1944//3712 1945//3712 
f 3703//3702 1945//3712 1965//3712 
f 3702//3701 1965//3712 1955//3712 
f 3701//3700 1955//3712 1954//3712 
f 3700//3699 1954//3712 1956//3712 
f 3699//3698 1956//3712 1957//3712 
f 3698//3697 1957//3712 1929//3712 
f 3697//3696 1929//3712 1928//3712 
f 3696//3695 1928//3712 1930//3712 
f 3695//3694 1930//3712 1946//3712 
f 3694//3693 1946//3712 1932//3712 
f 3693//3692 1932//3712 1931//3712 
f 3692//3691 1931//3712 1933//3712 
f 3691//3690 1933//3712 1935//3712 
f 3690//3689 1935//3712 1934//3712 
f 3689//3688 1934//3712 1936//3712 
f 3688//3687 1936//3712 1947//3712 
f 3687//3686 1947//3712 1948//3712 
f 3686//3685 1948//3712 1970//3712 
f 3685//3684 1970//3712 1971//3712 
f 3684//3683 1971//3712 1967//3712 
f 3683//3682 1967//3712 1959//3712 
f 3682//3681 1959//3712 1958//3712 
f 3681//3680 1958//3712 1960//3712 
f 3680//3679 1960//3712 1961//3712 
f 3679//3678 1961//3712 1962//3712 
f 3678//3677 1962//3712 1968//3712 
f 3677//3676 1968//3712 1969//3712 
f 3676//3675 1969//3712 1938//3712 
f 3675//3674 1938//3712 1937//3712 
f 3674//3673 1937//3712 1939//3712 
f 3673//3672 1939//3712 1940//3712 
f 3672//3671 1940//3712 1941//3712 
f 3671//3670 1941//3712 1949//3712 
f 3670//3669 1949//3712 1916//3712 
f 3669//3668 1916//3712 1915//3712 
f 3668//3667 1915//3712 1917//3712 
f 3667//3666 1917//3712 1918//3712 
f 3666//3665 1918//3712 1919//3712 
f 3665//3664 1919//3712 1920//3712 
f 3664//3663 1920//3712 1921//3712 
f 3663//3662 1921//3712 1922//3712 
f 3662//3661 1922//3712 1942//3712 
f 3661//3660 1942//3712 1943//3712 
f 3660//3659 1943//3712 1950//3712 
f 3659//3658 1950//3712 1951//3712 
f 3658//3657 1951//3712 1963//3712 
f 3657//3656 1963//3712 1964//3712 
f 3656//3655 1964//3712 1966//3712 
f 3597//3596 3655//3654 3712//3711 
f 3654//3653 3712//3711 3711//3710 
f 3653//3652 3711//3710 3710//3709 
f 3652//3651 3710//3709 3709//3708 
f 3651//3650 3709//3708 3708//3707 
f 3650//3649 3708//3707 3707//3706 
f 3649//3648 3707//3706 3706//3705 
f 3648//3647 3706//3705 3705//3704 
f 3647//3646 3705//3704 3704//3703 
f 3646//3645 3704//3703 3703//3702 
f 3645//3644 3703//3702 3702//3701 
f 3644//3643 3702//3701 3701//3700 
f 3643//3642 3701//3700 3700//3699 
f 3642//3641 3700//3699 3699//3698 
f 3641//3640 3699//3698 3698//3697 
f 3640//3639 3698//3697 3697//3696 
f 3639//3638 3697//3696 3696//3695 
f 3638//3637 3696//3695 3695//3694 
f 3637//3636 3695//3694 3694//3693 
f 3636//3635 3694//3693 3693//3692 
f 3635//3634 3693//3692 3692//3691 
f 3634//3633 3692//3691 3691//3690 
f 3633//3632 3691//3690 3690//3689 
f 3632//3631 3690//3689 3689//3688 
f 3631//3630 3689//3688 3688//3687 
f 3630//3629 3688//3687 3687//3686 
f 3629//3628 3687//3686 3686//3685 
f 3628//3627 3686//3685 3685//3684 
f 3627//3626 3685//3684 3684//3683 
f 3626//3625 3684//3683 3683//3682 
f 3625//3624 3683//3682 3682//3681 
f 3624//3623 3682//3681 3681//3680 
f 3623//3622 3681//3680 3680//3679 
f 3622//3621 3680//3679 3679//3678 
f 3621//3620 3679//3678 3678//3677 
f 3620//3619 3678//3677 3677//3676 
f 3619//3618 3677//3676 3676//3675 
f 3618//3617 3676//3675 3675//3674 
f 3617//3616 3675//3674 3674//3673 
f 3616//3615 3674//3673 3673//3672 
f 3615//3614 3673//3672 3672//3671 
f 3614//3613 3672//3671 3671//3670 
f 3613//3612 3671//3670 3670//3669 
f 3612//3611 3670//3669 3669//3668 
f 3611//3610 3669//3668 3668//3667 
f 3610//3609 3668//3667 3667//3666 
f 3609//3608 3667//3666 3666//3665 
f 3608//3607 3666//3665 3665//3664 
f 3607//3606 3665//3664 3664//3663 
f 3606//3605 3664//3663 3663//3662 
f 3605//3604 3663//3662 3662//3661 
f 3604//3603 3662//3661 3661//3660 
f 3603//3602 3661//3660 3660//3659 
f 3602//3601 3660//3659 3659//3658 
f 3601//3600 3659//3658 3658//3657 
f 3600//3599 3658//3657 3657//3656 
f 3599//3598 3657//3656 3656//3655 
f 3598//3597 3656//3655 3655//3654 
f 3539//3538 3597//3596 3654//3653 
f 3596//3595 3654//3653 3653//3652 
f 3595//3594 3653//3652 3652//3651 
f 3594//3593 3652//3651 3651//3650 
f 3593//3592 3651//3650 3650//3649 
f 3592//3591 3650//3649 3649//3648 
f 3591//3590 3649//3648 3648//3647 
f 3590//3589 3648//3647 3647//3646 
f 3589//3588 3647//3646 3646//3645 
f 3588//3587 3646//3645 3645//3644 
f 3587//3586 3645//3644 3644//3643 
f 3586//3585 3644//3643 3643//3642 
f 3585//3584 3643//3642 3642//3641 
f 3584//3583 3642//3641 3641//3640 
f 3583//3582 3641//3640 3640//3639 
f 3582//3581 3640//3639 3639//3638 
f 3581//3580 3639//3638 3638//3637 
f 3580//3579 3638//3637 3637//3636 
f 3579//3578 3637//3636 3636//3635 
f 3578//3577 3636//3635 3635//3634 
f 3577//3576 3635//3634 3634//3633 
f 3576//3575 3634//3633 3633//3632 
f 3575//3574 3633//3632 3632//3631 
f 3574//3573 3632//3631 3631//3630 
f 3573//3572 3631//3630 3630//3629 
f 3572//3571 3630//3629 3629//3628 
f 3571//3570 3629//3628 3628//3627 
f 3570//3569 3628//3627 3627//3626 
f 3569//3568 3627//3626 3626//3625 
f 3568//3567 3626//3625 3625//3624 
f 3567//3566 3625//3624 3624//3623 
f 3566//3565 3624//3623 3623//3622 
f 3565//3564 3623//3622 3622//3621 
f 3564//3563 3622//3621 3621//3620 
f 3563//3562 3621//3620 3620//3619 
f 3562//3561 3620//3619 3619//3618 
f 3561//3560 3619//3618 3618//3617 
f 3560//3559 3618//3617 3617//3616 
f 3559//3558 3617//3616 3616//3615 
f 3558//3557 3616//3615 3615//3614 
f 3557//3556 3615//3614 3614//3613 
f 3556//3555 3614//3613 3613//3612 
f 3555//3554 3613//3612 3612//3611 
f 3554//3553 3612//3611 3611//3610 
f 3553//3552 3611//3610 3610//3609 
f 3552//3551 3610//3609 3609//3608 
f 3551//3550 3609//3608 3608//3607 
f 3550//3549 3608//3607 3607//3606 
f 3549//3548 3607//3606 3606//3605 
f 3548//3547 3606//3605 3605//3604 
f 3547//3546 3605//3604 3604//3603 
f 3546//3545 3604//3603 3603//3602 
f 3545//3544 3603//3602 3602//3601 
f 3544//3543 3602//3601 3601//3600 
f 3543//3542 3601//3600 3600//3599 
f 3542//3541 3600//3599 3599//3598 
f 3541//3540 3599//3598 3598//3597 
f 3540//3539 3598//3597 3597//3596 
f 3481//3480 3539//3538 3596//3595 
f 3538//3537 3596//3595 3595//3594 
f 3537//3536 3595//3594 3594//3593 
f 3536//3535 3594//3593 3593//3592 
f 3535//3534 3593//3592 3592//3591 
f 3534//3533 3592//3591 3591//3590 
f 3533//3532 3591//3590 3590//3589 
f 3532//3531 3590//3589 3589//3588 
f 3531//3530 3589//3588 3588//3587 
f 3530//3529 3588//3587 3587//3586 
f 3529//3528 3587//3586 3586//3585 
f 3528//3527 3586//3585 3585//3584 
f 3527//3526 3585//3584 3584//3583 
f 3526//3525 3584//3583 3583//3582 
f 3525//3524 3583//3582 3582//3581 
f 3524//3523 3582//3581 3581//3580 
f 3523//3522 3581//3580 3580//3579 
f 3522//3521 3580//3579 3579//3578 
f 3521//3520 3579//3578 3578//3577 
f 3520//3519 3578//3577 3577//3576 
f 3519//3518 3577//3576 3576//3575 
f 3518//3517 3576//3575 3575//3574 
f 3517//3516 3575//3574 3574//3573 
f 3516//3515 3574//3573 3573//3572 
f 3515//3514 3573//3572 3572//3571 
f 3514//3513 3572//3571 3571//3570 
f 3513//3512 3571//3570 3570//3569 
f 3512//3511 3570//3569 3569//3568 
f 3511//3510 3569//3568 3568//3567 
f 3510//3509 3568//3567 3567//3566 
f 3509//3508 3567//3566 3566//3565 
f 3508//3507 3566//3565 3565//3564 
f 3507//3506 3565//3564 3564//3563 
f 3506//3505 3564//3563 3563//3562 
f 3505//3504 3563//3562 3562//3561 
f 3504//3503 3562//3561 3561//3560 
f 3503//3502 3561//3560 3560//3559 
f 3502//3501 3560//3559 3559//3558 
f 3501//3500 3559//3558 3558//3557 
f 3500//3499 3558//3557 3557//3556 
f 3499//3498 3557//3556 3556//3555 
f 3498//3497 3556//3555 3555//3554 
f 3497//3496 3555//3554 3554//3553 
f 3496//3495 3554//3553 3553//3552 
f 3495//3494 3553//3552 3552//3551 
f 3494//3493 3552//3551 3551//3550 
f 3493//3492 3551//3550 3550//3549 
f 3492//3491 3550//3549 3549//3548 
f 3491//3490 3549//3548 3548//3547 
f 3490//3489 3548//3547 3547//3546 
f 3489//3488 3547//3546 3546//3545 
f 3488//3487 3546//3545 3545//3544 
f 3487//3486 3545//3544 3544//3543 
f 3486//3485 3544//3543 3543//3542 
f 3485//3484 3543//3542 3542//3541 
f 3484//3483 3542//3541 3541//3540 
f 3483//3482 3541//3540 3540//3539 
f 3482//3481 3540//3539 3539//3538 
f 3423//3422 3481//3480 3538//3537 
f 3480//3479 3538//3537 3537//3536 
f 3479//3478 3537//3536 3536//3535 
f 3478//3477 3536//3535 3535//3534 
f 3477//3476 3535//3534 3534//3533 
f 3476//3475 3534//3533 3533//3532 
f 3475//3474 3533//3532 3532//3531 
f 3474//3473 3532//3531 3531//3530 
f 3473//3472 3531//3530 3530//3529 
f 3472//3471 3530//3529 3529//3528 
f 3471//3470 3529//3528 3528//3527 
f 3470//3469 3528//3527 3527//3526 
f 3469//3468 3527//3526 3526//3525 
f 3468//3467 3526//3525 3525//3524 
f 3467//3466 3525//3524 3524//3523 
f 3466//3465 3524//3523 3523//3522 
f 3465//3464 3523//3522 3522//3521 
f 3464//3463 3522//3521 3521//3520 
f 3463//3462 3521//3520 3520//3519 
f 3462//3461 3520//3519 3519//3518 
f 3461//3460 3519//3518 3518//3517 
f 3460//3459 3518//3517 3517//3516 
f 3459//3458 3517//3516 3516//3515 
f 3458//3457 3516//3515 3515//3514 
f 3457//3456 3515//3514 3514//3513 
f 3456//3455 3514//3513 3513//3512 
f 3455//3454 3513//3512 3512//3511 
f 3454//3453 3512//3511 3511//3510 
f 3453//3452 3511//3510 3510//3509 
f 3452//3451 3510//3509 3509//3508 
f 3451//3450 3509//3508 3508//3507 
f 3450//3449 3508//3507 3507//3506 
f 3449//3448 3507//3506 3506//3505 
f 3448//3447 3506//3505 3505//3504 
f 3447//3446 3505//3504 3504//3503 
f 3446//3445 3504//3503 3503//3502 
f 3445//3444 3503//3502 3502//3501 
f 3444//3443 3502//3501 3501//3500 
f 3443//3442 3501//3500 3500//3499 
f 3442//3441 3500//3499 3499//3498 
f 3441//3440 3499//3498 3498//3497 
f 3440//3439 3498//3497 3497//3496 
f 3439//3438 3497//3496 3496//3495 
f 3438//3437 3496//3495 3495//3494 
f 3437//3436 3495//3494 3494//3493 
f 3436//3435 3494//3493 3493//3492 
f 3435//3434 3493//3492 3492//3491 
f 3434//3433 3492//3491 3491//3490 
f 3433//3432 3491//3490 3490//3489 
f 3432//3431 3490//3489 3489//3488 
f 3431//3430 3489//3488 3488//3487 
f 3430//3429 3488//3487 3487//3486 
f 3429//3428 3487//3486 3486//3485 
f 3428//3427 3486//3485 3485//3484 
f 3427//3426 3485//3484 3484//3483 
f 3426//3425 3484//3483 3483//3482 
f 3425//3424 3483//3482 3482//3481 
f 3424//3423 3482//3481 3481//3480 
f 3365//3364 3423//3422 3480//3479 
f 3422//3421 3480//3479 3479//3478 
f 3421//3420 3479//3478 3478//3477 
f 3420//3419 3478//3477 3477//3476 
f 3419//3418 3477//3476 3476//3475 
f 3418//3417 3476//3475 3475//3474 
f 3417//3416 3475//3474 3474//3473 
f 3416//3415 3474//3473 3473//3472 
f 3415//3414 3473//3472 3472//3471 
f 3414//3413 3472//3471 3471//3470 
f 3413//3412 3471//3470 3470//3469 
f 3412//3411 3470//3469 3469//3468 
f 3411//3410 3469//3468 3468//3467 
f 3410//3409 3468//3467 3467//3466 
f 3409//3408 3467//3466 3466//3465 
f 3408//3407 3466//3465 3465//3464 
f 3407//3406 3465//3464 3464//3463 
f 3406//3405 3464//3463 3463//3462 
f 3405//3404 3463//3462 3462//3461 
f 3404//3403 3462//3461 3461//3460 
f 3403//3402 3461//3460 3460//3459 
f 3402//3401 3460//3459 3459//3458 
f 3401//3400 3459//3458 3458//3457 
f 3400//3399 3458//3457 3457//3456 
f 3399//3398 3457//3456 3456//3455 
f 3398//3397 3456//3455 3455//3454 
f 3397//3396 3455//3454 3454//3453 
f 3396//3395 3454//3453 3453//3452 
f 3395//3394 3453//3452 3452//3451 
f 3394//3393 3452//3451 3451//3450 
f 3393//3392 3451//3450 3450//3449 
f 3392//3391 3450//3449 3449//3448 
f 3391//3390 3449//3448 3448//3447 
f 3390//3389 3448//3447 3447//3446 
f 3389//3388 3447//3446 3446//3445 
f 3388//3387 3446//3445 3445//3444 
f 3387//3386 3445//3444 3444//3443 
f 3386//3385 3444//3443 3443//3442 
f 3385//3384 3443//3442 3442//3441 
f 3384//3383 3442//3441 3441//3440 
f 3383//3382 3441//3440 3440//3439 
f 3382//3381 3440//3439 3439//3438 
f 3381//3380 3439//3438 3438//3437 
f 3380//3379 3438//3437 3437//3436 
f 3379//3378 3437//3436 3436//3435 
f 3378//3377 3436//3435 3435//3434 
f 3377//3376 3435//3434 3434//3433 
f 3376//3375 3434//3433 3433//3432 
f 3375//3374 3433//3432 3432//3431 
f 3374//3373 3432//3431 3431//3430 
f 3373//3372 3431//3430 3430//3429 
f 3372//3371 3430//3429 3429//3428 
f 3371//3370 3429//3428 3428//3427 
f 3370//3369 3428//3427 3427//3426 
f 3369//3368 3427//3426 3426//3425 
f 3368//3367 3426//3425 3425//3424 
f 3367//3366 3425//3424 3424//3423 
f 3366//3365 3424//3423 3423//3422 
f 3307//3306 3365//3364 3422//3421 
f 3364//3363 3422//3421 3421//3420 
f 3363//3362 3421//3420 3420//3419 
f 3362//3361 3420//3419 3419//3418 
f 3361//3360 3419//3418 3418//3417 
f 3360//3359 3418//3417 3417//3416 
f 3359//3358 3417//3416 3416//3415 
f 3358//3357 3416//3415 3415//3414 
f 3357//3356 3415//3414 3414//3413 
f 3356//3355 3414//3413 3413//3412 
f 3355//3354 3413//3412 3412//3411 
f 3354//3353 3412//3411 3411//3410 
f 3353//3352 3411//3410 3410//3409 
f 3352//3351 3410//3409 3409//3408 
f 3351//3350 3409//3408 3408//3407 
f 3350//3349 3408//3407 3407//3406 
f 3349//3348 3407//3406 3406//3405 
f 3348//3347 3406//3405 3405//3404 
f 3347//3346 3405//3404 3404//3403 
f 3346//3345 3404//3403 3403//3402 
f 3345//3344 3403//3402 3402//3401 
f 3344//3343 3402//3401 3401//3400 
f 3343//3342 3401//3400 3400//3399 
f 3342//3341 3400//3399 3399//3398 
f 3341//3340 3399//3398 3398//3397 
f 3340//3339 3398//3397 3397//3396 
f 3339//3338 3397//3396 3396//3395 
f 3338//3337 3396//3395 3395//3394 
f 3337//3336 3395//3394 3394//3393 
f 3336//3335 3394//3393 3393//3392 
f 3335//3334 3393//3392 3392//3391 
f 3334//3333 3392//3391 3391//3390 
f 3333//3332 3391//3390 3390//3389 
f 3332//3331 3390//3389 3389//3388 
f 3331//3330 3389//3388 3388//3387 
f 3330//3329 3388//3387 3387//3386 
f 3329//3328 3387//3386 3386//3385 
f 3328//3327 3386//3385 3385//3384 
f 3327//3326 3385//3384 3384//3383 
f 3326//3325 3384//3383 3383//3382 
f 3325//3324 3383//3382 3382//3381 
f 3324//3323 3382//3381 3381//3380 
f 3323//3322 3381//3380 3380//3379 
f 3322//3321 3380//3379 3379//3378 
f 3321//3320 3379//3378 3378//3377 
f 3320//3319 3378//3377 3377//3376 
f 3319//3318 3377//3376 3376//3375 
f 3318//3317 3376//3375 3375//3374 
f 3317//3316 3375//3374 3374//3373 
f 3316//3315 3374//3373 3373//3372 
f 3315//3314 3373//3372 3372//3371 
f 3314//3313 3372//3371 3371//3370 
f 3313//3312 3371//3370 3370//3369 
f 3312//3311 3370//3369 3369//3368 
f 3311//3310 3369//3368 3368//3367 
f 3310//3309 3368//3367 3367//3366 
f 3309//3308 3367//3366 3366//3365 
f 3308//3307 3366//3365 3365//3364 
f 3249//3248 3307//3306 3364//3363 
f 3306//3305 3364//3363 3363//3362 
f 3305//3304 3363//3362 3362//3361 
f 3304//3303 3362//3361 3361//3360 
f 3303//3302 3361//3360 3360//3359 
f 3302//3301 3360//3359 3359//3358 
f 3301//3300 3359//3358 3358//3357 
f 3300//3299 3358//3357 3357//3356 
f 3299//3298 3357//3356 3356//3355 
f 3298//3297 3356//3355 3355//3354 
f 3297//3296 3355//3354 3354//3353 
f 3296//3295 3354//3353 3353//3352 
f 3295//3294 3353//3352 3352//3351 
f 3294//3293 3352//3351 3351//3350 
f 3293//3292 3351//3350 3350//3349 
f 3292//3291 3350//3349 3349//3348 
f 3291//3290 3349//3348 3348//3347 
f 3290//3289 3348//3347 3347//3346 
f 3289//3288 3347//3346 3346//3345 
f 3288//3287 3346//3345 3345//3344 
f 3287//3286 3345//3344 3344//3343 
f 3286//3285 3344//3343 3343//3342 
f 3285//3284 3343//3342 3342//3341 
f 3284//3283 3342//3341 3341//3340 
f 3283//3282 3341//3340 3340//3339 
f 3282//3281 3340//3339 3339//3338 
f 3281//3280 3339//3338 3338//3337 
f 3280//3279 3338//3337 3337//3336 
f 3279//3278 3337//3336 3336//3335 
f 3278//3277 3336//3335 3335//3334 
f 3277//3276 3335//3334 3334//3333 
f 3276//3275 3334//3333 3333//3332 
f 3275//3274 3333//3332 3332//3331 
f 3274//3273 3332//3331 3331//3330 
f 3273//3272 3331//3330 3330//3329 
f 3272//3271 3330//3329 3329//3328 
f 3271//3270 3329//3328 3328//3327 
f 3270//3269 3328//3327 3327//3326 
f 3269//3268 3327//3326 3326//3325 
f 3268//3267 3326//3325 3325//3324 
f 3267//3266 3325//3324 3324//3323 
f 3266//3265 3324//3323 3323//3322 
f 3265//3264 3323//3322 3322//3321 
f 3264//3263 3322//3321 3321//3320 
f 3263//3262 3321//3320 3320//3319 
f 3262//3261 3320//3319 3319//3318 
f 3261//3260 3319//3318 3318//3317 
f 3260//3259 3318//3317 3317//3316 
f 3259//3258 3317//3316 3316//3315 
f 3258//3257 3316//3315 3315//3314 
f 3257//3256 3315//3314 3314//3313 
f 3256//3255 3314//3313 3313//3312 
f 3255//3254 3313//3312 3312//3311 
f 3254//3253 3312//3311 3311//3310 
f 3253//3252 3311//3310 3310//3309 
f 3252//3251 3310//3309 3309//3308 
f 3251//3250 3309//3308 3308//3307 
f 3250//3249 3308//3307 3307//3306 
f 3191//3190 3249//3248 3306//3305 
f 3248//3247 3306//3305 3305//3304 
f 3247//3246 3305//3304 3304//3303 
f 3246//3245 3304//3303 3303//3302 
f 3245//3244 3303//3302 3302//3301 
f 3244//3243 3302//3301 3301//3300 
f 3243//3242 3301//3300 3300//3299 
f 3242//3241 3300//3299 3299//3298 
f 3241//3240 3299//3298 3298//3297 
f 3240//3239 3298//3297 3297//3296 
f 3239//3238 3297//3296 3296//3295 
f 3238//3237 3296//3295 3295//3294 
f 3237//3236 3295//3294 3294//3293 
f 3236//3235 3294//3293 3293//3292 
f 3235//3234 3293//3292 3292//3291 
f 3234//3233 3292//3291 3291//3290 
f 3233//3232 3291//3290 3290//3289 
f 3232//3231 3290//3289 3289//3288 
f 3231//3230 3289//3288 3288//3287 
f 3230//3229 3288//3287 3287//3286 
f 3229//3228 3287//3286 3286//3285 
f 3228//3227 3286//3285 3285//3284 
f 3227//3226 3285//3284 3284//3283 
f 3226//3225 3284//3283 3283//3282 
f 3225//3224 3283//3282 3282//3281 
f 3224//3223 3282//3281 3281//3280 
f 3223//3222 3281//3280 3280//3279 
f 3222//3221 3280//3279 3279//3278 
f 3221//3220 3279//3278 3278//3277 
f 3220//3219 3278//3277 3277//3276 
f 3219//3218 3277//3276 3276//3275 
f 3218//3217 3276//3275 3275//3274 
f 3217//3216 3275//3274 3274//3273 
f 3216//3215 3274//3273 3273//3272 
f 3215//3214 3273//3272 3272//3271 
f 3214//3213 3272//3271 3271//3270 
f 3213//3212 3271//3270 3270//3269 
f 3212//3211 3270//3269 3269//3268 
f 3211//3210 3269//3268 3268//3267 
f 3210//3209 3268//3267 3267//3266 
f 3209//3208 3267//3266 3266//3265 
f 3208//3207 3266//3265 3265//3264 
f 3207//3206 3265//3264 3264//3263 
f 3206//3205 3264//3263 3263//3262 
f 3205//3204 3263//3262 3262//3261 
f 3204//3203 3262//3261 3261//3260 
f 3203//3202 3261//3260 3260//3259 
f 3202//3201 3260//3259 3259//3258 
f 3201//3200 3259//3258 3258//3257 
f 3200//3199 3258//3257 3257//3256 
f 3199//3198 3257//3256 3256//3255 
f 3198//3197 3256//3255 3255//3254 
f 3197//3196 3255//3254 3254//3253 
f 3196//3195 3254//3253 3253//3252 
f 3195//3194 3253//3252 3252//3251 
f 3194//3193 3252//3251 3251//3250 
f 3193//3192 3251//3250 3250//3249 
f 3192//3191 3250//3249 3249//3248 
f 3133//3132 3191//3190 3248//3247 
f 3190//3189 3248//3247 3247//3246 
f 3189//3188 3247//3246 3246//3245 
f 3188//3187 3246//3245 3245//3244 
f 3187//3186 3245//3244 3244//3243 
f 3186//3185 3244//3243 3243//3242 
f 3185//3184 3243//3242 3242//3241 
f 3184//3183 3242//3241 3241//3240 
f 3183//3182 3241//3240 3240//3239 
f 3182//3181 3240//3239 3239//3238 
f 3181//3180 3239//3238 3238//3237 
f 3180//3179 3238//3237 3237//3236 
f 3179//3178 3237//3236 3236//3235 
f 3178//3177 3236//3235 3235//3234 
f 3177//3176 3235//3234 3234//3233 
f 3176//3175 3234//3233 3233//3232 
f 3175//3174 3233//3232 3232//3231 
f 3174//3173 3232//3231 3231//3230 
f 3173//3172 3231//3230 3230//3229 
f 3172//3171 3230//3229 3229//3228 
f 3171//3170 3229//3228 3228//3227 
f 3170//3169 3228//3227 3227//3226 
f 3169//3168 3227//3226 3226//3225 
f 3168//3167 3226//3225 3225//3224 
f 3167//3166 3225//3224 3224//3223 
f 3166//3165 3224//3223 3223//3222 
f 3165//3164 3223//3222 3222//3221 
f 3164//3163 3222//3221 3221//3220 
f 3163//3162 3221//3220 3220//3219 
f 3162//3161 3220//3219 3219//3218 
f 3161//3160 3219//3218 3218//3217 
f 3160//3159 3218//3217 3217//3216 
f 3159//3158 3217//3216 3216//3215 
f 3158//3157 3216//3215 3215//3214 
f 3157//3156 3215//3214 3214//3213 
f 3156//3155 3214//3213 3213//3212 
f 3155//3154 3213//3212 3212//3211 
f 3154//3153 3212//3211 3211//3210 
f 3153//3152 3211//3210 3210//3209 
f 3152//3151 3210//3209 3209//3208 
f 3151//3150 3209//3208 3208//3207 
f 3150//3149 3208//3207 3207//3206 
f 3149//3148 3207//3206 3206//3205 
f 3148//3147 3206//3205 3205//3204 
f 3147//3146 3205//3204 3204//3203 
f 3146//3145 3204//3203 3203//3202 
f 3145//3144 3203//3202 3202//3201 
f 3144//3143 3202//3201 3201//3200 
f 3143//3142 3201//3200 3200//3199 
f 3142//3141 3200//3199 3199//3198 
f 3141//3140 3199//3198 3198//3197 
f 3140//3139 3198//3197 3197//3196 
f 3139//3138 3197//3196 3196//3195 
f 3138//3137 3196//3195 3195//3194 
f 3137//3136 3195//3194 3194//3193 
f 3136//3135 3194//3193 3193//3192 
f 3135//3134 3193//3192 3192//3191 
f 3134//3133 3192//3191 3191//3190 
f 3075//3074 3133//3132 3190//3189 
f 3132//3131 3190//3189 3189//3188 
f 3131//3130 3189//3188 3188//3187 
f 3130//3129 3188//3187 3187//3186 
f 3129//3128 3187//3186 3186//3185 
f 3128//3127 3186//3185 3185//3184 
f 3127//3126 3185//3184 3184//3183 
f 3126//3125 3184//3183 3183//3182 
f 3125//3124 3183//3182 3182//3181 
f 3124//3123 3182//3181 3181//3180 
f 3123//3122 3181//3180 3180//3179 
f 3122//3121 3180//3179 3179//3178 
f 3121//3120 3179//3178 3178//3177 
f 3120//3119 3178//3177 3177//3176 
f 3119//3118 3177//3176 3176//3175 
f 3118//3117 3176//3175 3175//3174 
f 3117//3116 3175//3174 3174//3173 
f 3116//3115 3174//3173 3173//3172 
f 3115//3114 3173//3172 3172//3171 
f 3114//3113 3172//3171 3171//3170 
f 3113//3112 3171//3170 3170//3169 
f 3112//3111 3170//3169 3169//3168 
f 3111//3110 3169//3168 3168//3167 
f 3110//3109 3168//3167 3167//3166 
f 3109//3108 3167//3166 3166//3165 
f 3108//3107 3166//3165 3165//3164 
f 3107//3106 3165//3164 3164//3163 
f 3106//3105 3164//3163 3163//3162 
f 3105//3104 3163//3162 3162//3161 
f 3104//3103 3162//3161 3161//3160 
f 3103//3102 3161//3160 3160//3159 
f 3102//3101 3160//3159 3159//3158 
f 3101//3100 3159//3158 3158//3157 
f 3100//3099 3158//3157 3157//3156 
f 3099//3098 3157//3156 3156//3155 
f 3098//3097 3156//3155 3155//3154 
f 3097//3096 3155//3154 3154//3153 
f 3096//3095 3154//3153 3153//3152 
f 3095//3094 3153//3152 3152//3151 
f 3094//3093 3152//3151 3151//3150 
f 3093//3092 3151//3150 3150//3149 
f 3092//3091 3150//3149 3149//3148 
f 3091//3090 3149//3148 3148//3147 
f 3090//3089 3148//3147 3147//3146 
f 3089//3088 3147//3146 3146//3145 
f 3088//3087 3146//3145 3145//3144 
f 3087//3086 3145//3144 3144//3143 
f 3086//3085 3144//3143 3143//3142 
f 3085//3084 3143//3142 3142//3141 
f 3084//3083 3142//3141 3141//3140 
f 3083//3082 3141//3140 3140//3139 
f 3082//3081 3140//3139 3139//3138 
f 3081//3080 3139//3138 3138//3137 
f 3080//3079 3138//3137 3137//3136 
f 3079//3078 3137//3136 3136//3135 
f 3078//3077 3136//3135 3135//3134 
f 3077//3076 3135//3134 3134//3133 
f 3076//3075 3134//3133 3133//3132 
f 3017//3016 3075//3074 3132//3131 
f 3074//3073 3132//3131 3131//3130 
f 3073//3072 3131//3130 3130//3129 
f 3072//3071 3130//3129 3129//3128 
f 3071//3070 3129//3128 3128//3127 
f 3070//3069 3128//3127 3127//3126 
f 3069//3068 3127//3126 3126//3125 
f 3068//3067 3126//3125 3125//3124 
f 3067//3066 3125//3124 3124//3123 
f 3066//3065 3124//3123 3123//3122 
f 3065//3064 3123//3122 3122//3121 
f 3064//3063 3122//3121 3121//3120 
f 3063//3062 3121//3120 3120//3119 
f 3062//3061 3120//3119 3119//3118 
f 3061//3060 3119//3118 3118//3117 
f 3060//3059 3118//3117 3117//3116 
f 3059//3058 3117//3116 3116//3115 
f 3058//3057 3116//3115 3115//3114 
f 3057//3056 3115//3114 3114//3113 
f 3056//3055 3114//3113 3113//3112 
f 3055//3054 3113//3112 3112//3111 
f 3054//3053 3112//3111 3111//3110 
f 3053//3052 3111//3110 3110//3109 
f 3052//3051 3110//3109 3109//3108 
f 3051//3050 3109//3108 3108//3107 
f 3050//3049 3108//3107 3107//3106 
f 3049//3048 3107//3106 3106//3105 
f 3048//3047 3106//3105 3105//3104 
f 3047//3046 3105//3104 3104//3103 
f 3046//3045 3104//3103 3103//3102 
f 3045//3044 3103//3102 3102//3101 
f 3044//3043 3102//3101 3101//3100 
f 3043//3042 3101//3100 3100//3099 
f 3042//3041 3100//3099 3099//3098 
f 3041//3040 3099//3098 3098//3097 
f 3040//3039 3098//3097 3097//3096 
f 3039//3038 3097//3096 3096//3095 
f 3038//3037 3096//3095 3095//3094 
f 3037//3036 3095//3094 3094//3093 
f 3036//3035 3094//3093 3093//3092 
f 3035//3034 3093//3092 3092//3091 
f 3034//3033 3092//3091 3091//3090 
f 3033//3032 3091//3090 3090//3089 
f 3032//3031 3090//3089 3089//3088 
f 3031//3030 3089//3088 3088//3087 
f 3030//3029 3088//3087 3087//3086 
f 3029//3028 3087//3086 3086//3085 
f 3028//3027 3086//3085 3085//3084 
f 3027//3026 3085//3084 3084//3083 
f 3026//3025 3084//3083 3083//3082 
f 3025//3024 3083//3082 3082//3081 
f 3024//3023 3082//3081 3081//3080 
f 3023//3022 3081//3080 3080//3079 
f 3022//3021 3080//3079 3079//3078 
f 3021//3020 3079//3078 3078//3077 
f 3020//3019 3078//3077 3077//3076 
f 3019//3018 3077//3076 3076//3075 
f 3018//3017 3076//3075 3075//3074 
f 2959//2958 3017//3016 3074//3073 
f 3016//3015 3074//3073 3073//3072 
f 3015//3014 3073//3072 3072//3071 
f 3014//3013 3072//3071 3071//3070 
f 3013//3012 3071//3070 3070//3069 
f 3012//3011 3070//3069 3069//3068 
f 3011//3010 3069//3068 3068//3067 
f 3010//3009 3068//3067 3067//3066 
f 3009//3008 3067//3066 3066//3065 
f 3008//3007 3066//3065 3065//3064 
f 3007//3006 3065//3064 3064//3063 
f 3006//3005 3064//3063 3063//3062 
f 3005//3004 3063//3062 3062//3061 
f 3004//3003 3062//3061 3061//3060 
f 3003//3002 3061//3060 3060//3059 
f 3002//3001 3060//3059 3059//3058 
f 3001//3000 3059//3058 3058//3057 
f 3000//2999 3058//3057 3057//3056 
f 2999//2998 3057//3056 3056//3055 
f 2998//2997 3056//3055 3055//3054 
f 2997//2996 3055//3054 3054//3053 
f 2996//2995 3054//3053 3053//3052 
f 2995//2994 3053//3052 3052//3051 
f 2994//2993 3052//3051 3051//3050 
f 2993//2992 3051//3050 3050//3049 
f 2992//2991 3050//3049 3049//3048 
f 2991//2990 3049//3048 3048//3047 
f 2990//2989 3048//3047 3047//3046 
f 2989//2988 3047//3046 3046//3045 
f 2988//2987 3046//3045 3045//3044 
f 2987//2986 3045//3044 3044//3043 
f 2986//2985 3044//3043 3043//3042 
f 2985//2984 3043//3042 3042//3041 
f 2984//2983 3042//3041 3041//3040 
f 2983//2982 3041//3040 3040//3039 
f 2982//2981 3040//3039 3039//3038 
f 2981//2980 3039//3038 3038//3037 
f 2980//2979 3038//3037 3037//3036 
f 2979//2978 3037//3036 3036//3035 
f 2978//2977 3036//3035 3035//3034 
f 2977//2976 3035//3034 3034//3033 
f 2976//2975 3034//3033 3033//3032 
f 2975//2974 3033//3032 3032//3031 
f 2974//2973 3032//3031 3031//3030 
f 2973//2972 3031//3030 3030//3029 
f 2972//2971 3030//3029 3029//3028 
f 2971//2970 3029//3028 3028//3027 
f 2970//2969 3028//3027 3027//3026 
f 2969//2968 3027//3026 3026//3025 
f 2968//2967 3026//3025 3025//3024 
f 2967//2966 3025//3024 3024//3023 
f 2966//2965 3024//3023 3023//3022 
f 2965//2964 3023//3022 3022//3021 
f 2964//2963 3022//3021 3021//3020 
f 2963//2962 3021//3020 3020//3019 
f 2962//2961 3020//3019 3019//3018 
f 2961//2960 3019//3018 3018//3017 
f 2960//2959 3018//3017 3017//3016 
f 2901//2842 2959//2958 3016//3015 
f 2958//2957 3016//3015 3015//3014 
f 2957//2955 3015//3014 3014//3013 
f 2956//2953 3014//3013 3013//3012 
f 2955//2951 3013//3012 3012//3011 
f 2954//2949 3012//3011 3011//3010 
f 2953//2947 3011//3010 3010//3009 
f 2952//2945 3010//3009 3009//3008 
f 2951//2943 3009//3008 3008//3007 
f 2950//2941 3008//3007 3007//3006 
f 2949//2939 3007//3006 3006//3005 
f 2948//2937 3006//3005 3005//3004 
f 2947//2935 3005//3004 3004//3003 
f 2946//2933 3004//3003 3003//3002 
f 2945//2931 3003//3002 3002//3001 
f 2944//2929 3002//3001 3001//3000 
f 2943//2927 3001//3000 3000//2999 
f 2942//2925 3000//2999 2999//2998 
f 2941//2923 2999//2998 2998//2997 
f 2940//2921 2998//2997 2997//2996 
f 2939//2919 2997//2996 2996//2995 
f 2938//2917 2996//2995 2995//2994 
f 2937//2915 2995//2994 2994//2993 
f 2936//2913 2994//2993 2993//2992 
f 2935//2911 2993//2992 2992//2991 
f 2934//2909 2992//2991 2991//2990 
f 2933//2907 2991//2990 2990//2989 
f 2932//2905 2990//2989 2989//2988 
f 2931//2903 2989//2988 2988//2987 
f 2930//2901 2988//2987 2987//2986 
f 2929//2899 2987//2986 2986//2985 
f 2928//2897 2986//2985 2985//2984 
f 2927//2895 2985//2984 2984//2983 
f 2926//2893 2984//2983 2983//2982 
f 2925//2891 2983//2982 2982//2981 
f 2924//2889 2982//2981 2981//2980 
f 2923//2887 2981//2980 2980//2979 
f 2922//2885 2980//2979 2979//2978 
f 2921//2883 2979//2978 2978//2977 
f 2920//2881 2978//2977 2977//2976 
f 2919//2879 2977//2976 2976//2975 
f 2918//2877 2976//2975 2975//2974 
f 2917//2875 2975//2974 2974//2973 
f 2916//2873 2974//2973 2973//2972 
f 2915//2871 2973//2972 2972//2971 
f 2914//2869 2972//2971 2971//2970 
f 2913//2867 2971//2970 2970//2969 
f 2912//2865 2970//2969 2969//2968 
f 2911//2863 2969//2968 2968//2967 
f 2910//2861 2968//2967 2967//2966 
f 2909//2859 2967//2966 2966//2965 
f 2908//2857 2966//2965 2965//2964 
f 2907//2855 2965//2964 2964//2963 
f 2906//2853 2964//2963 2963//2962 
f 2905//2851 2963//2962 2962//2961 
f 2904//2849 2962//2961 2961//2960 
f 2903//2847 2961//2960 2960//2959 
f 2902//2845 2960//2959 2959//2958 
f 2843//2843 2901//2842 2958//2957 
f 2844//2956 2958//2957 2957//2955 
f 2845//2954 2957//2955 2956//2953 
f 2846//2952 2956//2953 2955//2951 
f 2847//2950 2955//2951 2954//2949 
f 2848//2948 2954//2949 2953//2947 
f 2849//2946 2953//2947 2952//2945 
f 2850//2944 2952//2945 2951//2943 
f 2851//2942 2951//2943 2950//2941 
f 2852//2940 2950//2941 2949//2939 
f 2853//2938 2949//2939 2948//2937 
f 2854//2936 2948//2937 2947//2935 
f 2855//2934 2947//2935 2946//2933 
f 2856//2932 2946//2933 2945//2931 
f 2857//2930 2945//2931 2944//2929 
f 2858//2928 2944//2929 2943//2927 
f 2859//2926 2943//2927 2942//2925 
f 2860//2924 2942//2925 2941//2923 
f 2861//2922 2941//2923 2940//2921 
f 2862//2920 2940//2921 2939//2919 
f 2863//2918 2939//2919 2938//2917 
f 2864//2916 2938//2917 2937//2915 
f 2865//2914 2937//2915 2936//2913 
f 2866//2912 2936//2913 2935//2911 
f 2867//2910 2935//2911 2934//2909 
f 2868//2908 2934//2909 2933//2907 
f 2869//2906 2933//2907 2932//2905 
f 2870//2904 2932//2905 2931//2903 
f 2871//2902 2931//2903 2930//2901 
f 2872//2900 2930//2901 2929//2899 
f 2873//2898 2929//2899 2928//2897 
f 2874//2896 2928//2897 2927//2895 
f 2875//2894 2927//2895 2926//2893 
f 2876//2892 2926//2893 2925//2891 
f 2877//2890 2925//2891 2924//2889 
f 2878//2888 2924//2889 2923//2887 
f 2879//2886 2923//2887 2922//2885 
f 2880//2884 2922//2885 2921//2883 
f 2881//2882 2921//2883 2920//2881 
f 2882//2880 2920//2881 2919//2879 
f 2883//2878 2919//2879 2918//2877 
f 2884//2876 2918//2877 2917//2875 
f 2885//2874 2917//2875 2916//2873 
f 2886//2872 2916//2873 2915//2871 
f 2887//2870 2915//2871 2914//2869 
f 2888//2868 2914//2869 2913//2867 
f 2889//2866 2913//2867 2912//2865 
f 2890//2864 2912//2865 2911//2863 
f 2891//2862 2911//2863 2910//2861 
f 2892//2860 2910//2861 2909//2859 
f 2893//2858 2909//2859 2908//2857 
f 2894//2856 2908//2857 2907//2855 
f 2895//2854 2907//2855 2906//2853 
f 2896//2852 2906//2853 2905//2851 
f 2897//2850 2905//2851 2904//2849 
f 2898//2848 2904//2849 2903//2847 
f 2899//2846 2903//2847 2902//2845 
f 2900//2844 2902//2845 2901//2842 
