# OBJ generated by ONSHAPE BY PTC INC, 1.216 Units = meters
mtllib Key.mtl
g Part 1
v -0.000755211 0 0.0697097 
v 0 0 0.0697507 
v -5.34851e-18 -0.00381 0.0697507 
v -0.00150157 0 0.0695874 
v -0.000755211 -0.00381 0.0697097 
v -0.00223032 0 0.069385 
v -0.00150157 -0.00381 0.0695874 
v -0.00293293 0 0.0691051 
v -0.00223032 -0.00381 0.069385 
v -0.00360114 0 0.0687508 
v -0.00293293 -0.00381 0.0691051 
v -0.00422714 0 0.0683264 
v -0.00360114 -0.00381 0.0687508 
v -0.00480358 0 0.0678368 
v -0.00422714 -0.00381 0.0683264 
v -0.0053237 0 0.0672877 
v -0.00480358 -0.00381 0.0678368 
v -0.00578141 0 0.0666856 
v -0.0053237 -0.00381 0.0672877 
v -0.00617133 0 0.0660375 
v -0.00578141 -0.00381 0.0666856 
v -0.0064889 0 0.0653511 
v -0.00617133 -0.00381 0.0660375 
v -0.0067304 0 0.0646344 
v -0.0064889 -0.00381 0.0653511 
v -0.00689298 0 0.0638957 
v -0.0067304 -0.00381 0.0646344 
v -0.00697476 0 0.0631438 
v -0.00689298 -0.00381 0.0638957 
v -0.00697476 0 0.0623875 
v -0.00697476 -0.00381 0.0631438 
v -0.00689298 0 0.0616356 
v -0.00697476 -0.00381 0.0623875 
v -0.0067304 0 0.060897 
v -0.00689298 -0.00381 0.0616356 
v -0.0064889 0 0.0601803 
v -0.0067304 -0.00381 0.060897 
v -0.00617133 0 0.0594938 
v -0.0064889 -0.00381 0.0601803 
v -0.00578141 0 0.0588458 
v -0.00617133 -0.00381 0.0594938 
v -0.0053237 0 0.0582437 
v -0.00578141 -0.00381 0.0588458 
v -0.00480358 0 0.0576946 
v -0.0053237 -0.00381 0.0582437 
v -0.00422714 0 0.057205 
v -0.00480358 -0.00381 0.0576946 
v -0.00360114 0 0.0567805 
v -0.00422714 -0.00381 0.057205 
v -0.00293293 0 0.0564263 
v -0.00360114 -0.00381 0.0567805 
v -0.00223032 0 0.0561463 
v -0.00293293 -0.00381 0.0564263 
v -0.00150157 0 0.055944 
v -0.00223032 -0.00381 0.0561463 
v -0.000755211 0 0.0558216 
v -0.00150157 -0.00381 0.055944 
v 2.56625e-18 0 0.0557807 
v -0.000755211 -0.00381 0.0558216 
v 0.000755211 0 0.0558216 
v 0 -0.00381 0.0557807 
v 0.00150157 0 0.055944 
v 0.000755211 -0.00381 0.0558216 
v 0.00223032 0 0.0561463 
v 0.00150157 -0.00381 0.055944 
v 0.00293293 0 0.0564263 
v 0.00223032 -0.00381 0.0561463 
v 0.00360114 0 0.0567805 
v 0.00293293 -0.00381 0.0564263 
v 0.00422714 0 0.057205 
v 0.00360114 -0.00381 0.0567805 
v 0.00480358 0 0.0576946 
v 0.00422714 -0.00381 0.057205 
v 0.0053237 0 0.0582437 
v 0.00480358 -0.00381 0.0576946 
v 0.00578141 0 0.0588458 
v 0.0053237 -0.00381 0.0582437 
v 0.00617133 0 0.0594938 
v 0.00578141 -0.00381 0.0588458 
v 0.0064889 0 0.0601803 
v 0.00617133 -0.00381 0.0594938 
v 0.0067304 0 0.060897 
v 0.0064889 -0.00381 0.0601803 
v 0.00689298 0 0.0616356 
v 0.0067304 -0.00381 0.060897 
v 0.00697476 0 0.0623875 
v 0.00689298 -0.00381 0.0616356 
v 0.00697476 0 0.0631438 
v 0.00697476 -0.00381 0.0623875 
v 0.00689298 0 0.0638957 
v 0.00697476 -0.00381 0.0631438 
v 0.0067304 0 0.0646344 
v 0.00689298 -0.00381 0.0638957 
v 0.0064889 0 0.0653511 
v 0.0067304 -0.00381 0.0646344 
v 0.00617133 0 0.0660375 
v 0.0064889 -0.00381 0.0653511 
v 0.00578141 0 0.0666856 
v 0.00617133 -0.00381 0.0660375 
v 0.0053237 0 0.0672877 
v 0.00578141 -0.00381 0.0666856 
v 0.00480358 0 0.0678368 
v 0.0053237 -0.00381 0.0672877 
v 0.00422714 0 0.0683264 
v 0.00480358 -0.00381 0.0678368 
v 0.00360114 0 0.0687508 
v 0.00422714 -0.00381 0.0683264 
v 0.00293293 0 0.0691051 
v 0.00360114 -0.00381 0.0687508 
v 0.00223032 0 0.069385 
v 0.00293293 -0.00381 0.0691051 
v 0.00150157 0 0.0695874 
v 0.00223032 -0.00381 0.069385 
v 0.000755211 0 0.0697097 
v 0.00150157 -0.00381 0.0695874 
v 0.000755211 -0.00381 0.0697097 
v -2.33295e-18 -0.00635 0.0532407 
v 0.00102983 -0.00635 0.0532965 
v 0.00204759 -0.00635 0.0534634 
v 0.00304135 -0.00635 0.0537393 
v 0.00399944 -0.00635 0.054121 
v 0.00491065 -0.00635 0.0546041 
v 0.00576428 -0.00635 0.0551829 
v 0.00655034 -0.00635 0.0558506 
v 0.00725959 -0.00635 0.0565993 
v 0.00788374 -0.00635 0.0574204 
v 0.00841545 -0.00635 0.0583041 
v 0.0088485 -0.00635 0.0592401 
v 0.00917781 -0.00635 0.0602175 
v 0.00939952 -0.00635 0.0612247 
v 0.00951103 -0.00635 0.06225 
v 0.00951103 -0.00635 0.0632814 
v 0.00939952 -0.00635 0.0643067 
v 0.00917781 -0.00635 0.0653139 
v 0.0088485 -0.00635 0.0662912 
v 0.00841545 -0.00635 0.0672273 
v 0.00788374 -0.00635 0.068111 
v 0.00725959 -0.00635 0.068932 
v 0.00655034 -0.00635 0.0696808 
v 0.00576428 -0.00635 0.0703485 
v 0.00491065 -0.00635 0.0709272 
v 0.00399944 -0.00635 0.0714103 
v 0.00304135 -0.00635 0.0717921 
v 0.00204759 -0.00635 0.072068 
v 0.00102983 -0.00635 0.0722348 
v -7.29342e-18 -0.00635 0.0722907 
v -0.00102983 -0.00635 0.0722348 
v -0.00204759 -0.00635 0.072068 
v -0.00304135 -0.00635 0.0717921 
v -0.00399944 -0.00635 0.0714103 
v -0.00491065 -0.00635 0.0709272 
v -0.00576428 -0.00635 0.0703485 
v -0.00655034 -0.00635 0.0696808 
v -0.00725959 -0.00635 0.068932 
v -0.00788374 -0.00635 0.068111 
v -0.00841545 -0.00635 0.0672273 
v -0.0088485 -0.00635 0.0662912 
v -0.00917781 -0.00635 0.0653139 
v -0.00939952 -0.00635 0.0643067 
v -0.00951103 -0.00635 0.0632814 
v -0.00951103 -0.00635 0.06225 
v -0.00939952 -0.00635 0.0612247 
v -0.00917781 -0.00635 0.0602175 
v -0.0088485 -0.00635 0.0592401 
v -0.00841545 -0.00635 0.0583041 
v -0.00788374 -0.00635 0.0574204 
v -0.00725959 -0.00635 0.0565993 
v -0.00655034 -0.00635 0.0558506 
v -0.00576428 -0.00635 0.0551829 
v -0.00491065 -0.00635 0.0546041 
v -0.00399944 -0.00635 0.054121 
v -0.00304135 -0.00635 0.0537393 
v -0.00204759 -0.00635 0.0534634 
v -0.00102983 -0.00635 0.0532965 
v 0 -0.00633609 0.0535062 
v 0.00100113 -0.00633609 0.0535605 
v 0.00199052 -0.00633609 0.0537227 
v 0.00295657 -0.00633609 0.0539909 
v 0.00388796 -0.00633609 0.054362 
v 0.00477377 -0.00633609 0.0548316 
v 0.00560361 -0.00633609 0.0553943 
v 0.00636775 -0.00633609 0.0560433 
v 0.00705724 -0.00633609 0.0567712 
v 0.00766398 -0.00633609 0.0575694 
v 0.00818088 -0.00633609 0.0584285 
v 0.00860186 -0.00633609 0.0593384 
v 0.00892199 -0.00633609 0.0602885 
v 0.00913752 -0.00633609 0.0612677 
v 0.00924592 -0.00633609 0.0622644 
v 0.00924592 -0.00633609 0.063267 
v 0.00913752 -0.00633609 0.0642637 
v 0.00892199 -0.00633609 0.0652429 
v 0.00860186 -0.00633609 0.066193 
v 0.00818088 -0.00633609 0.0671029 
v 0.00766398 -0.00633609 0.067962 
v 0.00705724 -0.00633609 0.0687602 
v 0.00636775 -0.00633609 0.069488 
v 0.00560361 -0.00633609 0.0701371 
v 0.00477377 -0.00633609 0.0706997 
v 0.00388796 -0.00633609 0.0711694 
v 0.00295657 -0.00633609 0.0715405 
v 0.00199052 -0.00633609 0.0718087 
v 0.00100113 -0.00633609 0.0719709 
v -1.92752e-18 -0.00633609 0.0720252 
v -0.00100113 -0.00633609 0.0719709 
v -0.00199052 -0.00633609 0.0718087 
v -0.00295657 -0.00633609 0.0715405 
v -0.00388796 -0.00633609 0.0711694 
v -0.00477377 -0.00633609 0.0706997 
v -0.00560361 -0.00633609 0.0701371 
v -0.00636775 -0.00633609 0.069488 
v -0.00705724 -0.00633609 0.0687602 
v -0.00766398 -0.00633609 0.067962 
v -0.00818088 -0.00633609 0.0671029 
v -0.00860186 -0.00633609 0.066193 
v -0.00892199 -0.00633609 0.0652429 
v -0.00913752 -0.00633609 0.0642637 
v -0.00924592 -0.00633609 0.063267 
v -0.00924592 -0.00633609 0.0622644 
v -0.00913752 -0.00633609 0.0612677 
v -0.00892199 -0.00633609 0.0602885 
v -0.00860186 -0.00633609 0.0593384 
v -0.00818088 -0.00633609 0.0584285 
v -0.00766398 -0.00633609 0.0575694 
v -0.00705724 -0.00633609 0.0567712 
v -0.00636775 -0.00633609 0.0560433 
v -0.00560361 -0.00633609 0.0553943 
v -0.00477377 -0.00633609 0.0548316 
v -0.00388796 -0.00633609 0.054362 
v -0.00295657 -0.00633609 0.0539909 
v -0.00199052 -0.00633609 0.0537227 
v -0.00100113 -0.00633609 0.0535605 
v 0 -0.00629449 0.0537688 
v 0.000972736 -0.00629449 0.0538215 
v 0.00193407 -0.00629449 0.0539791 
v 0.00287273 -0.00629449 0.0542397 
v 0.0037777 -0.00629449 0.0546003 
v 0.00463839 -0.00629449 0.0550566 
v 0.00544469 -0.00629449 0.0556033 
v 0.00618717 -0.00629449 0.056234 
v 0.0068571 -0.00629449 0.0569412 
v 0.00744664 -0.00629449 0.0577167 
v 0.00794887 -0.00629449 0.0585515 
v 0.00835791 -0.00629449 0.0594356 
v 0.00866897 -0.00629449 0.0603588 
v 0.00887838 -0.00629449 0.0613101 
v 0.00898371 -0.00629449 0.0622786 
v 0.00898371 -0.00629449 0.0632528 
v 0.00887838 -0.00629449 0.0642212 
v 0.00866897 -0.00629449 0.0651726 
v 0.00835791 -0.00629449 0.0660958 
v 0.00794887 -0.00629449 0.0669799 
v 0.00744664 -0.00629449 0.0678146 
v 0.0068571 -0.00629449 0.0685902 
v 0.00618717 -0.00629449 0.0692974 
v 0.00544469 -0.00629449 0.0699281 
v 0.00463839 -0.00629449 0.0704747 
v 0.0037777 -0.00629449 0.070931 
v 0.00287273 -0.00629449 0.0712916 
v 0.00193407 -0.00629449 0.0715522 
v 0.000972736 -0.00629449 0.0717098 
v -1.87286e-18 -0.00629449 0.0717626 
v -0.000972736 -0.00629449 0.0717098 
v -0.00193407 -0.00629449 0.0715522 
v -0.00287273 -0.00629449 0.0712916 
v -0.0037777 -0.00629449 0.070931 
v -0.00463839 -0.00629449 0.0704747 
v -0.00544469 -0.00629449 0.0699281 
v -0.00618717 -0.00629449 0.0692974 
v -0.0068571 -0.00629449 0.0685902 
v -0.00744664 -0.00629449 0.0678146 
v -0.00794887 -0.00629449 0.0669799 
v -0.00835791 -0.00629449 0.0660958 
v -0.00866897 -0.00629449 0.0651726 
v -0.00887838 -0.00629449 0.0642212 
v -0.00898371 -0.00629449 0.0632528 
v -0.00898371 -0.00629449 0.0622786 
v -0.00887838 -0.00629449 0.0613101 
v -0.00866897 -0.00629449 0.0603588 
v -0.00835791 -0.00629449 0.0594356 
v -0.00794887 -0.00629449 0.0585515 
v -0.00744664 -0.00629449 0.0577167 
v -0.0068571 -0.00629449 0.0569412 
v -0.00618717 -0.00629449 0.056234 
v -0.00544469 -0.00629449 0.0556033 
v -0.00463839 -0.00629449 0.0550566 
v -0.0037777 -0.00629449 0.0546003 
v -0.00287273 -0.00629449 0.0542397 
v -0.00193407 -0.00629449 0.0539791 
v -0.000972736 -0.00629449 0.0538215 
v 0 -0.00622568 0.0540256 
v 0.000944971 -0.00622568 0.0540768 
v 0.00187886 -0.00622568 0.0542299 
v 0.00279073 -0.00622568 0.0544831 
v 0.00366987 -0.00622568 0.0548334 
v 0.00450599 -0.00622568 0.0552767 
v 0.00528928 -0.00622568 0.0558077 
v 0.00601056 -0.00622568 0.0564204 
v 0.00666137 -0.00622568 0.0571075 
v 0.00723408 -0.00622568 0.0578609 
v 0.00772198 -0.00622568 0.0586717 
v 0.00811935 -0.00622568 0.0595306 
v 0.00842152 -0.00622568 0.0604275 
v 0.00862496 -0.00622568 0.0613517 
v 0.00872728 -0.00622568 0.0622925 
v 0.00872728 -0.00622568 0.0632389 
v 0.00862496 -0.00622568 0.0641797 
v 0.00842152 -0.00622568 0.0651039 
v 0.00811935 -0.00622568 0.0660007 
v 0.00772198 -0.00622568 0.0668596 
v 0.00723408 -0.00622568 0.0676705 
v 0.00666137 -0.00622568 0.0684239 
v 0.00601056 -0.00622568 0.069111 
v 0.00528928 -0.00622568 0.0697236 
v 0.00450599 -0.00622568 0.0702547 
v 0.00366987 -0.00622568 0.070698 
v 0.00279073 -0.00622568 0.0710483 
v 0.00187886 -0.00622568 0.0713014 
v 0.000944971 -0.00622568 0.0714545 
v -1.8194e-18 -0.00622568 0.0715058 
v -0.000944971 -0.00622568 0.0714545 
v -0.00187886 -0.00622568 0.0713014 
v -0.00279073 -0.00622568 0.0710483 
v -0.00366987 -0.00622568 0.070698 
v -0.00450599 -0.00622568 0.0702547 
v -0.00528928 -0.00622568 0.0697236 
v -0.00601056 -0.00622568 0.069111 
v -0.00666137 -0.00622568 0.0684239 
v -0.00723408 -0.00622568 0.0676705 
v -0.00772198 -0.00622568 0.0668596 
v -0.00811935 -0.00622568 0.0660007 
v -0.00842152 -0.00622568 0.0651039 
v -0.00862496 -0.00622568 0.0641797 
v -0.00872728 -0.00622568 0.0632389 
v -0.00872728 -0.00622568 0.0622925 
v -0.00862496 -0.00622568 0.0613517 
v -0.00842152 -0.00622568 0.0604275 
v -0.00811935 -0.00622568 0.0595306 
v -0.00772198 -0.00622568 0.0586717 
v -0.00723408 -0.00622568 0.0578609 
v -0.00666137 -0.00622568 0.0571075 
v -0.00601056 -0.00622568 0.0564204 
v -0.00528928 -0.00622568 0.0558077 
v -0.00450599 -0.00622568 0.0552767 
v -0.00366987 -0.00622568 0.0548334 
v -0.00279073 -0.00622568 0.0544831 
v -0.00187886 -0.00622568 0.0542299 
v -0.000944971 -0.00622568 0.0540768 
v 0 -0.00613041 0.0542738 
v 0.000918135 -0.00613041 0.0543236 
v 0.00182551 -0.00613041 0.0544723 
v 0.00271147 -0.00613041 0.0547183 
v 0.00356565 -0.00613041 0.0550587 
v 0.00437803 -0.00613041 0.0554893 
v 0.00513907 -0.00613041 0.0560053 
v 0.00583987 -0.00613041 0.0566006 
v 0.0064722 -0.00613041 0.0572681 
v 0.00702864 -0.00613041 0.0580001 
v 0.00750269 -0.00613041 0.058788 
v 0.00788877 -0.00613041 0.0596225 
v 0.00818236 -0.00613041 0.0604939 
v 0.00838002 -0.00613041 0.0613918 
v 0.00847943 -0.00613041 0.0623059 
v 0.00847943 -0.00613041 0.0632254 
v 0.00838002 -0.00613041 0.0641395 
v 0.00818236 -0.00613041 0.0650375 
v 0.00788877 -0.00613041 0.0659089 
v 0.00750269 -0.00613041 0.0667434 
v 0.00702864 -0.00613041 0.0675312 
v 0.0064722 -0.00613041 0.0682632 
v 0.00583987 -0.00613041 0.0689308 
v 0.00513907 -0.00613041 0.069526 
v 0.00437803 -0.00613041 0.070042 
v 0.00356565 -0.00613041 0.0704727 
v 0.00271147 -0.00613041 0.070813 
v 0.00182551 -0.00613041 0.071059 
v 0.000918135 -0.00613041 0.0712078 
v -1.76773e-18 -0.00613041 0.0712576 
v -0.000918135 -0.00613041 0.0712078 
v -0.00182551 -0.00613041 0.071059 
v -0.00271147 -0.00613041 0.070813 
v -0.00356565 -0.00613041 0.0704727 
v -0.00437803 -0.00613041 0.070042 
v -0.00513907 -0.00613041 0.069526 
v -0.00583987 -0.00613041 0.0689308 
v -0.0064722 -0.00613041 0.0682632 
v -0.00702864 -0.00613041 0.0675312 
v -0.00750269 -0.00613041 0.0667434 
v -0.00788877 -0.00613041 0.0659089 
v -0.00818236 -0.00613041 0.0650375 
v -0.00838002 -0.00613041 0.0641395 
v -0.00847943 -0.00613041 0.0632254 
v -0.00847943 -0.00613041 0.0623059 
v -0.00838002 -0.00613041 0.0613918 
v -0.00818236 -0.00613041 0.0604939 
v -0.00788877 -0.00613041 0.0596225 
v -0.00750269 -0.00613041 0.058788 
v -0.00702864 -0.00613041 0.0580001 
v -0.0064722 -0.00613041 0.0572681 
v -0.00583987 -0.00613041 0.0566006 
v -0.00513907 -0.00613041 0.0560053 
v -0.00437803 -0.00613041 0.0554893 
v -0.00356565 -0.00613041 0.0550587 
v -0.00271147 -0.00613041 0.0547183 
v -0.00182551 -0.00613041 0.0544723 
v -0.000918135 -0.00613041 0.0543236 
v 0 -0.0060097 0.0545107 
v 0.000892522 -0.0060097 0.0545591 
v 0.00177458 -0.0060097 0.0547037 
v 0.00263583 -0.0060097 0.0549428 
v 0.00346618 -0.0060097 0.0552736 
v 0.0042559 -0.0060097 0.0556923 
v 0.00499571 -0.0060097 0.0561939 
v 0.00567696 -0.0060097 0.0567726 
v 0.00629165 -0.0060097 0.0574215 
v 0.00683257 -0.0060097 0.0581331 
v 0.00729339 -0.0060097 0.058899 
v 0.0076687 -0.0060097 0.0597102 
v 0.00795411 -0.0060097 0.0605572 
v 0.00814625 -0.0060097 0.0614302 
v 0.00824289 -0.0060097 0.0623188 
v 0.00824289 -0.0060097 0.0632126 
v 0.00814625 -0.0060097 0.0641012 
v 0.00795411 -0.0060097 0.0649741 
v 0.0076687 -0.0060097 0.0658212 
v 0.00729339 -0.0060097 0.0666324 
v 0.00683257 -0.0060097 0.0673983 
v 0.00629165 -0.0060097 0.0681099 
v 0.00567696 -0.0060097 0.0687588 
v 0.00499571 -0.0060097 0.0693374 
v 0.0042559 -0.0060097 0.069839 
v 0.00346618 -0.0060097 0.0702577 
v 0.00263583 -0.0060097 0.0705886 
v 0.00177458 -0.0060097 0.0708277 
v 0.000892522 -0.0060097 0.0709723 
v -1.71842e-18 -0.0060097 0.0710207 
v -0.000892522 -0.0060097 0.0709723 
v -0.00177458 -0.0060097 0.0708277 
v -0.00263583 -0.0060097 0.0705886 
v -0.00346618 -0.0060097 0.0702577 
v -0.0042559 -0.0060097 0.069839 
v -0.00499571 -0.0060097 0.0693374 
v -0.00567696 -0.0060097 0.0687588 
v -0.00629165 -0.0060097 0.0681099 
v -0.00683257 -0.0060097 0.0673983 
v -0.00729339 -0.0060097 0.0666324 
v -0.0076687 -0.0060097 0.0658212 
v -0.00795411 -0.0060097 0.0649741 
v -0.00814625 -0.0060097 0.0641012 
v -0.00824289 -0.0060097 0.0632126 
v -0.00824289 -0.0060097 0.0623188 
v -0.00814625 -0.0060097 0.0614302 
v -0.00795411 -0.0060097 0.0605572 
v -0.0076687 -0.0060097 0.0597102 
v -0.00729339 -0.0060097 0.058899 
v -0.00683257 -0.0060097 0.0581331 
v -0.00629165 -0.0060097 0.0574215 
v -0.00567696 -0.0060097 0.0567726 
v -0.00499571 -0.0060097 0.0561939 
v -0.0042559 -0.0060097 0.0556923 
v -0.00346618 -0.0060097 0.0552736 
v -0.00263583 -0.0060097 0.0549428 
v -0.00177458 -0.0060097 0.0547037 
v -0.000892522 -0.0060097 0.0545591 
v 0 -0.0058649 0.0547337 
v 0.000868415 -0.0058649 0.0547807 
v 0.00172665 -0.0058649 0.0549214 
v 0.00256464 -0.0058649 0.0551541 
v 0.00337256 -0.0058649 0.055476 
v 0.00414094 -0.0058649 0.0558834 
v 0.00486077 -0.0058649 0.0563714 
v 0.00552362 -0.0058649 0.0569345 
v 0.00612171 -0.0058649 0.0575659 
v 0.00664802 -0.0058649 0.0582582 
v 0.00709639 -0.0058649 0.0590034 
v 0.00746156 -0.0058649 0.0597927 
v 0.00773926 -0.0058649 0.0606169 
v 0.00792622 -0.0058649 0.0614662 
v 0.00802025 -0.0058649 0.0623308 
v 0.00802025 -0.0058649 0.0632005 
v 0.00792622 -0.0058649 0.0640651 
v 0.00773926 -0.0058649 0.0649145 
v 0.00746156 -0.0058649 0.0657386 
v 0.00709639 -0.0058649 0.0665279 
v 0.00664802 -0.0058649 0.0672731 
v 0.00612171 -0.0058649 0.0679655 
v 0.00552362 -0.0058649 0.0685969 
v 0.00486077 -0.0058649 0.0691599 
v 0.00414094 -0.0058649 0.069648 
v 0.00337256 -0.0058649 0.0700553 
v 0.00256464 -0.0058649 0.0703773 
v 0.00172665 -0.0058649 0.0706099 
v 0.000868415 -0.0058649 0.0707506 
v -1.672e-18 -0.0058649 0.0707977 
v -0.000868415 -0.0058649 0.0707506 
v -0.00172665 -0.0058649 0.0706099 
v -0.00256464 -0.0058649 0.0703773 
v -0.00337256 -0.0058649 0.0700553 
v -0.00414094 -0.0058649 0.069648 
v -0.00486077 -0.0058649 0.0691599 
v -0.00552362 -0.0058649 0.0685969 
v -0.00612171 -0.0058649 0.0679655 
v -0.00664802 -0.0058649 0.0672731 
v -0.00709639 -0.0058649 0.0665279 
v -0.00746156 -0.0058649 0.0657386 
v -0.00773926 -0.0058649 0.0649145 
v -0.00792622 -0.0058649 0.0640651 
v -0.00802025 -0.0058649 0.0632005 
v -0.00802025 -0.0058649 0.0623308 
v -0.00792622 -0.0058649 0.0614662 
v -0.00773926 -0.0058649 0.0606169 
v -0.00746156 -0.0058649 0.0597927 
v -0.00709639 -0.0058649 0.0590034 
v -0.00664802 -0.0058649 0.0582582 
v -0.00612171 -0.0058649 0.0575659 
v -0.00552362 -0.0058649 0.0569345 
v -0.00486077 -0.0058649 0.0563714 
v -0.00414094 -0.0058649 0.0558834 
v -0.00337256 -0.0058649 0.055476 
v -0.00256464 -0.0058649 0.0551541 
v -0.00172665 -0.0058649 0.0549214 
v -0.000868415 -0.0058649 0.0547807 
v 0 -0.00569759 0.0549403 
v 0.000846075 -0.00569759 0.0549861 
v 0.00168223 -0.00569759 0.0551232 
v 0.00249866 -0.00569759 0.0553499 
v 0.0032858 -0.00569759 0.0556635 
v 0.00403442 -0.00569759 0.0560604 
v 0.00473574 -0.00569759 0.0565359 
v 0.00538153 -0.00569759 0.0570845 
v 0.00596423 -0.00569759 0.0576996 
v 0.006477 -0.00569759 0.0583742 
v 0.00691384 -0.00569759 0.0591002 
v 0.00726962 -0.00569759 0.0598692 
v 0.00754017 -0.00569759 0.0606722 
v 0.00772232 -0.00569759 0.0614997 
v 0.00781393 -0.00569759 0.062342 
v 0.00781393 -0.00569759 0.0631893 
v 0.00772232 -0.00569759 0.0640317 
v 0.00754017 -0.00569759 0.0648592 
v 0.00726962 -0.00569759 0.0656622 
v 0.00691384 -0.00569759 0.0664312 
v 0.006477 -0.00569759 0.0671572 
v 0.00596423 -0.00569759 0.0678317 
v 0.00538153 -0.00569759 0.0684469 
v 0.00473574 -0.00569759 0.0689954 
v 0.00403442 -0.00569759 0.0694709 
v 0.0032858 -0.00569759 0.0698678 
v 0.00249866 -0.00569759 0.0701815 
v 0.00168223 -0.00569759 0.0704081 
v 0.000846075 -0.00569759 0.0705452 
v -1.62899e-18 -0.00569759 0.0705911 
v -0.000846075 -0.00569759 0.0705452 
v -0.00168223 -0.00569759 0.0704081 
v -0.00249866 -0.00569759 0.0701815 
v -0.0032858 -0.00569759 0.0698678 
v -0.00403442 -0.00569759 0.0694709 
v -0.00473574 -0.00569759 0.0689954 
v -0.00538153 -0.00569759 0.0684469 
v -0.00596423 -0.00569759 0.0678317 
v -0.006477 -0.00569759 0.0671572 
v -0.00691384 -0.00569759 0.0664312 
v -0.00726962 -0.00569759 0.0656622 
v -0.00754017 -0.00569759 0.0648592 
v -0.00772232 -0.00569759 0.0640317 
v -0.00781393 -0.00569759 0.0631893 
v -0.00781393 -0.00569759 0.062342 
v -0.00772232 -0.00569759 0.0614997 
v -0.00754017 -0.00569759 0.0606722 
v -0.00726962 -0.00569759 0.0598692 
v -0.00691384 -0.00569759 0.0591002 
v -0.006477 -0.00569759 0.0583742 
v -0.00596423 -0.00569759 0.0576996 
v -0.00538153 -0.00569759 0.0570845 
v -0.00473574 -0.00569759 0.0565359 
v -0.00403442 -0.00569759 0.0560604 
v -0.0032858 -0.00569759 0.0556635 
v -0.00249866 -0.00569759 0.0553499 
v -0.00168223 -0.00569759 0.0551232 
v -0.000846075 -0.00569759 0.0549861 
v 0 -0.00550959 0.0551283 
v 0.00082575 -0.00550959 0.055173 
v 0.00164182 -0.00550959 0.0553068 
v 0.00243864 -0.00550959 0.0555281 
v 0.00320687 -0.00550959 0.0558342 
v 0.0039375 -0.00550959 0.0562215 
v 0.00462196 -0.00550959 0.0566856 
v 0.00525224 -0.00550959 0.057221 
v 0.00582095 -0.00550959 0.0578213 
v 0.0063214 -0.00550959 0.0584797 
v 0.00674775 -0.00550959 0.0591883 
v 0.00709498 -0.00550959 0.0599388 
v 0.00735903 -0.00550959 0.0607225 
v 0.0075368 -0.00550959 0.0615301 
v 0.00762621 -0.00550959 0.0623522 
v 0.00762621 -0.00550959 0.0631792 
v 0.0075368 -0.00550959 0.0640013 
v 0.00735903 -0.00550959 0.0648089 
v 0.00709498 -0.00550959 0.0655926 
v 0.00674775 -0.00550959 0.0663431 
v 0.0063214 -0.00550959 0.0670517 
v 0.00582095 -0.00550959 0.06771 
v 0.00525224 -0.00550959 0.0683104 
v 0.00462196 -0.00550959 0.0688458 
v 0.0039375 -0.00550959 0.0693099 
v 0.00320687 -0.00550959 0.0696972 
v 0.00243864 -0.00550959 0.0700033 
v 0.00164182 -0.00550959 0.0702245 
v 0.00082575 -0.00550959 0.0703583 
v -1.58986e-18 -0.00550959 0.0704031 
v -0.00082575 -0.00550959 0.0703583 
v -0.00164182 -0.00550959 0.0702245 
v -0.00243864 -0.00550959 0.0700033 
v -0.00320687 -0.00550959 0.0696972 
v -0.0039375 -0.00550959 0.0693099 
v -0.00462196 -0.00550959 0.0688458 
v -0.00525224 -0.00550959 0.0683104 
v -0.00582095 -0.00550959 0.06771 
v -0.0063214 -0.00550959 0.0670517 
v -0.00674775 -0.00550959 0.0663431 
v -0.00709498 -0.00550959 0.0655926 
v -0.00735903 -0.00550959 0.0648089 
v -0.0075368 -0.00550959 0.0640013 
v -0.00762621 -0.00550959 0.0631792 
v -0.00762621 -0.00550959 0.0623522 
v -0.0075368 -0.00550959 0.0615301 
v -0.00735903 -0.00550959 0.0607225 
v -0.00709498 -0.00550959 0.0599388 
v -0.00674775 -0.00550959 0.0591883 
v -0.0063214 -0.00550959 0.0584797 
v -0.00582095 -0.00550959 0.0578213 
v -0.00525224 -0.00550959 0.057221 
v -0.00462196 -0.00550959 0.0566856 
v -0.0039375 -0.00550959 0.0562215 
v -0.00320687 -0.00550959 0.0558342 
v -0.00243864 -0.00550959 0.0555281 
v -0.00164182 -0.00550959 0.0553068 
v -0.00082575 -0.00550959 0.055173 
v 0 -0.00530297 0.0552956 
v 0.00080766 -0.00530297 0.0553394 
v 0.00160585 -0.00530297 0.0554702 
v 0.00238521 -0.00530297 0.0556866 
v 0.00313661 -0.00530297 0.055986 
v 0.00385124 -0.00530297 0.0563649 
v 0.00452071 -0.00530297 0.0568188 
v 0.00513718 -0.00530297 0.0573424 
v 0.00569342 -0.00530297 0.0579296 
v 0.00618292 -0.00530297 0.0585736 
v 0.00659992 -0.00530297 0.0592666 
v 0.00693955 -0.00530297 0.0600007 
v 0.00719781 -0.00530297 0.0607672 
v 0.00737169 -0.00530297 0.0615572 
v 0.00745914 -0.00530297 0.0623613 
v 0.00745914 -0.00530297 0.0631701 
v 0.00737169 -0.00530297 0.0639742 
v 0.00719781 -0.00530297 0.0647641 
v 0.00693955 -0.00530297 0.0655306 
v 0.00659992 -0.00530297 0.0662647 
v 0.00618292 -0.00530297 0.0669578 
v 0.00569342 -0.00530297 0.0676017 
v 0.00513718 -0.00530297 0.0681889 
v 0.00452071 -0.00530297 0.0687126 
v 0.00385124 -0.00530297 0.0691665 
v 0.00313661 -0.00530297 0.0695454 
v 0.00238521 -0.00530297 0.0698447 
v 0.00160585 -0.00530297 0.0700611 
v 0.00080766 -0.00530297 0.070192 
v -1.55503e-18 -0.00530297 0.0702358 
v -0.00080766 -0.00530297 0.070192 
v -0.00160585 -0.00530297 0.0700611 
v -0.00238521 -0.00530297 0.0698447 
v -0.00313661 -0.00530297 0.0695454 
v -0.00385124 -0.00530297 0.0691665 
v -0.00452071 -0.00530297 0.0687126 
v -0.00513718 -0.00530297 0.0681889 
v -0.00569342 -0.00530297 0.0676017 
v -0.00618292 -0.00530297 0.0669578 
v -0.00659992 -0.00530297 0.0662647 
v -0.00693955 -0.00530297 0.0655306 
v -0.00719781 -0.00530297 0.0647641 
v -0.00737169 -0.00530297 0.0639742 
v -0.00745914 -0.00530297 0.0631701 
v -0.00745914 -0.00530297 0.0623613 
v -0.00737169 -0.00530297 0.0615572 
v -0.00719781 -0.00530297 0.0607672 
v -0.00693955 -0.00530297 0.0600007 
v -0.00659992 -0.00530297 0.0592666 
v -0.00618292 -0.00530297 0.0585736 
v -0.00569342 -0.00530297 0.0579296 
v -0.00513718 -0.00530297 0.0573424 
v -0.00452071 -0.00530297 0.0568188 
v -0.00385124 -0.00530297 0.0563649 
v -0.00313661 -0.00530297 0.055986 
v -0.00238521 -0.00530297 0.0556866 
v -0.00160585 -0.00530297 0.0554702 
v -0.00080766 -0.00530297 0.0553394 
v 0 -0.00508 0.0554404 
v 0.000792004 -0.00508 0.0554833 
v 0.00157472 -0.00508 0.0556116 
v 0.00233898 -0.00508 0.0558238 
v 0.00307581 -0.00508 0.0561174 
v 0.00377658 -0.00508 0.0564889 
v 0.00443308 -0.00508 0.0569341 
v 0.0050376 -0.00508 0.0574475 
v 0.00558306 -0.00508 0.0580234 
v 0.00606307 -0.00508 0.0586548 
v 0.00647199 -0.00508 0.0593344 
v 0.00680503 -0.00508 0.0600543 
v 0.00705829 -0.00508 0.060806 
v 0.0072288 -0.00508 0.0615806 
v 0.00731455 -0.00508 0.0623691 
v 0.00731455 -0.00508 0.0631623 
v 0.0072288 -0.00508 0.0639508 
v 0.00705829 -0.00508 0.0647254 
v 0.00680503 -0.00508 0.0654771 
v 0.00647199 -0.00508 0.0661969 
v 0.00606307 -0.00508 0.0668765 
v 0.00558306 -0.00508 0.067508 
v 0.0050376 -0.00508 0.0680838 
v 0.00443308 -0.00508 0.0685973 
v 0.00377658 -0.00508 0.0690424 
v 0.00307581 -0.00508 0.0694139 
v 0.00233898 -0.00508 0.0697075 
v 0.00157472 -0.00508 0.0699197 
v 0.000792004 -0.00508 0.070048 
v -1.52488e-18 -0.00508 0.070091 
v -0.000792004 -0.00508 0.070048 
v -0.00157472 -0.00508 0.0699197 
v -0.00233898 -0.00508 0.0697075 
v -0.00307581 -0.00508 0.0694139 
v -0.00377658 -0.00508 0.0690424 
v -0.00443308 -0.00508 0.0685973 
v -0.0050376 -0.00508 0.0680838 
v -0.00558306 -0.00508 0.067508 
v -0.00606307 -0.00508 0.0668765 
v -0.00647199 -0.00508 0.0661969 
v -0.00680503 -0.00508 0.0654771 
v -0.00705829 -0.00508 0.0647254 
v -0.0072288 -0.00508 0.0639508 
v -0.00731455 -0.00508 0.0631623 
v -0.00731455 -0.00508 0.0623691 
v -0.0072288 -0.00508 0.0615806 
v -0.00705829 -0.00508 0.060806 
v -0.00680503 -0.00508 0.0600543 
v -0.00647199 -0.00508 0.0593344 
v -0.00606307 -0.00508 0.0586548 
v -0.00558306 -0.00508 0.0580234 
v -0.0050376 -0.00508 0.0574475 
v -0.00443308 -0.00508 0.0569341 
v -0.00377658 -0.00508 0.0564889 
v -0.00307581 -0.00508 0.0561174 
v -0.00233898 -0.00508 0.0558238 
v -0.00157472 -0.00508 0.0556116 
v -0.000792004 -0.00508 0.0554833 
v 0 -0.00484311 0.0555611 
v 0.000778954 -0.00484311 0.0556033 
v 0.00154877 -0.00484311 0.0557295 
v 0.00230044 -0.00484311 0.0559382 
v 0.00302513 -0.00484311 0.056227 
v 0.00371436 -0.00484311 0.0565924 
v 0.00436003 -0.00484311 0.0570302 
v 0.0049546 -0.00484311 0.0575352 
v 0.00549107 -0.00484311 0.0581015 
v 0.00596316 -0.00484311 0.0587226 
v 0.00636535 -0.00484311 0.059391 
v 0.0066929 -0.00484311 0.060099 
v 0.00694199 -0.00484311 0.0608382 
v 0.00710968 -0.00484311 0.0616001 
v 0.00719403 -0.00484311 0.0623756 
v 0.00719403 -0.00484311 0.0631557 
v 0.00710968 -0.00484311 0.0639313 
v 0.00694199 -0.00484311 0.0646931 
v 0.0066929 -0.00484311 0.0654324 
v 0.00636535 -0.00484311 0.0661404 
v 0.00596316 -0.00484311 0.0668088 
v 0.00549107 -0.00484311 0.0674298 
v 0.0049546 -0.00484311 0.0679962 
v 0.00436003 -0.00484311 0.0685012 
v 0.00371436 -0.00484311 0.068939 
v 0.00302513 -0.00484311 0.0693044 
v 0.00230044 -0.00484311 0.0695931 
v 0.00154877 -0.00484311 0.0698018 
v 0.000778954 -0.00484311 0.069928 
v -1.49976e-18 -0.00484311 0.0699703 
v -0.000778954 -0.00484311 0.069928 
v -0.00154877 -0.00484311 0.0698018 
v -0.00230044 -0.00484311 0.0695931 
v -0.00302513 -0.00484311 0.0693044 
v -0.00371436 -0.00484311 0.068939 
v -0.00436003 -0.00484311 0.0685012 
v -0.0049546 -0.00484311 0.0679962 
v -0.00549107 -0.00484311 0.0674298 
v -0.00596316 -0.00484311 0.0668088 
v -0.00636535 -0.00484311 0.0661404 
v -0.0066929 -0.00484311 0.0654324 
v -0.00694199 -0.00484311 0.0646931 
v -0.00710968 -0.00484311 0.0639313 
v -0.00719403 -0.00484311 0.0631557 
v -0.00719403 -0.00484311 0.0623756 
v -0.00710968 -0.00484311 0.0616001 
v -0.00694199 -0.00484311 0.0608382 
v -0.0066929 -0.00484311 0.060099 
v -0.00636535 -0.00484311 0.059391 
v -0.00596316 -0.00484311 0.0587226 
v -0.00549107 -0.00484311 0.0581015 
v -0.0049546 -0.00484311 0.0575352 
v -0.00436003 -0.00484311 0.0570302 
v -0.00371436 -0.00484311 0.0565924 
v -0.00302513 -0.00484311 0.056227 
v -0.00230044 -0.00484311 0.0559382 
v -0.00154877 -0.00484311 0.0557295 
v -0.000778954 -0.00484311 0.0556033 
v 0 -0.0045949 0.0556564 
v 0.000768652 -0.0045949 0.055698 
v 0.00152829 -0.0045949 0.0558226 
v 0.00227002 -0.0045949 0.0560285 
v 0.00298512 -0.0045949 0.0563134 
v 0.00366524 -0.0045949 0.056674 
v 0.00430238 -0.0045949 0.057106 
v 0.00488907 -0.0045949 0.0576043 
v 0.00541845 -0.0045949 0.0581632 
v 0.0058843 -0.0045949 0.058776 
v 0.00628117 -0.0045949 0.0594356 
v 0.00660439 -0.0045949 0.0601343 
v 0.00685018 -0.0045949 0.0608637 
v 0.00701566 -0.0045949 0.0616155 
v 0.00709889 -0.0045949 0.0623808 
v 0.00709889 -0.0045949 0.0631506 
v 0.00701566 -0.0045949 0.0639158 
v 0.00685018 -0.0045949 0.0646676 
v 0.00660439 -0.0045949 0.0653971 
v 0.00628117 -0.0045949 0.0660957 
v 0.0058843 -0.0045949 0.0667553 
v 0.00541845 -0.0045949 0.0673682 
v 0.00488907 -0.0045949 0.067927 
v 0.00430238 -0.0045949 0.0684254 
v 0.00366524 -0.0045949 0.0688573 
v 0.00298512 -0.0045949 0.0692179 
v 0.00227002 -0.0045949 0.0695028 
v 0.00152829 -0.0045949 0.0697088 
v 0.000768652 -0.0045949 0.0698333 
v -1.47992e-18 -0.0045949 0.069875 
v -0.000768652 -0.0045949 0.0698333 
v -0.00152829 -0.0045949 0.0697088 
v -0.00227002 -0.0045949 0.0695028 
v -0.00298512 -0.0045949 0.0692179 
v -0.00366524 -0.0045949 0.0688573 
v -0.00430238 -0.0045949 0.0684254 
v -0.00488907 -0.0045949 0.067927 
v -0.00541845 -0.0045949 0.0673682 
v -0.0058843 -0.0045949 0.0667553 
v -0.00628117 -0.0045949 0.0660957 
v -0.00660439 -0.0045949 0.0653971 
v -0.00685018 -0.0045949 0.0646676 
v -0.00701566 -0.0045949 0.0639158 
v -0.00709889 -0.0045949 0.0631506 
v -0.00709889 -0.0045949 0.0623808 
v -0.00701566 -0.0045949 0.0616155 
v -0.00685018 -0.0045949 0.0608637 
v -0.00660439 -0.0045949 0.0601343 
v -0.00628117 -0.0045949 0.0594356 
v -0.0058843 -0.0045949 0.058776 
v -0.00541845 -0.0045949 0.0581632 
v -0.00488907 -0.0045949 0.0576043 
v -0.00430238 -0.0045949 0.057106 
v -0.00366524 -0.0045949 0.056674 
v -0.00298512 -0.0045949 0.0563134 
v -0.00227002 -0.0045949 0.0560285 
v -0.00152829 -0.0045949 0.0558226 
v -0.000768652 -0.0045949 0.055698 
v 0 -0.0043381 0.0557252 
v 0.000761212 -0.0043381 0.0557664 
v 0.0015135 -0.0043381 0.0558898 
v 0.00224804 -0.0043381 0.0560937 
v 0.00295623 -0.0043381 0.0563759 
v 0.00362976 -0.0043381 0.056733 
v 0.00426073 -0.0043381 0.0571608 
v 0.00484175 -0.0043381 0.0576543 
v 0.00536601 -0.0043381 0.0582078 
v 0.00582735 -0.0043381 0.0588146 
v 0.00622037 -0.0043381 0.0594678 
v 0.00654047 -0.0043381 0.0601597 
v 0.00678388 -0.0043381 0.0608821 
v 0.00694776 -0.0043381 0.0616267 
v 0.00703018 -0.0043381 0.0623845 
v 0.00703018 -0.0043381 0.0631468 
v 0.00694776 -0.0043381 0.0639047 
v 0.00678388 -0.0043381 0.0646492 
v 0.00654047 -0.0043381 0.0653716 
v 0.00622037 -0.0043381 0.0660635 
v 0.00582735 -0.0043381 0.0667167 
v 0.00536601 -0.0043381 0.0673236 
v 0.00484175 -0.0043381 0.0678771 
v 0.00426073 -0.0043381 0.0683706 
v 0.00362976 -0.0043381 0.0687984 
v 0.00295623 -0.0043381 0.0691555 
v 0.00224804 -0.0043381 0.0694376 
v 0.0015135 -0.0043381 0.0696416 
v 0.000761212 -0.0043381 0.0697649 
v -1.4656e-18 -0.0043381 0.0698062 
v -0.000761212 -0.0043381 0.0697649 
v -0.0015135 -0.0043381 0.0696416 
v -0.00224804 -0.0043381 0.0694376 
v -0.00295623 -0.0043381 0.0691555 
v -0.00362976 -0.0043381 0.0687984 
v -0.00426073 -0.0043381 0.0683706 
v -0.00484175 -0.0043381 0.0678771 
v -0.00536601 -0.0043381 0.0673236 
v -0.00582735 -0.0043381 0.0667167 
v -0.00622037 -0.0043381 0.0660635 
v -0.00654047 -0.0043381 0.0653716 
v -0.00678388 -0.0043381 0.0646492 
v -0.00694776 -0.0043381 0.0639047 
v -0.00703018 -0.0043381 0.0631468 
v -0.00703018 -0.0043381 0.0623845 
v -0.00694776 -0.0043381 0.0616267 
v -0.00678388 -0.0043381 0.0608821 
v -0.00654047 -0.0043381 0.0601597 
v -0.00622037 -0.0043381 0.0594678 
v -0.00582735 -0.0043381 0.0588146 
v -0.00536601 -0.0043381 0.0582078 
v -0.00484175 -0.0043381 0.0576543 
v -0.00426073 -0.0043381 0.0571608 
v -0.00362976 -0.0043381 0.056733 
v -0.00295623 -0.0043381 0.0563759 
v -0.00224804 -0.0043381 0.0560937 
v -0.0015135 -0.0043381 0.0558898 
v -0.000761212 -0.0043381 0.0557664 
v 0 -0.0040755 0.0557668 
v 0.000756716 -0.0040755 0.0558078 
v 0.00150456 -0.0040755 0.0559304 
v 0.00223476 -0.0040755 0.0561331 
v 0.00293877 -0.0040755 0.0564136 
v 0.00360832 -0.0040755 0.0567686 
v 0.00423556 -0.0040755 0.0571939 
v 0.00481315 -0.0040755 0.0576845 
v 0.00533431 -0.0040755 0.0582347 
v 0.00579292 -0.0040755 0.058838 
v 0.00618363 -0.0040755 0.0594873 
v 0.00650183 -0.0040755 0.0601751 
v 0.0067438 -0.0040755 0.0608933 
v 0.00690671 -0.0040755 0.0616334 
v 0.00698865 -0.0040755 0.0623868 
v 0.00698865 -0.0040755 0.0631446 
v 0.00690671 -0.0040755 0.063898 
v 0.0067438 -0.0040755 0.0646381 
v 0.00650183 -0.0040755 0.0653562 
v 0.00618363 -0.0040755 0.066044 
v 0.00579292 -0.0040755 0.0666934 
v 0.00533431 -0.0040755 0.0672967 
v 0.00481315 -0.0040755 0.0678469 
v 0.00423556 -0.0040755 0.0683375 
v 0.00360832 -0.0040755 0.0687627 
v 0.00293877 -0.0040755 0.0691177 
v 0.00223476 -0.0040755 0.0693982 
v 0.00150456 -0.0040755 0.069601 
v 0.000756716 -0.0040755 0.0697236 
v -1.45694e-18 -0.0040755 0.0697646 
v -0.000756716 -0.0040755 0.0697236 
v -0.00150456 -0.0040755 0.069601 
v -0.00223476 -0.0040755 0.0693982 
v -0.00293877 -0.0040755 0.0691177 
v -0.00360832 -0.0040755 0.0687627 
v -0.00423556 -0.0040755 0.0683375 
v -0.00481315 -0.0040755 0.0678469 
v -0.00533431 -0.0040755 0.0672967 
v -0.00579292 -0.0040755 0.0666934 
v -0.00618363 -0.0040755 0.066044 
v -0.00650183 -0.0040755 0.0653562 
v -0.0067438 -0.0040755 0.0646381 
v -0.00690671 -0.0040755 0.063898 
v -0.00698865 -0.0040755 0.0631446 
v -0.00698865 -0.0040755 0.0623868 
v -0.00690671 -0.0040755 0.0616334 
v -0.0067438 -0.0040755 0.0608933 
v -0.00650183 -0.0040755 0.0601751 
v -0.00618363 -0.0040755 0.0594873 
v -0.00579292 -0.0040755 0.058838 
v -0.00533431 -0.0040755 0.0582347 
v -0.00481315 -0.0040755 0.0576845 
v -0.00423556 -0.0040755 0.0571939 
v -0.00360832 -0.0040755 0.0567686 
v -0.00293877 -0.0040755 0.0564136 
v -0.00223476 -0.0040755 0.0561331 
v -0.00150456 -0.0040755 0.0559304 
v -0.000756716 -0.0040755 0.0558078 
v 0.0126814 -0.00635 0.0620781 
v 0.0126814 -0.00635 0.0634532 
v 0.011798 -0.00635 0.0580649 
v 0.0122371 -0.00635 0.0593681 
v 0.0125327 -0.00635 0.060711 
v 0.0125327 -0.00635 0.0648203 
v -0.0122371 -0.00635 0.0661633 
v -0.0125327 -0.00635 0.0648203 
v -0.0125327 -0.00635 0.060711 
v -0.0122371 -0.00635 0.0593681 
v 0.00967946 -0.00635 0.0545439 
v 0.0105117 -0.00635 0.0556386 
v 0.0112206 -0.00635 0.0568169 
v -0.0112206 -0.00635 0.0687145 
v -0.011798 -0.00635 0.0674664 
v -0.0126814 -0.00635 0.0634532 
v -0.0126814 -0.00635 0.0620781 
v -0.011798 -0.00635 0.0580649 
v -0.0112206 -0.00635 0.0568169 
v 0.00533259 -0.00635 0.0512395 
v 0.00654753 -0.00635 0.0518836 
v 0.00873378 -0.00635 0.0535455 
v 0.0112206 -0.00635 0.0687145 
v 0.0105117 -0.00635 0.0698928 
v 0.00967946 -0.00635 0.0709875 
v -0.00873378 -0.00635 0.0719858 
v -0.00967946 -0.00635 0.0709875 
v 0.00768571 -0.00635 0.0526553 
v 0.0122371 -0.00635 0.0661633 
v 0.011798 -0.00635 0.0674664 
v -0.0105117 -0.00635 0.0698928 
v -0.00533259 -0.00635 0.0512395 
v -0.00405513 -0.00635 0.0507305 
v -0.00273012 -0.00635 0.0503626 
v 0.00273012 -0.00635 0.0503626 
v 0.00405513 -0.00635 0.0507305 
v -0.00654753 -0.00635 0.0736478 
v -0.00768571 -0.00635 0.0728761 
v -0.00967946 -0.00635 0.0545439 
v -0.00873378 -0.00635 0.0535455 
v -0.00768571 -0.00635 0.0526553 
v -0.00654753 -0.00635 0.0518836 
v 4.33681e-18 -0.00635 0.0500657 
v 0.00137311 -0.00635 0.0501401 
v 0.00768571 -0.00635 0.0728761 
v 0.00654753 -0.00635 0.0736478 
v 0.00137311 -0.00635 0.0753912 
v -5.38776e-18 -0.00635 0.0754657 
v -0.00273012 -0.00635 0.0751688 
v -0.00405513 -0.00635 0.0748009 
v -0.0105117 -0.00635 0.0556386 
v -0.00137311 -0.00635 0.0501401 
v 0.00873378 -0.00635 0.0719858 
v 0.00405513 -0.00635 0.0748009 
v 0.00273012 -0.00635 0.0751688 
v -0.00137311 -0.00635 0.0753912 
v -0.00533259 -0.00635 0.0742919 
v 0.00533259 -0.00635 0.0742919 
v 6.04085e-19 -0.00381 0.0475257 
v 0.00164773 -0.00381 0.047615 
v 0.00327615 -0.00381 0.047882 
v 0.00486616 -0.00381 0.0483234 
v 0.00639911 -0.00381 0.0489342 
v 0.00785704 -0.00381 0.0497072 
v 0.00922286 -0.00381 0.0506332 
v 0.0104805 -0.00381 0.0517015 
v 0.0108488 -0.00381 0.0520624 
v 0.0119226 -0.00381 0.0533037 
v 0.0116153 -0.00381 0.0528995 
v 0.0128718 -0.00381 0.0546417 
v 0.012614 -0.00381 0.0542132 
v 0.0136715 -0.00381 0.0560741 
v 0.0134647 -0.00381 0.0556271 
v 0.0143124 -0.00381 0.0575843 
v 0.0141576 -0.00381 0.0571248 
v 0.0147871 -0.00381 0.0591547 
v 0.0146845 -0.00381 0.0586885 
v 0.01509 -0.00381 0.0607672 
v 0.0150392 -0.00381 0.0603001 
v 0.0152176 -0.00381 0.0624028 
v 0.0152176 -0.00381 0.0619406 
v 0.0151685 -0.00381 0.0640427 
v 0.0152176 -0.00381 0.0635908 
v 0.0149431 -0.00381 0.0656678 
v 0.0150392 -0.00381 0.0652312 
v 0.0145442 -0.00381 0.0672593 
v 0.0146845 -0.00381 0.0668428 
v 0.0139763 -0.00381 0.0687986 
v 0.0141576 -0.00381 0.0684066 
v 0.013246 -0.00381 0.0702678 
v 0.0134647 -0.00381 0.0699042 
v 0.0123618 -0.00381 0.0716499 
v 0.012614 -0.00381 0.0713182 
v 0.011334 -0.00381 0.0729289 
v 0.0116153 -0.00381 0.0726318 
v 0.0101745 -0.00381 0.0740898 
v 0.0104805 -0.00381 0.0738299 
v 0.00889672 -0.00381 0.0751193 
v 0.00922286 -0.00381 0.0748981 
v 0.00751561 -0.00381 0.0760052 
v 0.00785704 -0.00381 0.0758242 
v 0.00604714 -0.00381 0.0767374 
v 0.00639911 -0.00381 0.0765971 
v 0.00450839 -0.00381 0.0773072 
v 0.00486616 -0.00381 0.0772079 
v 0.00291721 -0.00381 0.0777082 
v 0.00327615 -0.00381 0.0776494 
v 0.0012921 -0.00381 0.0779356 
v 0.00164773 -0.00381 0.0779163 
v -0.000348066 -0.00381 0.0779868 
v -7.33267e-18 -0.00381 0.0780057 
v -0.00198424 -0.00381 0.0778612 
v -0.00164773 -0.00381 0.0779163 
v -0.00359742 -0.00381 0.0775602 
v -0.00327615 -0.00381 0.0776494 
v -0.00516887 -0.00381 0.0770873 
v -0.00486616 -0.00381 0.0772079 
v -0.00668031 -0.00381 0.076448 
v -0.00639911 -0.00381 0.0765971 
v -0.00811421 -0.00381 0.0756498 
v -0.00785704 -0.00381 0.0758242 
v -0.00945389 -0.00381 0.0747019 
v -0.00922286 -0.00381 0.0748981 
v -0.0106838 -0.00381 0.0736153 
v -0.0104805 -0.00381 0.0738299 
v -0.0117896 -0.00381 0.0724026 
v -0.0116153 -0.00381 0.0726318 
v -0.0127585 -0.00381 0.0710779 
v -0.012614 -0.00381 0.0713182 
v -0.0135793 -0.00381 0.0696566 
v -0.0134647 -0.00381 0.0699042 
v -0.0142423 -0.00381 0.0681552 
v -0.0141576 -0.00381 0.0684066 
v -0.0147399 -0.00381 0.0665911 
v -0.0146845 -0.00381 0.0668428 
v -0.0150663 -0.00381 0.0649826 
v -0.0150392 -0.00381 0.0652312 
v -0.0152176 -0.00381 0.0633482 
v -0.0152176 -0.00381 0.0635908 
v -0.0151922 -0.00381 0.061707 
v -0.0152176 -0.00381 0.0619406 
v -0.0149904 -0.00381 0.060078 
v -0.0150392 -0.00381 0.0603001 
v -0.0146143 -0.00381 0.0584802 
v -0.0146845 -0.00381 0.0586885 
v -0.0140685 -0.00381 0.0569321 
v -0.0141576 -0.00381 0.0571248 
v -0.0133592 -0.00381 0.0554518 
v -0.0134647 -0.00381 0.0556271 
v -0.0124947 -0.00381 0.0540563 
v -0.012614 -0.00381 0.0542132 
v -0.011485 -0.00381 0.0527619 
v -0.0116153 -0.00381 0.0528995 
v -0.0103475 -0.00381 0.051577 
v -0.0104805 -0.00381 0.0517015 
v -0.00922286 -0.00381 0.0506332 
v -0.00785704 -0.00381 0.0497072 
v -0.00639911 -0.00381 0.0489342 
v -0.00486616 -0.00381 0.0483234 
v -0.00327615 -0.00381 0.047882 
v -0.00164773 -0.00381 0.047615 
v 4.33681e-18 -0.0040755 0.0475396 
v 0.00164623 -0.0040755 0.0476289 
v 0.00327316 -0.0040755 0.0478956 
v 0.00486171 -0.0040755 0.0483366 
v 0.00639327 -0.0040755 0.0489469 
v 0.00784987 -0.0040755 0.0497191 
v 0.00921443 -0.0040755 0.0506443 
v 0.0116047 -0.0040755 0.0529085 
v 0.010471 -0.0040755 0.0517116 
v 0.0126025 -0.0040755 0.054221 
v 0.0134524 -0.0040755 0.0556337 
v 0.0141447 -0.0040755 0.0571299 
v 0.0146711 -0.0040755 0.0586923 
v 0.0150255 -0.0040755 0.0603024 
v 0.0152038 -0.0040755 0.0619414 
v 0.0152038 -0.0040755 0.06359 
v 0.0150255 -0.0040755 0.065229 
v 0.0146711 -0.0040755 0.0668391 
v 0.0141447 -0.0040755 0.0684014 
v 0.0134524 -0.0040755 0.0698977 
v 0.0126025 -0.0040755 0.0713104 
v 0.0116047 -0.0040755 0.0726228 
v 0.010471 -0.0040755 0.0738197 
v 0.00921443 -0.0040755 0.0748871 
v 0.00784987 -0.0040755 0.0758123 
v 0.00639327 -0.0040755 0.0765845 
v 0.00486171 -0.0040755 0.0771947 
v 0.00327316 -0.0040755 0.0776358 
v 0.00164623 -0.0040755 0.0779025 
v 1.16724e-18 -0.0040755 0.0779918 
v -0.00164623 -0.0040755 0.0779025 
v -0.00327316 -0.0040755 0.0776358 
v -0.00486171 -0.0040755 0.0771947 
v -0.00639327 -0.0040755 0.0765845 
v -0.00784987 -0.0040755 0.0758123 
v -0.00921443 -0.0040755 0.0748871 
v -0.010471 -0.0040755 0.0738197 
v -0.0116047 -0.0040755 0.0726228 
v -0.0126025 -0.0040755 0.0713104 
v -0.0134524 -0.0040755 0.0698977 
v -0.0141447 -0.0040755 0.0684014 
v -0.0146711 -0.0040755 0.0668391 
v -0.0150255 -0.0040755 0.065229 
v -0.0152038 -0.0040755 0.06359 
v -0.0152038 -0.0040755 0.0619414 
v -0.0150255 -0.0040755 0.0603024 
v -0.0146711 -0.0040755 0.0586923 
v -0.0141447 -0.0040755 0.0571299 
v -0.0134524 -0.0040755 0.0556337 
v -0.0126025 -0.0040755 0.054221 
v -0.0116047 -0.0040755 0.0529085 
v -0.010471 -0.0040755 0.0517116 
v -0.00921443 -0.0040755 0.0506443 
v -0.00784987 -0.0040755 0.0497191 
v -0.00639327 -0.0040755 0.0489469 
v -0.00486171 -0.0040755 0.0483366 
v -0.00327316 -0.0040755 0.0478956 
v -0.00164623 -0.0040755 0.0476289 
v 4.33681e-18 -0.0043381 0.0475812 
v 0.00164173 -0.0043381 0.0476702 
v 0.00326422 -0.0043381 0.0479362 
v 0.00484843 -0.0043381 0.048376 
v 0.0063758 -0.0043381 0.0489846 
v 0.00782842 -0.0043381 0.0497547 
v 0.00918926 -0.0043381 0.0506774 
v 0.0104424 -0.0043381 0.0517418 
v 0.011573 -0.0043381 0.0529354 
v 0.012568 -0.0043381 0.0542443 
v 0.0134157 -0.0043381 0.0556531 
v 0.014106 -0.0043381 0.0571453 
v 0.014631 -0.0043381 0.0587034 
v 0.0149845 -0.0043381 0.0603091 
v 0.0151622 -0.0043381 0.0619436 
v 0.0151622 -0.0043381 0.0635878 
v 0.0149845 -0.0043381 0.0652223 
v 0.014631 -0.0043381 0.066828 
v 0.014106 -0.0043381 0.068386 
v 0.0134157 -0.0043381 0.0698782 
v 0.012568 -0.0043381 0.071287 
v 0.011573 -0.0043381 0.0725959 
v 0.0104424 -0.0043381 0.0737896 
v 0.00918926 -0.0043381 0.074854 
v 0.00782842 -0.0043381 0.0757766 
v 0.0063758 -0.0043381 0.0765468 
v 0.00484843 -0.0043381 0.0771553 
v 0.00326422 -0.0043381 0.0775952 
v 0.00164173 -0.0043381 0.0778612 
v 1.1759e-18 -0.0043381 0.0779502 
v -0.00164173 -0.0043381 0.0778612 
v -0.00326422 -0.0043381 0.0775952 
v -0.00484843 -0.0043381 0.0771553 
v -0.0063758 -0.0043381 0.0765468 
v -0.00782842 -0.0043381 0.0757766 
v -0.00918926 -0.0043381 0.074854 
v -0.0104424 -0.0043381 0.0737896 
v -0.011573 -0.0043381 0.0725959 
v -0.012568 -0.0043381 0.071287 
v -0.0134157 -0.0043381 0.0698782 
v -0.014106 -0.0043381 0.068386 
v -0.014631 -0.0043381 0.066828 
v -0.0149845 -0.0043381 0.0652223 
v -0.0151622 -0.0043381 0.0635878 
v -0.0151622 -0.0043381 0.0619436 
v -0.0149845 -0.0043381 0.0603091 
v -0.014631 -0.0043381 0.0587034 
v -0.014106 -0.0043381 0.0571453 
v -0.0134157 -0.0043381 0.0556531 
v -0.012568 -0.0043381 0.0542443 
v -0.011573 -0.0043381 0.0529354 
v -0.0104424 -0.0043381 0.0517418 
v -0.00918926 -0.0043381 0.0506774 
v -0.00782842 -0.0043381 0.0497547 
v -0.0063758 -0.0043381 0.0489846 
v -0.00484843 -0.0043381 0.048376 
v -0.00326422 -0.0043381 0.0479362 
v -0.00164173 -0.0043381 0.0476702 
v 4.33681e-18 -0.0045949 0.04765 
v 0.00163429 -0.0045949 0.0477386 
v 0.00324943 -0.0045949 0.0480034 
v 0.00482646 -0.0045949 0.0484413 
v 0.00634691 -0.0045949 0.0490471 
v 0.00779295 -0.0045949 0.0498137 
v 0.00914762 -0.0045949 0.0507322 
v 0.010395 -0.0045949 0.0517918 
v 0.0115206 -0.0045949 0.05298 
v 0.0125111 -0.0045949 0.054283 
v 0.0133549 -0.0045949 0.0556854 
v 0.0140421 -0.0045949 0.0571708 
v 0.0145647 -0.0045949 0.0587218 
v 0.0149166 -0.0045949 0.0603202 
v 0.0150935 -0.0045949 0.0619473 
v 0.0150935 -0.0045949 0.063584 
v 0.0149166 -0.0045949 0.0652111 
v 0.0145647 -0.0045949 0.0668096 
v 0.0140421 -0.0045949 0.0683606 
v 0.0133549 -0.0045949 0.069846 
v 0.0125111 -0.0045949 0.0712484 
v 0.0115206 -0.0045949 0.0725514 
v 0.010395 -0.0045949 0.0737396 
v 0.00914762 -0.0045949 0.0747992 
v 0.00779295 -0.0045949 0.0757177 
v 0.00634691 -0.0045949 0.0764843 
v 0.00482646 -0.0045949 0.0770901 
v 0.00324943 -0.0045949 0.077528 
v 0.00163429 -0.0045949 0.0777928 
v 1.19022e-18 -0.0045949 0.0778814 
v -0.00163429 -0.0045949 0.0777928 
v -0.00324943 -0.0045949 0.077528 
v -0.00482646 -0.0045949 0.0770901 
v -0.00634691 -0.0045949 0.0764843 
v -0.00779295 -0.0045949 0.0757177 
v -0.00914762 -0.0045949 0.0747992 
v -0.010395 -0.0045949 0.0737396 
v -0.0115206 -0.0045949 0.0725514 
v -0.0125111 -0.0045949 0.0712484 
v -0.0133549 -0.0045949 0.069846 
v -0.0140421 -0.0045949 0.0683606 
v -0.0145647 -0.0045949 0.0668096 
v -0.0149166 -0.0045949 0.0652111 
v -0.0150935 -0.0045949 0.063584 
v -0.0150935 -0.0045949 0.0619473 
v -0.0149166 -0.0045949 0.0603202 
v -0.0145647 -0.0045949 0.0587218 
v -0.0140421 -0.0045949 0.0571708 
v -0.0133549 -0.0045949 0.0556854 
v -0.0125111 -0.0045949 0.054283 
v -0.0115206 -0.0045949 0.05298 
v -0.010395 -0.0045949 0.0517918 
v -0.00914762 -0.0045949 0.0507322 
v -0.00779295 -0.0045949 0.0498137 
v -0.00634691 -0.0045949 0.0490471 
v -0.00482646 -0.0045949 0.0484413 
v -0.00324943 -0.0045949 0.0480034 
v -0.00163429 -0.0045949 0.0477386 
v 4.33681e-18 -0.00484311 0.0477453 
v 0.00162399 -0.00484311 0.0478333 
v 0.00322894 -0.00484311 0.0480964 
v 0.00479604 -0.00484311 0.0485315 
v 0.0063069 -0.00484311 0.0491335 
v 0.00774383 -0.00484311 0.0498953 
v 0.00908996 -0.00484311 0.050808 
v 0.0103295 -0.00484311 0.0518609 
v 0.011448 -0.00484311 0.0530417 
v 0.0124322 -0.00484311 0.0543364 
v 0.0132707 -0.00484311 0.05573 
v 0.0139536 -0.00484311 0.0572061 
v 0.0144729 -0.00484311 0.0587473 
v 0.0148225 -0.00484311 0.0603356 
v 0.0149984 -0.00484311 0.0619525 
v 0.0149984 -0.00484311 0.0635789 
v 0.0148225 -0.00484311 0.0651957 
v 0.0144729 -0.00484311 0.0667841 
v 0.0139536 -0.00484311 0.0683253 
v 0.0132707 -0.00484311 0.0698014 
v 0.0124322 -0.00484311 0.0711949 
v 0.011448 -0.00484311 0.0724897 
v 0.0103295 -0.00484311 0.0736704 
v 0.00908996 -0.00484311 0.0747233 
v 0.00774383 -0.00484311 0.075636 
v 0.0063069 -0.00484311 0.0763978 
v 0.00479604 -0.00484311 0.0769998 
v 0.00322894 -0.00484311 0.0774349 
v 0.00162399 -0.00484311 0.077698 
v 1.21006e-18 -0.00484311 0.0777861 
v -0.00162399 -0.00484311 0.077698 
v -0.00322894 -0.00484311 0.0774349 
v -0.00479604 -0.00484311 0.0769998 
v -0.0063069 -0.00484311 0.0763978 
v -0.00774383 -0.00484311 0.075636 
v -0.00908996 -0.00484311 0.0747233 
v -0.0103295 -0.00484311 0.0736704 
v -0.011448 -0.00484311 0.0724897 
v -0.0124322 -0.00484311 0.0711949 
v -0.0132707 -0.00484311 0.0698014 
v -0.0139536 -0.00484311 0.0683253 
v -0.0144729 -0.00484311 0.0667841 
v -0.0148225 -0.00484311 0.0651957 
v -0.0149984 -0.00484311 0.0635789 
v -0.0149984 -0.00484311 0.0619525 
v -0.0148225 -0.00484311 0.0603356 
v -0.0144729 -0.00484311 0.0587473 
v -0.0139536 -0.00484311 0.0572061 
v -0.0132707 -0.00484311 0.05573 
v -0.0124322 -0.00484311 0.0543364 
v -0.011448 -0.00484311 0.0530417 
v -0.0103295 -0.00484311 0.0518609 
v -0.00908996 -0.00484311 0.050808 
v -0.00774383 -0.00484311 0.0498953 
v -0.0063069 -0.00484311 0.0491335 
v -0.00479604 -0.00484311 0.0485315 
v -0.00322894 -0.00484311 0.0480964 
v -0.00162399 -0.00484311 0.0478333 
v 4.33681e-18 -0.00508 0.047866 
v 0.00161094 -0.00508 0.0479533 
v 0.003203 -0.00508 0.0482143 
v 0.0047575 -0.00508 0.0486459 
v 0.00625622 -0.00508 0.0492431 
v 0.0076816 -0.00508 0.0499988 
v 0.00901692 -0.00508 0.0509041 
v 0.0102465 -0.00508 0.0519486 
v 0.011356 -0.00508 0.0531198 
v 0.0123323 -0.00508 0.0544042 
v 0.0131641 -0.00508 0.0557865 
v 0.0138415 -0.00508 0.0572507 
v 0.0143566 -0.00508 0.0587796 
v 0.0147034 -0.00508 0.0603552 
v 0.0148779 -0.00508 0.061959 
v 0.0148779 -0.00508 0.0635723 
v 0.0147034 -0.00508 0.0651762 
v 0.0143566 -0.00508 0.0667518 
v 0.0138415 -0.00508 0.0682806 
v 0.0131641 -0.00508 0.0697448 
v 0.0123323 -0.00508 0.0711272 
v 0.011356 -0.00508 0.0724115 
v 0.0102465 -0.00508 0.0735828 
v 0.00901692 -0.00508 0.0746272 
v 0.0076816 -0.00508 0.0755326 
v 0.00625622 -0.00508 0.0762883 
v 0.0047575 -0.00508 0.0768854 
v 0.003203 -0.00508 0.077317 
v 0.00161094 -0.00508 0.077578 
v 1.23518e-18 -0.00508 0.0776654 
v -0.00161094 -0.00508 0.077578 
v -0.003203 -0.00508 0.077317 
v -0.0047575 -0.00508 0.0768854 
v -0.00625622 -0.00508 0.0762883 
v -0.0076816 -0.00508 0.0755326 
v -0.00901692 -0.00508 0.0746272 
v -0.0102465 -0.00508 0.0735828 
v -0.011356 -0.00508 0.0724115 
v -0.0123323 -0.00508 0.0711272 
v -0.0131641 -0.00508 0.0697448 
v -0.0138415 -0.00508 0.0682806 
v -0.0143566 -0.00508 0.0667518 
v -0.0147034 -0.00508 0.0651762 
v -0.0148779 -0.00508 0.0635723 
v -0.0148779 -0.00508 0.061959 
v -0.0147034 -0.00508 0.0603552 
v -0.0143566 -0.00508 0.0587796 
v -0.0138415 -0.00508 0.0572507 
v -0.0131641 -0.00508 0.0557865 
v -0.0123323 -0.00508 0.0544042 
v -0.011356 -0.00508 0.0531198 
v -0.0102465 -0.00508 0.0519486 
v -0.00901692 -0.00508 0.0509041 
v -0.0076816 -0.00508 0.0499988 
v -0.00625622 -0.00508 0.0492431 
v -0.0047575 -0.00508 0.0486459 
v -0.003203 -0.00508 0.0482143 
v -0.00161094 -0.00508 0.0479533 
v 4.33681e-18 -0.00530297 0.0480108 
v 0.00159529 -0.00530297 0.0480973 
v 0.00317187 -0.00530297 0.0483557 
v 0.00471126 -0.00530297 0.0487831 
v 0.00619542 -0.00530297 0.0493745 
v 0.00760695 -0.00530297 0.0501228 
v 0.00892929 -0.00530297 0.0510194 
v 0.0101469 -0.00530297 0.0520537 
v 0.0112456 -0.00530297 0.0532136 
v 0.0122125 -0.00530297 0.0544854 
v 0.0130361 -0.00530297 0.0558544 
v 0.013707 -0.00530297 0.0573043 
v 0.0142171 -0.00530297 0.0588183 
v 0.0145605 -0.00530297 0.0603786 
v 0.0147333 -0.00530297 0.0619669 
v 0.0147333 -0.00530297 0.0635645 
v 0.0145605 -0.00530297 0.0651528 
v 0.0142171 -0.00530297 0.066713 
v 0.013707 -0.00530297 0.068227 
v 0.0130361 -0.00530297 0.069677 
v 0.0122125 -0.00530297 0.0710459 
v 0.0112456 -0.00530297 0.0723178 
v 0.0101469 -0.00530297 0.0734777 
v 0.00892929 -0.00530297 0.074512 
v 0.00760695 -0.00530297 0.0754085 
v 0.00619542 -0.00530297 0.0761569 
v 0.00471126 -0.00530297 0.0767482 
v 0.00317187 -0.00530297 0.0771756 
v 0.00159529 -0.00530297 0.0774341 
v 1.26533e-18 -0.00530297 0.0775206 
v -0.00159529 -0.00530297 0.0774341 
v -0.00317187 -0.00530297 0.0771756 
v -0.00471126 -0.00530297 0.0767482 
v -0.00619542 -0.00530297 0.0761569 
v -0.00760695 -0.00530297 0.0754085 
v -0.00892929 -0.00530297 0.074512 
v -0.0101469 -0.00530297 0.0734777 
v -0.0112456 -0.00530297 0.0723178 
v -0.0122125 -0.00530297 0.0710459 
v -0.0130361 -0.00530297 0.069677 
v -0.013707 -0.00530297 0.068227 
v -0.0142171 -0.00530297 0.066713 
v -0.0145605 -0.00530297 0.0651528 
v -0.0147333 -0.00530297 0.0635645 
v -0.0147333 -0.00530297 0.0619669 
v -0.0145605 -0.00530297 0.0603786 
v -0.0142171 -0.00530297 0.0588183 
v -0.013707 -0.00530297 0.0573043 
v -0.0130361 -0.00530297 0.0558544 
v -0.0122125 -0.00530297 0.0544854 
v -0.0112456 -0.00530297 0.0532136 
v -0.0101469 -0.00530297 0.0520537 
v -0.00892929 -0.00530297 0.0510194 
v -0.00760695 -0.00530297 0.0501228 
v -0.00619542 -0.00530297 0.0493745 
v -0.00471126 -0.00530297 0.0487831 
v -0.00317187 -0.00530297 0.0483557 
v -0.00159529 -0.00530297 0.0480973 
v 4.33681e-18 -0.00550959 0.0481781 
v 0.0015772 -0.00550959 0.0482636 
v 0.0031359 -0.00550959 0.0485191 
v 0.00465784 -0.00550959 0.0489417 
v 0.00612517 -0.00550959 0.0495263 
v 0.00752069 -0.00550959 0.0502662 
v 0.00882803 -0.00550959 0.0511526 
v 0.0100319 -0.00550959 0.0521752 
v 0.0111181 -0.00550959 0.0533219 
v 0.012074 -0.00550959 0.0545793 
v 0.0128883 -0.00550959 0.0559327 
v 0.0135515 -0.00550959 0.0573663 
v 0.0140559 -0.00550959 0.0588631 
v 0.0143954 -0.00550959 0.0604057 
v 0.0145662 -0.00550959 0.0619759 
v 0.0145662 -0.00550959 0.0635554 
v 0.0143954 -0.00550959 0.0651257 
v 0.0140559 -0.00550959 0.0666683 
v 0.0135515 -0.00550959 0.0681651 
v 0.0128883 -0.00550959 0.0695986 
v 0.012074 -0.00550959 0.070952 
v 0.0111181 -0.00550959 0.0722095 
v 0.0100319 -0.00550959 0.0733562 
v 0.00882803 -0.00550959 0.0743788 
v 0.00752069 -0.00550959 0.0752652 
v 0.00612517 -0.00550959 0.076005 
v 0.00465784 -0.00550959 0.0765897 
v 0.0031359 -0.00550959 0.0770122 
v 0.0015772 -0.00550959 0.0772678 
v 1.30016e-18 -0.00550959 0.0773533 
v -0.0015772 -0.00550959 0.0772678 
v -0.0031359 -0.00550959 0.0770122 
v -0.00465784 -0.00550959 0.0765897 
v -0.00612517 -0.00550959 0.076005 
v -0.00752069 -0.00550959 0.0752652 
v -0.00882803 -0.00550959 0.0743788 
v -0.0100319 -0.00550959 0.0733562 
v -0.0111181 -0.00550959 0.0722095 
v -0.012074 -0.00550959 0.070952 
v -0.0128883 -0.00550959 0.0695986 
v -0.0135515 -0.00550959 0.0681651 
v -0.0140559 -0.00550959 0.0666683 
v -0.0143954 -0.00550959 0.0651257 
v -0.0145662 -0.00550959 0.0635554 
v -0.0145662 -0.00550959 0.0619759 
v -0.0143954 -0.00550959 0.0604057 
v -0.0140559 -0.00550959 0.0588631 
v -0.0135515 -0.00550959 0.0573663 
v -0.0128883 -0.00550959 0.0559327 
v -0.012074 -0.00550959 0.0545793 
v -0.0111181 -0.00550959 0.0533219 
v -0.0100319 -0.00550959 0.0521752 
v -0.00882803 -0.00550959 0.0511526 
v -0.00752069 -0.00550959 0.0502662 
v -0.00612517 -0.00550959 0.0495263 
v -0.00465784 -0.00550959 0.0489417 
v -0.0031359 -0.00550959 0.0485191 
v -0.0015772 -0.00550959 0.0482636 
v 4.33681e-18 -0.00569759 0.0483661 
v 0.00155687 -0.00569759 0.0484505 
v 0.00309549 -0.00569759 0.0487027 
v 0.00459781 -0.00569759 0.0491199 
v 0.00604623 -0.00569759 0.049697 
v 0.00742377 -0.00569759 0.0504273 
v 0.00871426 -0.00569759 0.0513023 
v 0.00990259 -0.00569759 0.0523116 
v 0.0109748 -0.00569759 0.0534436 
v 0.0119184 -0.00569759 0.0546848 
v 0.0127222 -0.00569759 0.0560208 
v 0.0133769 -0.00569759 0.0574358 
v 0.0138747 -0.00569759 0.0589134 
v 0.0142099 -0.00569759 0.0604361 
v 0.0143785 -0.00569759 0.0619861 
v 0.0143785 -0.00569759 0.0635453 
v 0.0142099 -0.00569759 0.0650953 
v 0.0138747 -0.00569759 0.066618 
v 0.0133769 -0.00569759 0.0680955 
v 0.0127222 -0.00569759 0.0695106 
v 0.0119184 -0.00569759 0.0708465 
v 0.0109748 -0.00569759 0.0720878 
v 0.00990259 -0.00569759 0.0732197 
v 0.00871426 -0.00569759 0.0742291 
v 0.00742377 -0.00569759 0.0751041 
v 0.00604623 -0.00569759 0.0758344 
v 0.00459781 -0.00569759 0.0764115 
v 0.00309549 -0.00569759 0.0768286 
v 0.00155687 -0.00569759 0.0770809 
v 1.33929e-18 -0.00569759 0.0771653 
v -0.00155687 -0.00569759 0.0770809 
v -0.00309549 -0.00569759 0.0768286 
v -0.00459781 -0.00569759 0.0764115 
v -0.00604623 -0.00569759 0.0758344 
v -0.00742377 -0.00569759 0.0751041 
v -0.00871426 -0.00569759 0.0742291 
v -0.00990259 -0.00569759 0.0732197 
v -0.0109748 -0.00569759 0.0720878 
v -0.0119184 -0.00569759 0.0708465 
v -0.0127222 -0.00569759 0.0695106 
v -0.0133769 -0.00569759 0.0680955 
v -0.0138747 -0.00569759 0.066618 
v -0.0142099 -0.00569759 0.0650953 
v -0.0143785 -0.00569759 0.0635453 
v -0.0143785 -0.00569759 0.0619861 
v -0.0142099 -0.00569759 0.0604361 
v -0.0138747 -0.00569759 0.0589134 
v -0.0133769 -0.00569759 0.0574358 
v -0.0127222 -0.00569759 0.0560208 
v -0.0119184 -0.00569759 0.0546848 
v -0.0109748 -0.00569759 0.0534436 
v -0.00990259 -0.00569759 0.0523116 
v -0.00871426 -0.00569759 0.0513023 
v -0.00742377 -0.00569759 0.0504273 
v -0.00604623 -0.00569759 0.049697 
v -0.00459781 -0.00569759 0.0491199 
v -0.00309549 -0.00569759 0.0487027 
v -0.00155687 -0.00569759 0.0484505 
v 4.33681e-18 -0.0058649 0.0485727 
v 0.00153453 -0.0058649 0.0486559 
v 0.00305107 -0.0058649 0.0489045 
v 0.00453184 -0.0058649 0.0493157 
v 0.00595948 -0.0058649 0.0498845 
v 0.00731724 -0.0058649 0.0506043 
v 0.00858922 -0.0058649 0.0514668 
v 0.0097605 -0.0058649 0.0524616 
v 0.0108173 -0.0058649 0.0535773 
v 0.0117474 -0.0058649 0.0548008 
v 0.0125397 -0.0058649 0.0561176 
v 0.0131849 -0.0058649 0.0575123 
v 0.0136756 -0.0058649 0.0589687 
v 0.014006 -0.0058649 0.0604695 
v 0.0141722 -0.0058649 0.0619973 
v 0.0141722 -0.0058649 0.0635341 
v 0.014006 -0.0058649 0.0650618 
v 0.0136756 -0.0058649 0.0665627 
v 0.0131849 -0.0058649 0.068019 
v 0.0125397 -0.0058649 0.0694138 
v 0.0117474 -0.0058649 0.0707306 
v 0.0108173 -0.0058649 0.071954 
v 0.0097605 -0.0058649 0.0730697 
v 0.00858922 -0.0058649 0.0740646 
v 0.00731724 -0.0058649 0.074927 
v 0.00595948 -0.0058649 0.0756469 
v 0.00453184 -0.0058649 0.0762157 
v 0.00305107 -0.0058649 0.0766268 
v 0.00153453 -0.0058649 0.0768755 
v 1.3823e-18 -0.0058649 0.0769587 
v -0.00153453 -0.0058649 0.0768755 
v -0.00305107 -0.0058649 0.0766268 
v -0.00453184 -0.0058649 0.0762157 
v -0.00595948 -0.0058649 0.0756469 
v -0.00731724 -0.0058649 0.074927 
v -0.00858922 -0.0058649 0.0740646 
v -0.0097605 -0.0058649 0.0730697 
v -0.0108173 -0.0058649 0.071954 
v -0.0117474 -0.0058649 0.0707306 
v -0.0125397 -0.0058649 0.0694138 
v -0.0131849 -0.0058649 0.068019 
v -0.0136756 -0.0058649 0.0665627 
v -0.014006 -0.0058649 0.0650618 
v -0.0141722 -0.0058649 0.0635341 
v -0.0141722 -0.0058649 0.0619973 
v -0.014006 -0.0058649 0.0604695 
v -0.0136756 -0.0058649 0.0589687 
v -0.0131849 -0.0058649 0.0575123 
v -0.0125397 -0.0058649 0.0561176 
v -0.0117474 -0.0058649 0.0548008 
v -0.0108173 -0.0058649 0.0535773 
v -0.0097605 -0.0058649 0.0524616 
v -0.00858922 -0.0058649 0.0514668 
v -0.00731724 -0.0058649 0.0506043 
v -0.00595948 -0.0058649 0.0498845 
v -0.00453184 -0.0058649 0.0493157 
v -0.00305107 -0.0058649 0.0489045 
v -0.00153453 -0.0058649 0.0486559 
v 4.33681e-18 -0.0060097 0.0487957 
v 0.00151042 -0.0060097 0.0488776 
v 0.00300314 -0.0060097 0.0491223 
v 0.00446064 -0.0060097 0.049527 
v 0.00586585 -0.0060097 0.0500869 
v 0.00720229 -0.0060097 0.0507954 
v 0.00845428 -0.0060097 0.0516443 
v 0.00960716 -0.0060097 0.0526235 
v 0.0106474 -0.0060097 0.0537217 
v 0.0115628 -0.0060097 0.0549259 
v 0.0123427 -0.0060097 0.056222 
v 0.0129778 -0.0060097 0.0575948 
v 0.0134608 -0.0060097 0.0590283 
v 0.013786 -0.0060097 0.0605056 
v 0.0139495 -0.0060097 0.0620094 
v 0.0139495 -0.0060097 0.063522 
v 0.013786 -0.0060097 0.0650258 
v 0.0134608 -0.0060097 0.0665031 
v 0.0129778 -0.0060097 0.0679365 
v 0.0123427 -0.0060097 0.0693093 
v 0.0115628 -0.0060097 0.0706055 
v 0.0106474 -0.0060097 0.0718097 
v 0.00960716 -0.0060097 0.0729078 
v 0.00845428 -0.0060097 0.0738871 
v 0.00720229 -0.0060097 0.074736 
v 0.00586585 -0.0060097 0.0754445 
v 0.00446064 -0.0060097 0.0760044 
v 0.00300314 -0.0060097 0.0764091 
v 0.00151042 -0.0060097 0.0766538 
v 1.42872e-18 -0.0060097 0.0767357 
v -0.00151042 -0.0060097 0.0766538 
v -0.00300314 -0.0060097 0.0764091 
v -0.00446064 -0.0060097 0.0760044 
v -0.00586585 -0.0060097 0.0754445 
v -0.00720229 -0.0060097 0.074736 
v -0.00845428 -0.0060097 0.0738871 
v -0.00960716 -0.0060097 0.0729078 
v -0.0106474 -0.0060097 0.0718097 
v -0.0115628 -0.0060097 0.0706055 
v -0.0123427 -0.0060097 0.0693093 
v -0.0129778 -0.0060097 0.0679365 
v -0.0134608 -0.0060097 0.0665031 
v -0.013786 -0.0060097 0.0650258 
v -0.0139495 -0.0060097 0.063522 
v -0.0139495 -0.0060097 0.0620094 
v -0.013786 -0.0060097 0.0605056 
v -0.0134608 -0.0060097 0.0590283 
v -0.0129778 -0.0060097 0.0575948 
v -0.0123427 -0.0060097 0.056222 
v -0.0115628 -0.0060097 0.0549259 
v -0.0106474 -0.0060097 0.0537217 
v -0.00960716 -0.0060097 0.0526235 
v -0.00845428 -0.0060097 0.0516443 
v -0.00720229 -0.0060097 0.0507954 
v -0.00586585 -0.0060097 0.0500869 
v -0.00446064 -0.0060097 0.049527 
v -0.00300314 -0.0060097 0.0491223 
v -0.00151042 -0.0060097 0.0488776 
v 4.33681e-18 -0.00613041 0.0490326 
v 0.00148481 -0.00613041 0.0491131 
v 0.00295221 -0.00613041 0.0493536 
v 0.004385 -0.00613041 0.0497515 
v 0.00576638 -0.00613041 0.0503018 
v 0.00708016 -0.00613041 0.0509984 
v 0.00831092 -0.00613041 0.0518328 
v 0.00944425 -0.00613041 0.0527955 
v 0.0104669 -0.00613041 0.0538751 
v 0.0113667 -0.00613041 0.0550588 
v 0.0121334 -0.00613041 0.056333 
v 0.0127577 -0.00613041 0.0576825 
v 0.0132325 -0.00613041 0.0590917 
v 0.0135522 -0.00613041 0.0605439 
v 0.013713 -0.00613041 0.0620222 
v 0.013713 -0.00613041 0.0635092 
v 0.0135522 -0.00613041 0.0649875 
v 0.0132325 -0.00613041 0.0664397 
v 0.0127577 -0.00613041 0.0678488 
v 0.0121334 -0.00613041 0.0691984 
v 0.0113667 -0.00613041 0.0704725 
v 0.0104669 -0.00613041 0.0716563 
v 0.00944425 -0.00613041 0.0727359 
v 0.00831092 -0.00613041 0.0736985 
v 0.00708016 -0.00613041 0.074533 
v 0.00576638 -0.00613041 0.0752295 
v 0.004385 -0.00613041 0.0757799 
v 0.00295221 -0.00613041 0.0761777 
v 0.00148481 -0.00613041 0.0764183 
v 1.47803e-18 -0.00613041 0.0764988 
v -0.00148481 -0.00613041 0.0764183 
v -0.00295221 -0.00613041 0.0761777 
v -0.004385 -0.00613041 0.0757799 
v -0.00576638 -0.00613041 0.0752295 
v -0.00708016 -0.00613041 0.074533 
v -0.00831092 -0.00613041 0.0736985 
v -0.00944425 -0.00613041 0.0727359 
v -0.0104669 -0.00613041 0.0716563 
v -0.0113667 -0.00613041 0.0704725 
v -0.0121334 -0.00613041 0.0691984 
v -0.0127577 -0.00613041 0.0678488 
v -0.0132325 -0.00613041 0.0664397 
v -0.0135522 -0.00613041 0.0649875 
v -0.013713 -0.00613041 0.0635092 
v -0.013713 -0.00613041 0.0620222 
v -0.0135522 -0.00613041 0.0605439 
v -0.0132325 -0.00613041 0.0590917 
v -0.0127577 -0.00613041 0.0576825 
v -0.0121334 -0.00613041 0.056333 
v -0.0113667 -0.00613041 0.0550588 
v -0.0104669 -0.00613041 0.0538751 
v -0.00944425 -0.00613041 0.0527955 
v -0.00831092 -0.00613041 0.0518328 
v -0.00708016 -0.00613041 0.0509984 
v -0.00576638 -0.00613041 0.0503018 
v -0.004385 -0.00613041 0.0497515 
v -0.00295221 -0.00613041 0.0493536 
v -0.00148481 -0.00613041 0.0491131 
v 4.33681e-18 -0.00622568 0.0492808 
v 0.00145797 -0.00622568 0.0493598 
v 0.00289886 -0.00622568 0.049596 
v 0.00430575 -0.00622568 0.0499867 
v 0.00566216 -0.00622568 0.0505271 
v 0.00695219 -0.00622568 0.051211 
v 0.00816072 -0.00622568 0.0520304 
v 0.00927356 -0.00622568 0.0529757 
v 0.0102777 -0.00622568 0.0540357 
v 0.0111613 -0.00622568 0.0551981 
v 0.0119141 -0.00622568 0.0564492 
v 0.0125272 -0.00622568 0.0577744 
v 0.0129934 -0.00622568 0.0591581 
v 0.0133073 -0.00622568 0.0605841 
v 0.0134651 -0.00622568 0.0620356 
v 0.0134651 -0.00622568 0.0634957 
v 0.0133073 -0.00622568 0.0649473 
v 0.0129934 -0.00622568 0.0663733 
v 0.0125272 -0.00622568 0.067757 
v 0.0119141 -0.00622568 0.0690821 
v 0.0111613 -0.00622568 0.0703332 
v 0.0102777 -0.00622568 0.0714956 
v 0.00927356 -0.00622568 0.0725557 
v 0.00816072 -0.00622568 0.0735009 
v 0.00695219 -0.00622568 0.0743203 
v 0.00566216 -0.00622568 0.0750042 
v 0.00430575 -0.00622568 0.0755447 
v 0.00289886 -0.00622568 0.0759353 
v 0.00145797 -0.00622568 0.0761715 
v 1.5297e-18 -0.00622568 0.0762506 
v -0.00145797 -0.00622568 0.0761715 
v -0.00289886 -0.00622568 0.0759353 
v -0.00430575 -0.00622568 0.0755447 
v -0.00566216 -0.00622568 0.0750042 
v -0.00695219 -0.00622568 0.0743203 
v -0.00816072 -0.00622568 0.0735009 
v -0.00927356 -0.00622568 0.0725557 
v -0.0102777 -0.00622568 0.0714956 
v -0.0111613 -0.00622568 0.0703332 
v -0.0119141 -0.00622568 0.0690821 
v -0.0125272 -0.00622568 0.067757 
v -0.0129934 -0.00622568 0.0663733 
v -0.0133073 -0.00622568 0.0649473 
v -0.0134651 -0.00622568 0.0634957 
v -0.0134651 -0.00622568 0.0620356 
v -0.0133073 -0.00622568 0.0605841 
v -0.0129934 -0.00622568 0.0591581 
v -0.0125272 -0.00622568 0.0577744 
v -0.0119141 -0.00622568 0.0564492 
v -0.0111613 -0.00622568 0.0551981 
v -0.0102777 -0.00622568 0.0540357 
v -0.00927356 -0.00622568 0.0529757 
v -0.00816072 -0.00622568 0.0520304 
v -0.00695219 -0.00622568 0.051211 
v -0.00566216 -0.00622568 0.0505271 
v -0.00430575 -0.00622568 0.0499867 
v -0.00289886 -0.00622568 0.049596 
v -0.00145797 -0.00622568 0.0493598 
v 4.33681e-18 -0.00629449 0.0495376 
v 0.00143021 -0.00629449 0.0496151 
v 0.00284365 -0.00629449 0.0498468 
v 0.00422375 -0.00629449 0.05023 
v 0.00555433 -0.00629449 0.0507602 
v 0.0068198 -0.00629449 0.0514311 
v 0.0080053 -0.00629449 0.0522349 
v 0.00909695 -0.00629449 0.0531621 
v 0.010082 -0.00629449 0.054202 
v 0.0109487 -0.00629449 0.0553422 
v 0.0116872 -0.00629449 0.0565695 
v 0.0122886 -0.00629449 0.0578695 
v 0.0127459 -0.00629449 0.0592268 
v 0.0130538 -0.00629449 0.0606256 
v 0.0132087 -0.00629449 0.0620495 
v 0.0132087 -0.00629449 0.0634818 
v 0.0130538 -0.00629449 0.0649057 
v 0.0127459 -0.00629449 0.0663046 
v 0.0122886 -0.00629449 0.0676619 
v 0.0116872 -0.00629449 0.0689618 
v 0.0109487 -0.00629449 0.0701891 
v 0.010082 -0.00629449 0.0713294 
v 0.00909695 -0.00629449 0.0723692 
v 0.0080053 -0.00629449 0.0732965 
v 0.0068198 -0.00629449 0.0741003 
v 0.00555433 -0.00629449 0.0747712 
v 0.00422375 -0.00629449 0.0753013 
v 0.00284365 -0.00629449 0.0756845 
v 0.00143021 -0.00629449 0.0759162 
v 1.58316e-18 -0.00629449 0.0759938 
v -0.00143021 -0.00629449 0.0759162 
v -0.00284365 -0.00629449 0.0756845 
v -0.00422375 -0.00629449 0.0753013 
v -0.00555433 -0.00629449 0.0747712 
v -0.0068198 -0.00629449 0.0741003 
v -0.0080053 -0.00629449 0.0732965 
v -0.00909695 -0.00629449 0.0723692 
v -0.010082 -0.00629449 0.0713294 
v -0.0109487 -0.00629449 0.0701891 
v -0.0116872 -0.00629449 0.0689618 
v -0.0122886 -0.00629449 0.0676619 
v -0.0127459 -0.00629449 0.0663046 
v -0.0130538 -0.00629449 0.0649057 
v -0.0132087 -0.00629449 0.0634818 
v -0.0132087 -0.00629449 0.0620495 
v -0.0130538 -0.00629449 0.0606256 
v -0.0127459 -0.00629449 0.0592268 
v -0.0122886 -0.00629449 0.0578695 
v -0.0116872 -0.00629449 0.0565695 
v -0.0109487 -0.00629449 0.0553422 
v -0.010082 -0.00629449 0.054202 
v -0.00909695 -0.00629449 0.0531621 
v -0.0080053 -0.00629449 0.0522349 
v -0.0068198 -0.00629449 0.0514311 
v -0.00555433 -0.00629449 0.0507602 
v -0.00422375 -0.00629449 0.05023 
v -0.00284365 -0.00629449 0.0498468 
v -0.00143021 -0.00629449 0.0496151 
v 4.33681e-18 -0.00633609 0.0498002 
v 0.00140182 -0.00633609 0.0498762 
v 0.0027872 -0.00633609 0.0501033 
v 0.0041399 -0.00633609 0.0504789 
v 0.00544407 -0.00633609 0.0509985 
v 0.00668441 -0.00633609 0.0516561 
v 0.00784639 -0.00633609 0.0524439 
v 0.00891637 -0.00633609 0.0533528 
v 0.00988181 -0.00633609 0.054372 
v 0.0107314 -0.00633609 0.0554896 
v 0.0114552 -0.00633609 0.0566925 
v 0.0120446 -0.00633609 0.0579667 
v 0.0124929 -0.00633609 0.059297 
v 0.0127947 -0.00633609 0.0606681 
v 0.0129465 -0.00633609 0.0620637 
v 0.0129465 -0.00633609 0.0634676 
v 0.0127947 -0.00633609 0.0648633 
v 0.0124929 -0.00633609 0.0662343 
v 0.0120446 -0.00633609 0.0675647 
v 0.0114552 -0.00633609 0.0688388 
v 0.0107314 -0.00633609 0.0700418 
v 0.00988181 -0.00633609 0.0711594 
v 0.00891637 -0.00633609 0.0721786 
v 0.00784639 -0.00633609 0.0730874 
v 0.00668441 -0.00633609 0.0738753 
v 0.00544407 -0.00633609 0.0745329 
v 0.0041399 -0.00633609 0.0750525 
v 0.0027872 -0.00633609 0.0754281 
v 0.00140182 -0.00633609 0.0756552 
v 1.63782e-18 -0.00633609 0.0757312 
v -0.00140182 -0.00633609 0.0756552 
v -0.0027872 -0.00633609 0.0754281 
v -0.0041399 -0.00633609 0.0750525 
v -0.00544407 -0.00633609 0.0745329 
v -0.00668441 -0.00633609 0.0738753 
v -0.00784639 -0.00633609 0.0730874 
v -0.00891637 -0.00633609 0.0721786 
v -0.00988181 -0.00633609 0.0711594 
v -0.0107314 -0.00633609 0.0700418 
v -0.0114552 -0.00633609 0.0688388 
v -0.0120446 -0.00633609 0.0675647 
v -0.0124929 -0.00633609 0.0662343 
v -0.0127947 -0.00633609 0.0648633 
v -0.0129465 -0.00633609 0.0634676 
v -0.0129465 -0.00633609 0.0620637 
v -0.0127947 -0.00633609 0.0606681 
v -0.0124929 -0.00633609 0.059297 
v -0.0120446 -0.00633609 0.0579667 
v -0.0114552 -0.00633609 0.0566925 
v -0.0107314 -0.00633609 0.0554896 
v -0.00988181 -0.00633609 0.054372 
v -0.00891637 -0.00633609 0.0533528 
v -0.00784639 -0.00633609 0.0524439 
v -0.00668441 -0.00633609 0.0516561 
v -0.00544407 -0.00633609 0.0509985 
v -0.0041399 -0.00633609 0.0504789 
v -0.0027872 -0.00633609 0.0501033 
v -0.00140182 -0.00633609 0.0498762 
v -0.0114916 0 0.0527557 
v -0.0103475 0 0.051577 
v -0.0125022 0 0.0540506 
v -0.0133675 0 0.0554467 
v -0.0140776 0 0.0569279 
v -0.0146241 0 0.0584769 
v -0.0150007 0 0.0600758 
v -0.0152031 0 0.0617058 
v -0.0152289 0 0.0633482 
v -0.0150777 0 0.0649838 
v -0.0147514 0 0.0665937 
v -0.0142537 0 0.0681591 
v -0.0135905 0 0.0696618 
v -0.0127694 0 0.0710844 
v -0.0117999 0 0.0724104 
v -0.0106933 0 0.0736243 
v -0.00946257 0 0.0747121 
v -0.00812188 0 0.0756611 
v -0.00668683 0 0.0764603 
v -0.00517411 0 0.0771005 
v -0.00360128 0 0.0775741 
v -0.00198662 0 0.0778756 
v -0.000348872 0 0.0780017 
v 0.00129292 0 0.0779507 
v 0.0029197 0 0.0777234 
v 0.00451256 0 0.0773223 
v 0.006053 0 0.0767521 
v 0.00752312 0 0.0760194 
v 0.00890584 0 0.0751327 
v 0.0101851 0 0.0741024 
v 0.0113461 0 0.0729404 
v 0.0123752 0 0.0716602 
v 0.0132606 0 0.0702766 
v 0.0139919 0 0.0688058 
v 0.0145607 0 0.0672649 
v 0.0149604 0 0.0656716 
v 0.0151862 0 0.0640447 
v 0.0152357 0 0.0624028 
v 0.0151081 0 0.0607652 
v 0.0148051 0 0.0591508 
v 0.01433 0 0.0575784 
v 0.0136885 0 0.0560663 
v 0.012888 0 0.054632 
v 0.0119377 0 0.0532921 
v 0.0108488 0 0.0520624 
v 0.0108488 0 0.0425235 
v 0.0108488 -0.00381 0.0425235 
v -0.0103475 0 0.0425235 
v -0.0103475 -0.00381 0.0425235 
v -0.004572 -0.00254 0.0425235 
v 0.004572 -0.00254 0.0425235 
v -0.0048375 -0.00252609 0.0425235 
v -0.0051001 -0.00248449 0.0425235 
v 0.0051001 -0.00248449 0.0425235 
v 0.0053569 -0.00241568 0.0425235 
v 0.0048375 -0.00252609 0.0425235 
v 0.00560511 -0.00232041 0.0425235 
v 0.005842 -0.0021997 0.0425235 
v -0.00560511 -0.00232041 0.0425235 
v -0.0053569 -0.00241568 0.0425235 
v -0.00606497 -0.0020549 0.0425235 
v -0.005842 -0.0021997 0.0425235 
v -0.00705649 -0.000528096 0.0425235 
v -0.00698768 -0.000784903 0.0425235 
v 0.0066269 -0.00149297 0.0425235 
v 0.0067717 -0.00127 0.0425235 
v 0.00645959 -0.00169959 0.0425235 
v 0.00606497 -0.0020549 0.0425235 
v 0.00627159 -0.00188759 0.0425235 
v -0.00645959 -0.00169959 0.0425235 
v -0.00627159 -0.00188759 0.0425235 
v -0.0067717 -0.00127 0.0425235 
v -0.0066269 -0.00149297 0.0425235 
v -0.00709809 -0.000265502 0.0425235 
v -0.00689241 -0.00103311 0.0425235 
v -0.007112 0 0.0425235 
v 0.00698768 -0.000784903 0.0425235 
v 0.00689241 -0.00103311 0.0425235 
v 0.00705649 -0.000528096 0.0425235 
v 0.00709809 -0.000265502 0.0425235 
v 0.007112 0 0.0425235 
v -0.007112 0 0.0228152 
v -0.00710852 -0.000132933 0.0228117 
v -0.00709809 -0.000265502 0.0228013 
v -0.00708073 -0.000397344 0.0227839 
v -0.00705649 -0.000528096 0.0227597 
v -0.00702545 -0.0006574 0.0227286 
v -0.00698768 -0.000784903 0.0226909 
v -0.00694329 -0.000910255 0.0226465 
v -0.00689241 -0.00103311 0.0225956 
v -0.00683516 -0.00115314 0.0225384 
v -0.0067717 -0.00127 0.0224749 
v -0.00670222 -0.00138338 0.0224054 
v -0.0066269 -0.00149297 0.0223301 
v -0.00645959 -0.00169959 0.0221628 
v -0.00627159 -0.00188759 0.0219748 
v -0.00606497 -0.0020549 0.0217682 
v -0.005842 -0.0021997 0.0215452 
v -0.00560511 -0.00232041 0.0213083 
v -0.0053569 -0.00241568 0.0210601 
v -0.0051001 -0.00248449 0.0208033 
v -0.0048375 -0.00252609 0.0205407 
v -0.004572 -0.00254 0.0202752 
v -0.0290593 -0.00254 0.0202752 
v -0.0290593 -0.00252609 0.0205407 
v -0.0290593 -0.00248449 0.0208033 
v -0.0290593 -0.00241568 0.0210601 
v -0.0290593 -0.00232041 0.0213083 
v -0.0290593 -0.0021997 0.0215452 
v -0.0290593 -0.0020549 0.0217682 
v -0.0290593 -0.00188759 0.0219748 
v -0.0290593 -0.00169959 0.0221628 
v -0.0290593 -0.00149297 0.0223301 
v -0.0290593 -0.00127 0.0224749 
v -0.0290593 -0.00103311 0.0225956 
v -0.0290593 -0.000784903 0.0226909 
v -0.0290593 -0.000528096 0.0227597 
v -0.0290593 -0.000265502 0.0228013 
v -0.0290593 0 0.0228152 
v -0.0299518 0 0.0227668 
v -0.0308339 0 0.0226222 
v -0.0316952 0 0.0223831 
v -0.0325255 0 0.0220522 
v -0.0333152 0 0.0216335 
v -0.034055 0 0.0211319 
v -0.0347363 0 0.0205533 
v -0.035351 0 0.0199044 
v -0.0358919 0 0.0191928 
v -0.0363527 0 0.0184269 
v -0.036728 0 0.0176157 
v -0.0370134 0 0.0167686 
v -0.0372056 0 0.0158957 
v -0.0373022 0 0.0150071 
v -0.0373022 0 0.0141133 
v -0.0372056 0 0.0132247 
v -0.0370134 0 0.0123517 
v -0.036728 0 0.0115047 
v -0.0363527 0 0.0106935 
v -0.0358919 0 0.00992759 
v -0.035351 0 0.00921602 
v -0.0347363 0 0.0085671 
v -0.034055 0 0.00798845 
v -0.0333152 0 0.00748684 
v -0.0325255 0 0.00706816 
v -0.0316952 0 0.00673732 
v -0.0308339 0 0.00649819 
v -0.0299518 0 0.00635358 
v -0.0290593 0 0.00630519 
v -0.0290593 -0.000265502 0.00631911 
v -0.0290593 -0.000528096 0.0063607 
v -0.0290593 -0.000784903 0.00642951 
v -0.0290593 -0.00103311 0.00652479 
v -0.0290593 -0.00127 0.00664549 
v -0.0290593 -0.00149297 0.00679029 
v -0.0290593 -0.00169959 0.00695761 
v -0.0290593 -0.00188759 0.0071456 
v -0.0290593 -0.0020549 0.00735222 
v -0.0290593 -0.0021997 0.00757519 
v -0.0290593 -0.00232041 0.00781208 
v -0.0290593 -0.00241568 0.00806029 
v -0.0290593 -0.00248449 0.0083171 
v -0.0296772 -0.00254 0.0202417 
v -0.0302879 -0.00254 0.0201416 
v -0.0308841 -0.00254 0.019976 
v -0.031459 -0.00254 0.019747 
v -0.0320057 -0.00254 0.0194571 
v -0.0325179 -0.00254 0.0191099 
v -0.0329895 -0.00254 0.0187093 
v -0.0334151 -0.00254 0.01826 
v -0.0337896 -0.00254 0.0177674 
v -0.0341086 -0.00254 0.0172371 
v -0.0343684 -0.00254 0.0166755 
v -0.034566 -0.00254 0.0160891 
v -0.034699 -0.00254 0.0154848 
v -0.0347659 -0.00254 0.0148696 
v -0.0347659 -0.00254 0.0142508 
v -0.034699 -0.00254 0.0136356 
v -0.034566 -0.00254 0.0130313 
v -0.0343684 -0.00254 0.0124449 
v -0.0341086 -0.00254 0.0118832 
v -0.0337896 -0.00254 0.011353 
v -0.0334151 -0.00254 0.0108604 
v -0.0329895 -0.00254 0.0104111 
v -0.0325179 -0.00254 0.0100105 
v -0.0320057 -0.00254 0.00966325 
v -0.031459 -0.00254 0.0093734 
v -0.0308841 -0.00254 0.00914436 
v -0.0302879 -0.00254 0.00897881 
v -0.0296772 -0.00254 0.0088787 
v -0.0290593 -0.00252609 0.00857969 
v -0.0290593 -0.00254 0.00884519 
v -0.0299503 -0.000265502 0.022753 
v -0.0308309 -0.000265502 0.0226086 
v -0.0316907 -0.000265502 0.0223699 
v -0.0325197 -0.000265502 0.0220396 
v -0.033308 -0.000265502 0.0216216 
v -0.0340466 -0.000265502 0.0211209 
v -0.0347267 -0.000265502 0.0205432 
v -0.0353404 -0.000265502 0.0198954 
v -0.0358804 -0.000265502 0.019185 
v -0.0363404 -0.000265502 0.0184204 
v -0.0367151 -0.000265502 0.0176105 
v -0.037 -0.000265502 0.0167649 
v -0.0371918 -0.000265502 0.0158935 
v -0.0372883 -0.000265502 0.0150064 
v -0.0372883 -0.000265502 0.014114 
v -0.0371918 -0.000265502 0.0132269 
v -0.037 -0.000265502 0.0123555 
v -0.0367151 -0.000265502 0.0115099 
v -0.0363404 -0.000265502 0.0107 
v -0.0358804 -0.000265502 0.0099354 
v -0.0353404 -0.000265502 0.00922503 
v -0.0347267 -0.000265502 0.0085772 
v -0.0340466 -0.000265502 0.00799952 
v -0.033308 -0.000265502 0.00749876 
v -0.0325197 -0.000265502 0.00708079 
v -0.0316907 -0.000265502 0.0067505 
v -0.0308309 -0.000265502 0.00651178 
v -0.0299503 -0.000265502 0.00636742 
v -0.0299458 -0.000528096 0.0227116 
v -0.030822 -0.000528096 0.022568 
v -0.0316774 -0.000528096 0.0223305 
v -0.0325022 -0.000528096 0.0220019 
v -0.0332866 -0.000528096 0.021586 
v -0.0340214 -0.000528096 0.0210878 
v -0.0346981 -0.000528096 0.020513 
v -0.0353087 -0.000528096 0.0198684 
v -0.035846 -0.000528096 0.0191616 
v -0.0363037 -0.000528096 0.0184009 
v -0.0366765 -0.000528096 0.0175951 
v -0.0369599 -0.000528096 0.0167538 
v -0.0371508 -0.000528096 0.0158867 
v -0.0372468 -0.000528096 0.0150041 
v -0.0372468 -0.000528096 0.0141163 
v -0.0371508 -0.000528096 0.0132337 
v -0.0369599 -0.000528096 0.0123666 
v -0.0366765 -0.000528096 0.0115252 
v -0.0363037 -0.000528096 0.0107195 
v -0.035846 -0.000528096 0.00995874 
v -0.0353087 -0.000528096 0.00925195 
v -0.0346981 -0.000528096 0.0086074 
v -0.0340214 -0.000528096 0.00803263 
v -0.0332866 -0.000528096 0.0075344 
v -0.0325022 -0.000528096 0.00711853 
v -0.0316774 -0.000528096 0.00678992 
v -0.030822 -0.000528096 0.0065524 
v -0.0299458 -0.000528096 0.00640876 
v -0.0299384 -0.000784903 0.0226432 
v -0.0308072 -0.000784903 0.0225008 
v -0.0316555 -0.000784903 0.0222653 
v -0.0324733 -0.000784903 0.0219394 
v -0.0332511 -0.000784903 0.021527 
v -0.0339798 -0.000784903 0.021033 
v -0.0346508 -0.000784903 0.020463 
v -0.0352562 -0.000784903 0.0198239 
v -0.035789 -0.000784903 0.019123 
v -0.0362429 -0.000784903 0.0183687 
v -0.0366125 -0.000784903 0.0175697 
v -0.0368936 -0.000784903 0.0167354 
v -0.0370829 -0.000784903 0.0158756 
v -0.0371781 -0.000784903 0.0150004 
v -0.0371781 -0.000784903 0.01412 
v -0.0370829 -0.000784903 0.0132448 
v -0.0368936 -0.000784903 0.012385 
v -0.0366125 -0.000784903 0.0115507 
v -0.0362429 -0.000784903 0.0107517 
v -0.035789 -0.000784903 0.00999736 
v -0.0352562 -0.000784903 0.0092965 
v -0.0346508 -0.000784903 0.00865735 
v -0.0339798 -0.000784903 0.00808741 
v -0.0332511 -0.000784903 0.00759336 
v -0.0324733 -0.000784903 0.00718098 
v -0.0316555 -0.000784903 0.00685513 
v -0.0308072 -0.000784903 0.0066196 
v -0.0299384 -0.000784903 0.00647717 
v -0.0299281 -0.00103311 0.0225485 
v -0.0307867 -0.00103311 0.0224077 
v -0.031625 -0.00103311 0.022175 
v -0.0324333 -0.00103311 0.0218529 
v -0.033202 -0.00103311 0.0214454 
v -0.0339221 -0.00103311 0.0209571 
v -0.0345853 -0.00103311 0.0203939 
v -0.0351836 -0.00103311 0.0197622 
v -0.0357101 -0.00103311 0.0190696 
v -0.0361587 -0.00103311 0.018324 
v -0.036524 -0.00103311 0.0175344 
v -0.0368018 -0.00103311 0.0167099 
v -0.0369889 -0.00103311 0.0158602 
v -0.0370829 -0.00103311 0.0149952 
v -0.0370829 -0.00103311 0.0141252 
v -0.0369889 -0.00103311 0.0132602 
v -0.0368018 -0.00103311 0.0124105 
v -0.036524 -0.00103311 0.011586 
v -0.0361587 -0.00103311 0.0107963 
v -0.0357101 -0.00103311 0.0100508 
v -0.0351836 -0.00103311 0.00935818 
v -0.0345853 -0.00103311 0.00872653 
v -0.0339221 -0.00103311 0.00816326 
v -0.033202 -0.00103311 0.007675 
v -0.0324333 -0.00103311 0.00726746 
v -0.031625 -0.00103311 0.00694542 
v -0.0307867 -0.00103311 0.00671265 
v -0.0299281 -0.00103311 0.00657189 
v -0.0299151 -0.00127 0.0224285 
v -0.0307608 -0.00127 0.0222899 
v -0.0315865 -0.00127 0.0220606 
v -0.0323826 -0.00127 0.0217434 
v -0.0331398 -0.00127 0.021342 
v -0.0338491 -0.00127 0.020861 
v -0.0345023 -0.00127 0.0203062 
v -0.0350916 -0.00127 0.0196841 
v -0.0356102 -0.00127 0.0190018 
v -0.0360521 -0.00127 0.0182675 
v -0.0364119 -0.00127 0.0174897 
v -0.0366855 -0.00127 0.0166776 
v -0.0368698 -0.00127 0.0158407 
v -0.0369624 -0.00127 0.0149887 
v -0.0369624 -0.00127 0.0141317 
v -0.0368698 -0.00127 0.0132797 
v -0.0366855 -0.00127 0.0124428 
v -0.0364119 -0.00127 0.0116307 
v -0.0360521 -0.00127 0.0108529 
v -0.0356102 -0.00127 0.0101186 
v -0.0350916 -0.00127 0.00943632 
v -0.0345023 -0.00127 0.00881415 
v -0.0338491 -0.00127 0.00825935 
v -0.0331398 -0.00127 0.00777842 
v -0.0323826 -0.00127 0.007377 
v -0.0315865 -0.00127 0.0070598 
v -0.0307608 -0.00127 0.00683053 
v -0.0299151 -0.00127 0.00669189 
v -0.0298994 -0.00149297 0.0222845 
v -0.0307296 -0.00149297 0.0221484 
v -0.0315403 -0.00149297 0.0219234 
v -0.0323218 -0.00149297 0.021612 
v -0.0330651 -0.00149297 0.0212179 
v -0.0337615 -0.00149297 0.0207458 
v -0.0344027 -0.00149297 0.0202011 
v -0.0349812 -0.00149297 0.0195903 
v -0.0354904 -0.00149297 0.0189206 
v -0.0359241 -0.00149297 0.0181997 
v -0.0362774 -0.00149297 0.0174361 
v -0.036546 -0.00149297 0.0166389 
v -0.0367269 -0.00149297 0.0158172 
v -0.0368178 -0.00149297 0.0149808 
v -0.0368178 -0.00149297 0.0141395 
v -0.0367269 -0.00149297 0.0133032 
v -0.036546 -0.00149297 0.0124815 
v -0.0362774 -0.00149297 0.0116843 
v -0.0359241 -0.00149297 0.0109207 
v -0.0354904 -0.00149297 0.0101998 
v -0.0349812 -0.00149297 0.00953006 
v -0.0344027 -0.00149297 0.00891928 
v -0.0337615 -0.00149297 0.00837463 
v -0.0330651 -0.00149297 0.0079025 
v -0.0323218 -0.00149297 0.00750842 
v -0.0315403 -0.00149297 0.00719702 
v -0.0307296 -0.00149297 0.00697195 
v -0.0298994 -0.00149297 0.00683584 
v -0.0298813 -0.00169959 0.0221182 
v -0.0306937 -0.00169959 0.021985 
v -0.0314868 -0.00169959 0.0217648 
v -0.0322516 -0.00169959 0.0214601 
v -0.0329789 -0.00169959 0.0210745 
v -0.0336602 -0.00169959 0.0206126 
v -0.0342876 -0.00169959 0.0200796 
v -0.0348537 -0.00169959 0.019482 
v -0.0353519 -0.00169959 0.0188267 
v -0.0357763 -0.00169959 0.0181213 
v -0.0361219 -0.00169959 0.0173742 
v -0.0363848 -0.00169959 0.0165941 
v -0.0365618 -0.00169959 0.0157902 
v -0.0366508 -0.00169959 0.0149718 
v -0.0366508 -0.00169959 0.0141486 
v -0.0365618 -0.00169959 0.0133302 
v -0.0363848 -0.00169959 0.0125263 
v -0.0361219 -0.00169959 0.0117462 
v -0.0357763 -0.00169959 0.0109991 
v -0.0353519 -0.00169959 0.0102937 
v -0.0348537 -0.00169959 0.00963838 
v -0.0342876 -0.00169959 0.00904075 
v -0.0336602 -0.00169959 0.00850783 
v -0.0329789 -0.00169959 0.00804586 
v -0.0322516 -0.00169959 0.00766027 
v -0.0314868 -0.00169959 0.00735558 
v -0.0306937 -0.00169959 0.00713535 
v -0.0298813 -0.00169959 0.00700217 
v -0.029861 -0.00188759 0.0219313 
v -0.0306532 -0.00188759 0.0218014 
v -0.0314268 -0.00188759 0.0215867 
v -0.0321726 -0.00188759 0.0212895 
v -0.0328819 -0.00188759 0.0209134 
v -0.0335464 -0.00188759 0.0204629 
v -0.0341583 -0.00188759 0.0199432 
v -0.0347104 -0.00188759 0.0193603 
v -0.0351963 -0.00188759 0.0187212 
v -0.0356102 -0.00188759 0.0180333 
v -0.0359473 -0.00188759 0.0173046 
v -0.0362037 -0.00188759 0.0165438 
v -0.0363762 -0.00188759 0.0157597 
v -0.036463 -0.00188759 0.0149616 
v -0.036463 -0.00188759 0.0141588 
v -0.0363762 -0.00188759 0.0133606 
v -0.0362037 -0.00188759 0.0125766 
v -0.0359473 -0.00188759 0.0118158 
v -0.0356102 -0.00188759 0.0110871 
v -0.0351963 -0.00188759 0.0103992 
v -0.0347104 -0.00188759 0.00976009 
v -0.0341583 -0.00188759 0.00917723 
v -0.0335464 -0.00188759 0.00865749 
v -0.0328819 -0.00188759 0.00820695 
v -0.0321726 -0.00188759 0.00783089 
v -0.0314268 -0.00188759 0.00753373 
v -0.0306532 -0.00188759 0.00731895 
v -0.029861 -0.00188759 0.00718907 
v -0.0298386 -0.0020549 0.0217259 
v -0.0306088 -0.0020549 0.0215996 
v -0.0313608 -0.0020549 0.0213909 
v -0.0320859 -0.0020549 0.021102 
v -0.0327754 -0.0020549 0.0207364 
v -0.0334214 -0.0020549 0.0202984 
v -0.0340162 -0.0020549 0.0197932 
v -0.034553 -0.0020549 0.0192265 
v -0.0350253 -0.0020549 0.0186052 
v -0.0354277 -0.0020549 0.0179365 
v -0.0357554 -0.0020549 0.0172281 
v -0.0360046 -0.0020549 0.0164885 
v -0.0361723 -0.0020549 0.0157263 
v -0.0362567 -0.0020549 0.0149504 
v -0.0362567 -0.0020549 0.01417 
v -0.0361723 -0.0020549 0.0133941 
v -0.0360046 -0.0020549 0.0126319 
v -0.0357554 -0.0020549 0.0118922 
v -0.0354277 -0.0020549 0.0111839 
v -0.0350253 -0.0020549 0.0105152 
v -0.034553 -0.0020549 0.00989385 
v -0.0340162 -0.0020549 0.00932724 
v -0.0334214 -0.0020549 0.00882197 
v -0.0327754 -0.0020549 0.00838399 
v -0.0320859 -0.0020549 0.00801841 
v -0.0313608 -0.0020549 0.00772953 
v -0.0306088 -0.0020549 0.00752074 
v -0.0298386 -0.0020549 0.00739447 
v -0.0298145 -0.0021997 0.0215042 
v -0.0305609 -0.0021997 0.0213819 
v -0.0312896 -0.0021997 0.0211796 
v -0.0319922 -0.0021997 0.0208996 
v -0.0326605 -0.0021997 0.0205453 
v -0.0332865 -0.0021997 0.0201209 
v -0.0338629 -0.0021997 0.0196313 
v -0.034383 -0.0021997 0.0190822 
v -0.0348407 -0.0021997 0.0184801 
v -0.0352307 -0.0021997 0.017832 
v -0.0355482 -0.0021997 0.0171456 
v -0.0357897 -0.0021997 0.0164289 
v -0.0359523 -0.0021997 0.0156902 
v -0.0360341 -0.0021997 0.0149384 
v -0.0360341 -0.0021997 0.014182 
v -0.0359523 -0.0021997 0.0134301 
v -0.0357897 -0.0021997 0.0126915 
v -0.0355482 -0.0021997 0.0119748 
v -0.0352307 -0.0021997 0.0112884 
v -0.0348407 -0.0021997 0.0106403 
v -0.034383 -0.0021997 0.0100382 
v -0.0338629 -0.0021997 0.00948911 
v -0.0332865 -0.0021997 0.00899948 
v -0.0326605 -0.0021997 0.00857505 
v -0.0319922 -0.0021997 0.00822078 
v -0.0312896 -0.0021997 0.00794084 
v -0.0305609 -0.0021997 0.0077385 
v -0.0298145 -0.0021997 0.00761614 
v -0.0297889 -0.00232041 0.0212687 
v -0.03051 -0.00232041 0.0211505 
v -0.031214 -0.00232041 0.0209551 
v -0.0318928 -0.00232041 0.0206846 
v -0.0325383 -0.00232041 0.0203424 
v -0.0331431 -0.00232041 0.0199323 
v -0.0337 -0.00232041 0.0194593 
v -0.0342025 -0.00232041 0.0189288 
v -0.0346447 -0.00232041 0.0183471 
v -0.0350214 -0.00232041 0.0177211 
v -0.0353282 -0.00232041 0.0170579 
v -0.0355615 -0.00232041 0.0163655 
v -0.0357185 -0.00232041 0.0156519 
v -0.0357975 -0.00232041 0.0149255 
v -0.0357975 -0.00232041 0.0141949 
v -0.0357185 -0.00232041 0.0134685 
v -0.0355615 -0.00232041 0.0127549 
v -0.0353282 -0.00232041 0.0120625 
v -0.0350214 -0.00232041 0.0113993 
v -0.0346447 -0.00232041 0.0107732 
v -0.0342025 -0.00232041 0.0101916 
v -0.0337 -0.00232041 0.0096611 
v -0.0331431 -0.00232041 0.00918807 
v -0.0325383 -0.00232041 0.00877803 
v -0.0318928 -0.00232041 0.00843577 
v -0.031214 -0.00232041 0.00816532 
v -0.03051 -0.00232041 0.00796985 
v -0.0297889 -0.00232041 0.00785164 
v -0.0297621 -0.00241568 0.021022 
v -0.0304566 -0.00241568 0.0209081 
v -0.0311348 -0.00241568 0.0207198 
v -0.0317886 -0.00241568 0.0204593 
v -0.0324104 -0.00241568 0.0201297 
v -0.0329929 -0.00241568 0.0197347 
v -0.0335293 -0.00241568 0.0192791 
v -0.0340133 -0.00241568 0.0187681 
v -0.0344392 -0.00241568 0.0182079 
v -0.0348021 -0.00241568 0.0176048 
v -0.0350976 -0.00241568 0.0169661 
v -0.0353223 -0.00241568 0.0162991 
v -0.0354736 -0.00241568 0.0156118 
v -0.0355497 -0.00241568 0.0149121 
v -0.0355497 -0.00241568 0.0142083 
v -0.0354736 -0.00241568 0.0135086 
v -0.0353223 -0.00241568 0.0128213 
v -0.0350976 -0.00241568 0.0121543 
v -0.0348021 -0.00241568 0.0115156 
v -0.0344392 -0.00241568 0.0109125 
v -0.0340133 -0.00241568 0.0103522 
v -0.0335293 -0.00241568 0.00984129 
v -0.0329929 -0.00241568 0.00938567 
v -0.0324104 -0.00241568 0.0089907 
v -0.0317886 -0.00241568 0.00866104 
v -0.0311348 -0.00241568 0.00840054 
v -0.0304566 -0.00241568 0.00821225 
v -0.0297621 -0.00241568 0.00809839 
v -0.0297343 -0.00248449 0.0207667 
v -0.0304014 -0.00248449 0.0206573 
v -0.0310528 -0.00248449 0.0204765 
v -0.0316807 -0.00248449 0.0202263 
v -0.032278 -0.00248449 0.0199096 
v -0.0328375 -0.00248449 0.0195303 
v -0.0333527 -0.00248449 0.0190927 
v -0.0338176 -0.00248449 0.0186019 
v -0.0342267 -0.00248449 0.0180637 
v -0.0345752 -0.00248449 0.0174845 
v -0.034859 -0.00248449 0.016871 
v -0.0350749 -0.00248449 0.0162304 
v -0.0352202 -0.00248449 0.0155702 
v -0.0352933 -0.00248449 0.0148982 
v -0.0352933 -0.00248449 0.0142222 
v -0.0352202 -0.00248449 0.0135502 
v -0.0350749 -0.00248449 0.01289 
v -0.034859 -0.00248449 0.0122494 
v -0.0345752 -0.00248449 0.0116359 
v -0.0342267 -0.00248449 0.0110566 
v -0.0338176 -0.00248449 0.0105185 
v -0.0333527 -0.00248449 0.0100277 
v -0.0328375 -0.00248449 0.00959011 
v -0.032278 -0.00248449 0.00921075 
v -0.0316807 -0.00248449 0.00889411 
v -0.0310528 -0.00248449 0.0086439 
v -0.0304014 -0.00248449 0.00846306 
v -0.0297343 -0.00248449 0.0083537 
v -0.0297059 -0.00252609 0.0205056 
v -0.030345 -0.00252609 0.0204009 
v -0.0309689 -0.00252609 0.0202276 
v -0.0315705 -0.00252609 0.019988 
v -0.0321426 -0.00252609 0.0196846 
v -0.0326786 -0.00252609 0.0193212 
v -0.0331721 -0.00252609 0.018902 
v -0.0336174 -0.00252609 0.0184319 
v -0.0340093 -0.00252609 0.0179164 
v -0.0343432 -0.00252609 0.0173615 
v -0.0346151 -0.00252609 0.0167738 
v -0.0348218 -0.00252609 0.0161601 
v -0.034961 -0.00252609 0.0155277 
v -0.0350311 -0.00252609 0.014884 
v -0.0350311 -0.00252609 0.0142364 
v -0.034961 -0.00252609 0.0135927 
v -0.0348218 -0.00252609 0.0129602 
v -0.0346151 -0.00252609 0.0123466 
v -0.0343432 -0.00252609 0.0117589 
v -0.0340093 -0.00252609 0.011204 
v -0.0336174 -0.00252609 0.0106885 
v -0.0331721 -0.00252609 0.0102184 
v -0.0326786 -0.00252609 0.00979916 
v -0.0321426 -0.00252609 0.00943576 
v -0.0315705 -0.00252609 0.00913244 
v -0.0309689 -0.00252609 0.00889275 
v -0.030345 -0.00252609 0.00871951 
v -0.0297059 -0.00252609 0.00861475 
v -0.007112 0 0.00630519 
v -0.00710852 -0.000132933 0.00630867 
v -0.00709809 -0.000265502 0.00631911 
v -0.00708073 -0.000397344 0.00633647 
v -0.00705649 -0.000528096 0.0063607 
v -0.00702545 -0.0006574 0.00639174 
v -0.00698768 -0.000784903 0.00642951 
v -0.00694329 -0.000910255 0.0064739 
v -0.00689241 -0.00103311 0.00652479 
v -0.00683516 -0.00115314 0.00658204 
v -0.0067717 -0.00127 0.00664549 
v -0.00670222 -0.00138338 0.00671497 
v -0.0066269 -0.00149297 0.00679029 
v -0.00645959 -0.00169959 0.00695761 
v -0.00627159 -0.00188759 0.0071456 
v -0.00606497 -0.0020549 0.00735222 
v -0.005842 -0.0021997 0.00757519 
v -0.00560511 -0.00232041 0.00781208 
v -0.0053569 -0.00241568 0.00806029 
v -0.0051001 -0.00248449 0.0083171 
v -0.0048375 -0.00252609 0.00857969 
v -0.004572 -0.00254 0.00884519 
v -0.00710852 -0.000132933 -0.00639829 
v -0.007112 0 -0.00639481 
v -0.00709809 -0.000265502 -0.00640872 
v -0.00708073 -0.000397344 -0.00642608 
v -0.00705649 -0.000528096 -0.00645031 
v -0.00702545 -0.0006574 -0.00648135 
v -0.00698768 -0.000784903 -0.00651912 
v -0.00694329 -0.000910255 -0.00656351 
v -0.00689241 -0.00103311 -0.0066144 
v -0.00683516 -0.00115314 -0.00667165 
v -0.00670222 -0.00138338 -0.00680458 
v -0.0067717 -0.00127 -0.0067351 
v -0.0066269 -0.00149297 -0.0068799 
v -0.00627159 -0.00188759 -0.00723521 
v -0.00606497 -0.0020549 -0.00744183 
v -0.00560511 -0.00232041 -0.0079017 
v -0.0053569 -0.00241568 -0.0081499 
v -0.0051001 -0.00248449 -0.00840671 
v -0.004572 -0.00254 -0.00893481 
v -0.0048375 -0.00252609 -0.0086693 
v -0.005842 -0.0021997 -0.00766481 
v -0.00645959 -0.00169959 -0.00704722 
v 0.007112 0 -0.0157889 
v 0.00709809 -0.000265502 -0.0157889 
v 0.00705649 -0.000528096 -0.0157889 
v 0.00698768 -0.000784903 -0.0157889 
v 0.00689241 -0.00103311 -0.0157889 
v 0.0067717 -0.00127 -0.0157889 
v 0.0066269 -0.00149297 -0.0157889 
v 0.00645959 -0.00169959 -0.0157889 
v 0.00627159 -0.00188759 -0.0157889 
v 0.00606497 -0.0020549 -0.0157889 
v 0.005842 -0.0021997 -0.0157889 
v 0.00560511 -0.00232041 -0.0157889 
v 0.0053569 -0.00241568 -0.0157889 
v 0.0051001 -0.00248449 -0.0157889 
v 0.0048375 -0.00252609 -0.0157889 
v 0.004572 -0.00254 -0.0157889 
v -0.038862 -0.00254 -0.00893481 
v -0.038862 -0.00252609 -0.0086693 
v -0.038862 -0.00248449 -0.00840671 
v -0.038862 -0.00241568 -0.0081499 
v -0.038862 -0.00232041 -0.0079017 
v -0.038862 -0.0021997 -0.00766481 
v -0.038862 -0.0020549 -0.00744183 
v -0.038862 -0.00188759 -0.00723521 
v -0.038862 -0.00169959 -0.00704722 
v -0.038862 -0.00149297 -0.0068799 
v -0.038862 -0.00127 -0.0067351 
v -0.038862 -0.00103311 -0.0066144 
v -0.038862 -0.000784903 -0.00651912 
v -0.038862 -0.000528096 -0.00645031 
v -0.038862 -0.000265502 -0.00640872 
v -0.038862 0 -0.00639481 
v -0.0444654 0 -0.00858792 
v -0.0422759 0 -0.0071338 
v -0.0414569 0 -0.00681326 
v -0.0437887 0 -0.00802619 
v -0.0406085 0 -0.00658167 
v -0.0456211 0 -0.00991063 
v -0.0450785 0 -0.00921845 
v -0.0430561 0 -0.00753964 
v -0.0460869 0 -0.0106566 
v -0.0467682 0 -0.0122755 
v -0.0464707 0 -0.0114479 
v -0.0447645 0 -0.0204209 
v -0.0453449 0 -0.0197602 
v -0.0469759 0 -0.0131301 
v -0.0471138 0 -0.0148812 
v -0.0470915 0 -0.014002 
v -0.046878 0 -0.0166217 
v -0.0470423 0 -0.0157577 
v -0.0458518 0 -0.0190415 
v -0.0462794 0 -0.018273 
v -0.044117 0 -0.0210161 
v 0.00528525 0 -0.0205478 
v 0.00475886 0 -0.0210741 
v -0.0397402 0 -0.00644165 
v -0.0466227 0 -0.0174633 
v -0.0434099 0 -0.0215391 
v -0.0418494 0 -0.0223453 
v -0.0426512 0 -0.0219838 
v 0.00575373 0 -0.0199692 
v 0.00418033 0 -0.0215426 
v 0.00695659 0 -0.0172676 
v 0.00676391 0 -0.0179866 
v -0.0410138 0 -0.0226194 
v 0.00219773 0 -0.0225528 
v 0.00147867 0 -0.0227455 
v 0.003556 0 -0.0219481 
v 0.00289271 0 -0.022286 
v 0.00615917 0 -0.0193449 
v 0.00649714 0 -0.0186816 
v 0.00707304 0 -0.0165323 
v -0.039279 0 -0.0228943 
v -0.0401537 0 -0.0228031 
v 0.000743406 0 -0.0228619 
v -0.038608 0 -0.0229009 
v -1.1437e-18 0 -0.0229009 
v -0.0439971 -0.00254 -0.0171582 
v -0.0441296 -0.00254 -0.0124331 
v -0.0443355 -0.00254 -0.0130061 
v -0.0414853 -0.00254 -0.0197272 
v -0.0409302 -0.00254 -0.0199774 
v -0.0433502 -0.00254 -0.0181878 
v -0.0429483 -0.00254 -0.0186452 
v -0.0442348 -0.00254 -0.0165976 
v -0.0445748 -0.00254 -0.01481 
v -0.0445253 -0.00254 -0.0154168 
v -0.0444793 -0.00254 -0.0135977 
v 0.00141283 -0.00254 -0.0201371 
v 0.0018596 -0.00254 -0.0199656 
v -0.0420105 -0.00254 -0.0194193 
v -0.0425001 -0.00254 -0.0190573 
v -0.0444116 -0.00254 -0.016015 
v -0.0445594 -0.00254 -0.0142013 
v 0.00268735 -0.00254 -0.0194877 
v 0.00305927 -0.00254 -0.0191866 
v 0.002286 -0.00254 -0.0197484 
v -0.0403517 -0.00254 -0.0201672 
v -0.0397562 -0.00254 -0.0202944 
v -0.0437011 -0.00254 -0.0176902 
v -0.0391507 -0.00254 -0.0203575 
v -0.0435414 -0.00254 -0.0113688 
v -0.0438639 -0.00254 -0.0118853 
v -0.0427413 -0.00254 -0.0104531 
v -0.0431658 -0.00254 -0.0108896 
v -0.0417656 -0.00254 -0.00972738 
v -0.0422728 -0.00254 -0.0100642 
v -0.0406585 -0.00254 -0.0092245 
v -0.0412255 -0.00254 -0.00944641 
v -0.03947 -0.00254 -0.00896724 
v -0.0400711 -0.00254 -0.00906417 
v 0.00339766 -0.00254 -0.0188482 
v 0.00369883 -0.00254 -0.0184763 
v 0.000950572 -0.00254 -0.020261 
v -1.37195e-18 -0.00254 -0.0203609 
v 0.000477904 -0.00254 -0.0203359 
v 0.00395947 -0.00254 -0.0180749 
v 0.00434823 -0.00254 -0.0172017 
v 0.00447209 -0.00254 -0.0167395 
v -0.0386507 -0.00254 -0.0203609 
v 0.00454695 -0.00254 -0.0162668 
v 0.00417673 -0.00254 -0.0176485 
v -1.00553e-18 -0.000265502 -0.022887 
v -1.00553e-18 -0.000528096 -0.0228454 
v -1.00553e-18 -0.000784903 -0.0227766 
v -1.00553e-18 -0.00103311 -0.0226813 
v -1.00553e-18 -0.00127 -0.0225606 
v -1.00553e-18 -0.00149297 -0.0224158 
v -1.00553e-18 -0.00169959 -0.0222485 
v -1.00553e-18 -0.00188759 -0.0220605 
v -1.00553e-18 -0.0020549 -0.0218539 
v -1.00553e-18 -0.0021997 -0.0216309 
v -1.00553e-18 -0.00232041 -0.021394 
v -1.00553e-18 -0.00241568 -0.0211458 
v -1.00553e-18 -0.00248449 -0.020889 
v -1.00553e-18 -0.00252609 -0.0206264 
v 0.000741952 -0.000265502 -0.0228481 
v 0.00147577 -0.000265502 -0.0227319 
v 0.00219343 -0.000265502 -0.0225396 
v 0.00288705 -0.000265502 -0.0222733 
v 0.00354904 -0.000265502 -0.021936 
v 0.00417215 -0.000265502 -0.0215314 
v 0.00474955 -0.000265502 -0.0210638 
v 0.00527491 -0.000265502 -0.0205384 
v 0.00574247 -0.000265502 -0.019961 
v 0.00614712 -0.000265502 -0.0193379 
v 0.00648442 -0.000265502 -0.0186759 
v 0.00675068 -0.000265502 -0.0179823 
v 0.00694298 -0.000265502 -0.0172647 
v 0.0070592 -0.000265502 -0.0165308 
v 0.000737605 -0.000528096 -0.0228067 
v 0.00146713 -0.000528096 -0.0226912 
v 0.00218058 -0.000528096 -0.0225 
v 0.00287014 -0.000528096 -0.0222353 
v 0.00352825 -0.000528096 -0.0219 
v 0.0041477 -0.000528096 -0.0214977 
v 0.00472172 -0.000528096 -0.0210329 
v 0.005244 -0.000528096 -0.0205106 
v 0.00570882 -0.000528096 -0.0199366 
v 0.0061111 -0.000528096 -0.0193171 
v 0.00644643 -0.000528096 -0.018659 
v 0.00671113 -0.000528096 -0.0179695 
v 0.00690229 -0.000528096 -0.017256 
v 0.00701784 -0.000528096 -0.0165265 
v 0.000730412 -0.000784903 -0.0227383 
v 0.00145282 -0.000784903 -0.0226239 
v 0.00215931 -0.000784903 -0.0224346 
v 0.00284215 -0.000784903 -0.0221725 
v 0.00349384 -0.000784903 -0.0218404 
v 0.00410726 -0.000784903 -0.0214421 
v 0.00467567 -0.000784903 -0.0209818 
v 0.00519286 -0.000784903 -0.0204646 
v 0.00565315 -0.000784903 -0.0198962 
v 0.00605151 -0.000784903 -0.0192827 
v 0.00638357 -0.000784903 -0.018631 
v 0.00664568 -0.000784903 -0.0179482 
v 0.00683499 -0.000784903 -0.0172417 
v 0.0069494 -0.000784903 -0.0165193 
v 0.000720453 -0.00103311 -0.0226435 
v 0.00143301 -0.00103311 -0.0225307 
v 0.00212987 -0.00103311 -0.022344 
v 0.00280339 -0.00103311 -0.0220854 
v 0.0034462 -0.00103311 -0.0217579 
v 0.00405125 -0.00103311 -0.021365 
v 0.00461192 -0.00103311 -0.020911 
v 0.00512206 -0.00103311 -0.0204008 
v 0.00557607 -0.00103311 -0.0198402 
v 0.005969 -0.00103311 -0.0192351 
v 0.00629653 -0.00103311 -0.0185923 
v 0.00655507 -0.00103311 -0.0179188 
v 0.00674179 -0.00103311 -0.0172219 
v 0.00685465 -0.00103311 -0.0165094 
v 0.000707836 -0.00127 -0.0225235 
v 0.00140792 -0.00127 -0.0224126 
v 0.00209257 -0.00127 -0.0222292 
v 0.0027543 -0.00127 -0.0219752 
v 0.00338585 -0.00127 -0.0216534 
v 0.00398031 -0.00127 -0.0212673 
v 0.00453115 -0.00127 -0.0208213 
v 0.00503236 -0.00127 -0.0203201 
v 0.00547842 -0.00127 -0.0197692 
v 0.00586447 -0.00127 -0.0191748 
v 0.00618626 -0.00127 -0.0185432 
v 0.00644027 -0.00127 -0.0178815 
v 0.00662373 -0.00127 -0.0171968 
v 0.00673461 -0.00127 -0.0164967 
v 0.0006927 -0.00149297 -0.0223795 
v 0.00137781 -0.00149297 -0.022271 
v 0.00204783 -0.00149297 -0.0220915 
v 0.0026954 -0.00149297 -0.0218429 
v 0.00331345 -0.00149297 -0.021528 
v 0.0038952 -0.00149297 -0.0211502 
v 0.00443426 -0.00149297 -0.0207136 
v 0.00492475 -0.00149297 -0.0202232 
v 0.00536128 -0.00149297 -0.0196841 
v 0.00573907 -0.00149297 -0.0191023 
v 0.00605398 -0.00149297 -0.0184843 
v 0.00630256 -0.00149297 -0.0178367 
v 0.00648209 -0.00149297 -0.0171667 
v 0.0065906 -0.00149297 -0.0164816 
v 0.000675211 -0.00169959 -0.0222131 
v 0.00134302 -0.00169959 -0.0221073 
v 0.00199612 -0.00169959 -0.0219323 
v 0.00262735 -0.00169959 -0.02169 
v 0.00322979 -0.00169959 -0.0213831 
v 0.00379685 -0.00169959 -0.0210148 
v 0.00432231 -0.00169959 -0.0205893 
v 0.00480041 -0.00169959 -0.0201112 
v 0.00522592 -0.00169959 -0.0195857 
v 0.00559417 -0.00169959 -0.0190187 
v 0.00590113 -0.00169959 -0.0184162 
v 0.00614343 -0.00169959 -0.017785 
v 0.00631843 -0.00169959 -0.0171319 
v 0.0064242 -0.00169959 -0.0164641 
v 0.00065556 -0.00188759 -0.0220261 
v 0.00130394 -0.00188759 -0.0219234 
v 0.00193803 -0.00188759 -0.0217535 
v 0.00255089 -0.00188759 -0.0215183 
v 0.0031358 -0.00188759 -0.0212203 
v 0.00368635 -0.00188759 -0.0208627 
v 0.00419651 -0.00188759 -0.0204496 
v 0.0046607 -0.00188759 -0.0199854 
v 0.00507382 -0.00188759 -0.0194752 
v 0.00543136 -0.00188759 -0.0189247 
v 0.00572938 -0.00188759 -0.0183398 
v 0.00596464 -0.00188759 -0.0177269 
v 0.00613454 -0.00188759 -0.0170928 
v 0.00623724 -0.00188759 -0.0164445 
v 0.000633962 -0.0020549 -0.0218206 
v 0.00126098 -0.0020549 -0.0217213 
v 0.00187418 -0.0020549 -0.021557 
v 0.00246685 -0.0020549 -0.0213295 
v 0.00303249 -0.0020549 -0.0210413 
v 0.0035649 -0.0020549 -0.0206956 
v 0.00405826 -0.0020549 -0.0202961 
v 0.00450715 -0.0020549 -0.0198472 
v 0.00490667 -0.0020549 -0.0193538 
v 0.00525242 -0.0020549 -0.0188214 
v 0.00554063 -0.0020549 -0.0182557 
v 0.00576813 -0.0020549 -0.0176631 
v 0.00593244 -0.0020549 -0.0170499 
v 0.00603175 -0.0020549 -0.0164229 
v 0.000610655 -0.0021997 -0.0215989 
v 0.00121462 -0.0021997 -0.0215032 
v 0.00180528 -0.0021997 -0.021345 
v 0.00237616 -0.0021997 -0.0211258 
v 0.002921 -0.0021997 -0.0208482 
v 0.00343384 -0.0021997 -0.0205152 
v 0.00390906 -0.0021997 -0.0201303 
v 0.00434145 -0.0021997 -0.019698 
v 0.00472628 -0.0021997 -0.0192227 
v 0.00505932 -0.0021997 -0.0187099 
v 0.00533693 -0.0021997 -0.0181651 
v 0.00555607 -0.0021997 -0.0175942 
v 0.00571434 -0.0021997 -0.0170035 
v 0.00581 -0.0021997 -0.0163996 
v 0.000585894 -0.00232041 -0.0213633 
v 0.00116537 -0.00232041 -0.0212715 
v 0.00173207 -0.00232041 -0.0211197 
v 0.0022798 -0.00232041 -0.0209094 
v 0.00280256 -0.00232041 -0.0206431 
v 0.0032946 -0.00232041 -0.0203235 
v 0.00375055 -0.00232041 -0.0199543 
v 0.00416541 -0.00232041 -0.0195394 
v 0.00453463 -0.00232041 -0.0190835 
v 0.00485417 -0.00232041 -0.0185915 
v 0.00512052 -0.00232041 -0.0180687 
v 0.00533078 -0.00232041 -0.017521 
v 0.00548263 -0.00232041 -0.0169543 
v 0.00557441 -0.00232041 -0.0163748 
v 0.000559949 -0.00241568 -0.0211165 
v 0.00111376 -0.00241568 -0.0210287 
v 0.00165537 -0.00241568 -0.0208836 
v 0.00217885 -0.00241568 -0.0206827 
v 0.00267845 -0.00241568 -0.0204281 
v 0.00314871 -0.00241568 -0.0201227 
v 0.00358447 -0.00241568 -0.0197699 
v 0.00398095 -0.00241568 -0.0193734 
v 0.00433383 -0.00241568 -0.0189376 
v 0.00463921 -0.00241568 -0.0184673 
v 0.00489377 -0.00241568 -0.0179677 
v 0.00509472 -0.00241568 -0.0174443 
v 0.00523984 -0.00241568 -0.0169027 
v 0.00532756 -0.00241568 -0.0163488 
v 0.000533105 -0.00248449 -0.0208611 
v 0.00106037 -0.00248449 -0.0207775 
v 0.00157602 -0.00248449 -0.0206394 
v 0.0020744 -0.00248449 -0.0204481 
v 0.00255005 -0.00248449 -0.0202057 
v 0.00299776 -0.00248449 -0.019915 
v 0.00341263 -0.00248449 -0.019579 
v 0.00379011 -0.00248449 -0.0192015 
v 0.00412606 -0.00248449 -0.0187867 
v 0.00441681 -0.00248449 -0.0183389 
v 0.00465917 -0.00248449 -0.0178633 
v 0.00485048 -0.00248449 -0.0173649 
v 0.00498865 -0.00248449 -0.0168493 
v 0.00507216 -0.00248449 -0.016322 
v 0.000505657 -0.00252609 -0.0205999 
v 0.00100577 -0.00252609 -0.0205207 
v 0.00149487 -0.00252609 -0.0203896 
v 0.00196759 -0.00252609 -0.0202082 
v 0.00241875 -0.00252609 -0.0199783 
v 0.00284341 -0.00252609 -0.0197025 
v 0.00323692 -0.00252609 -0.0193839 
v 0.00359496 -0.00252609 -0.0190258 
v 0.00391362 -0.00252609 -0.0186323 
v 0.0041894 -0.00252609 -0.0182076 
v 0.00441928 -0.00252609 -0.0177565 
v 0.00460074 -0.00252609 -0.0172838 
v 0.00473179 -0.00252609 -0.0167947 
v 0.004811 -0.00252609 -0.0162946 
v -0.038608 -0.000102968 -0.0228988 
v -0.0386084 -0.000350957 -0.0228765 
v -0.0386083 -0.000265255 -0.0228842 
v -0.0386091 -0.000596884 -0.0228298 
v -0.0386089 -0.000527629 -0.0228429 
v -0.0386102 -0.000840676 -0.0227577 
v -0.0386108 -0.000937109 -0.0227217 
v -0.03861 -0.000784262 -0.0227744 
v -0.0386114 -0.00103188 -0.0226786 
v -0.0386124 -0.00116376 -0.0226186 
v -0.0386144 -0.00138035 -0.0224931 
v -0.0386133 -0.00126845 -0.0225579 
v -0.0386167 -0.00158657 -0.0223444 
v -0.0386156 -0.00149112 -0.0224132 
v -0.0386183 -0.00169833 -0.0222472 
v -0.0386205 -0.00184538 -0.0221062 
v -0.0386178 -0.00166561 -0.0222785 
v -0.0386213 -0.00188584 -0.022059 
v -0.0386236 -0.00200823 -0.0219161 
v -0.0386247 -0.00205269 -0.0218523 
v -0.0386271 -0.00215364 -0.0217075 
v -0.0386286 -0.00220641 -0.0216192 
v -0.0386323 -0.00231903 -0.0213971 
v -0.0386284 -0.0021995 -0.0216308 
v -0.0386324 -0.00232025 -0.0213939 
v -0.0386363 -0.00240978 -0.0211637 
v -0.0386366 -0.00241484 -0.0211456 
v -0.0386406 -0.00247797 -0.0209188 
v -0.0386411 -0.00248314 -0.0208888 
v -0.0386452 -0.00252195 -0.0206632 
v -0.0386458 -0.00252453 -0.0206263 
v -0.0386497 -0.00253946 -0.0204133 
v -0.0397387 -0.000265502 -0.00645549 
v -0.0406055 -0.000265502 -0.00659527 
v -0.0414525 -0.000265502 -0.00682647 
v -0.0422701 -0.000265502 -0.00714646 
v -0.043049 -0.000265502 -0.00755163 
v -0.0437804 -0.000265502 -0.00803735 
v -0.044456 -0.000265502 -0.00859814 
v -0.0450681 -0.000265502 -0.00922761 
v -0.0456097 -0.000265502 -0.00991862 
v -0.0460747 -0.000265502 -0.0106633 
v -0.0464579 -0.000265502 -0.0114533 
v -0.0467549 -0.000265502 -0.0122795 
v -0.0469622 -0.000265502 -0.0131327 
v -0.0470777 -0.000265502 -0.0140031 
v -0.0470998 -0.000265502 -0.0148808 
v -0.0470285 -0.000265502 -0.0157559 
v -0.0468645 -0.000265502 -0.0166184 
v -0.0466097 -0.000265502 -0.0174586 
v -0.0462669 -0.000265502 -0.0182669 
v -0.04584 -0.000265502 -0.0190341 
v -0.045334 -0.000265502 -0.0197516 
v -0.0447545 -0.000265502 -0.0204112 
v -0.0441081 -0.000265502 -0.0210054 
v -0.0434022 -0.000265502 -0.0215274 
v -0.0426448 -0.000265502 -0.0219714 
v -0.0418444 -0.000265502 -0.0223323 
v -0.0410101 -0.000265502 -0.022606 
v -0.0401515 -0.000265502 -0.0227894 
v -0.0397343 -0.000528096 -0.00649685 
v -0.0405967 -0.000528096 -0.00663592 
v -0.0414395 -0.000528096 -0.00686595 
v -0.0422529 -0.000528096 -0.00718433 
v -0.0430279 -0.000528096 -0.00758745 
v -0.0437556 -0.000528096 -0.00807073 
v -0.0444278 -0.000528096 -0.00862868 
v -0.0450367 -0.000528096 -0.00925497 
v -0.0455756 -0.000528096 -0.0099425 
v -0.0460383 -0.000528096 -0.0106835 
v -0.0464196 -0.000528096 -0.0114694 
v -0.046715 -0.000528096 -0.0122915 
v -0.0469214 -0.000528096 -0.0131403 
v -0.0470362 -0.000528096 -0.0140063 
v -0.0470583 -0.000528096 -0.0148796 
v -0.0469873 -0.000528096 -0.0157503 
v -0.0468241 -0.000528096 -0.0166084 
v -0.0465706 -0.000528096 -0.0174444 
v -0.0462295 -0.000528096 -0.0182486 
v -0.0458048 -0.000528096 -0.019012 
v -0.0453014 -0.000528096 -0.0197259 
v -0.0447248 -0.000528096 -0.0203821 
v -0.0440817 -0.000528096 -0.0209733 
v -0.0433793 -0.000528096 -0.0214927 
v -0.0426257 -0.000528096 -0.0219345 
v -0.0418293 -0.000528096 -0.0222935 
v -0.0409993 -0.000528096 -0.0225658 
v -0.040145 -0.000528096 -0.0227483 
v -0.0392782 -0.000265502 -0.0228804 
v -0.039727 -0.000784903 -0.00656527 
v -0.0405822 -0.000784903 -0.00670317 
v -0.0414178 -0.000784903 -0.00693127 
v -0.0422245 -0.000784903 -0.00724698 
v -0.042993 -0.000784903 -0.00764672 
v -0.0437145 -0.000784903 -0.00812594 
v -0.0443811 -0.000784903 -0.00867921 
v -0.0449849 -0.000784903 -0.00930025 
v -0.0455193 -0.000784903 -0.009982 
v -0.0459781 -0.000784903 -0.0107167 
v -0.0463562 -0.000784903 -0.0114961 
v -0.0466491 -0.000784903 -0.0123113 
v -0.0468537 -0.000784903 -0.013153 
v -0.0469676 -0.000784903 -0.0140117 
v -0.0469895 -0.000784903 -0.0148777 
v -0.0469191 -0.000784903 -0.015741 
v -0.0467573 -0.000784903 -0.016592 
v -0.0465059 -0.000784903 -0.0174209 
v -0.0461677 -0.000784903 -0.0182184 
v -0.0457466 -0.000784903 -0.0189754 
v -0.0452473 -0.000784903 -0.0196833 
v -0.0446756 -0.000784903 -0.020334 
v -0.0440379 -0.000784903 -0.0209203 
v -0.0433414 -0.000784903 -0.0214353 
v -0.0425941 -0.000784903 -0.0218733 
v -0.0418044 -0.000784903 -0.0222294 
v -0.0409814 -0.000784903 -0.0224994 
v -0.0401342 -0.000784903 -0.0226803 
v -0.0392761 -0.000528096 -0.0228388 
v -0.0397169 -0.00103311 -0.00666 
v -0.040562 -0.00103311 -0.00679629 
v -0.0413879 -0.00103311 -0.00702172 
v -0.0421851 -0.00103311 -0.00733373 
v -0.0429445 -0.00103311 -0.00772878 
v -0.0436577 -0.00103311 -0.00820239 
v -0.0443164 -0.00103311 -0.00874917 
v -0.0449132 -0.00103311 -0.00936293 
v -0.0454413 -0.00103311 -0.0100367 
v -0.0458947 -0.00103311 -0.0107628 
v -0.0462683 -0.00103311 -0.0115331 
v -0.0465579 -0.00103311 -0.0123387 
v -0.0467601 -0.00103311 -0.0131706 
v -0.0468726 -0.00103311 -0.0140192 
v -0.0468942 -0.00103311 -0.014875 
v -0.0468247 -0.00103311 -0.0157282 
v -0.0466648 -0.00103311 -0.0165693 
v -0.0464163 -0.00103311 -0.0173885 
v -0.0460821 -0.00103311 -0.0181766 
v -0.0456659 -0.00103311 -0.0189247 
v -0.0451725 -0.00103311 -0.0196243 
v -0.0446075 -0.00103311 -0.0202674 
v -0.0439772 -0.00103311 -0.0208468 
v -0.0432889 -0.00103311 -0.0213558 
v -0.0425504 -0.00103311 -0.0217887 
v -0.0417699 -0.00103311 -0.0221406 
v -0.0409565 -0.00103311 -0.0224074 
v -0.0401193 -0.00103311 -0.0225862 
v -0.0392727 -0.000784903 -0.0227701 
v -0.039704 -0.00127 -0.00678002 
v -0.0405365 -0.00127 -0.00691426 
v -0.0413499 -0.00127 -0.0071363 
v -0.0421352 -0.00127 -0.00744363 
v -0.0428832 -0.00127 -0.00783274 
v -0.0435856 -0.00127 -0.00829924 
v -0.0442345 -0.00127 -0.00883781 
v -0.0448223 -0.00127 -0.00944235 
v -0.0453425 -0.00127 -0.010106 
v -0.0457891 -0.00127 -0.0108212 
v -0.0461571 -0.00127 -0.0115799 
v -0.0464423 -0.00127 -0.0123734 
v -0.0466414 -0.00127 -0.0131928 
v -0.0467523 -0.00127 -0.0140287 
v -0.0467736 -0.00127 -0.0148716 
v -0.0467051 -0.00127 -0.015712 
v -0.0465476 -0.00127 -0.0165404 
v -0.0463028 -0.00127 -0.0173473 
v -0.0459736 -0.00127 -0.0181236 
v -0.0455637 -0.00127 -0.0188605 
v -0.0450777 -0.00127 -0.0195496 
v -0.0445212 -0.00127 -0.020183 
v -0.0439004 -0.00127 -0.0207537 
v -0.0432224 -0.00127 -0.0212551 
v -0.042495 -0.00127 -0.0216815 
v -0.0417263 -0.00127 -0.0220281 
v -0.0409251 -0.00127 -0.0222909 
v -0.0401004 -0.00127 -0.022467 
v -0.0392679 -0.00103311 -0.022675 
v -0.0396886 -0.00149297 -0.006924 
v -0.0405058 -0.00149297 -0.00705578 
v -0.0413044 -0.00149297 -0.00727377 
v -0.0420753 -0.00149297 -0.00757547 
v -0.0428096 -0.00149297 -0.00795746 
v -0.0434992 -0.00149297 -0.00841542 
v -0.0441362 -0.00149297 -0.00894414 
v -0.0447132 -0.00149297 -0.00953762 
v -0.0452239 -0.00149297 -0.0101891 
v -0.0456623 -0.00149297 -0.0108913 
v -0.0460236 -0.00149297 -0.0116361 
v -0.0463036 -0.00149297 -0.0124151 
v -0.0464991 -0.00149297 -0.0132194 
v -0.0466079 -0.00149297 -0.01404 
v -0.0466289 -0.00149297 -0.0148676 
v -0.0465616 -0.00149297 -0.0156926 
v -0.046407 -0.00149297 -0.0165058 
v -0.0461667 -0.00149297 -0.017298 
v -0.0458435 -0.00149297 -0.0180601 
v -0.0454411 -0.00149297 -0.0187835 
v -0.044964 -0.00149297 -0.0194599 
v -0.0444176 -0.00149297 -0.0200818 
v -0.0438082 -0.00149297 -0.020642 
v -0.0431426 -0.00149297 -0.0211342 
v -0.0424285 -0.00149297 -0.0215528 
v -0.0416739 -0.00149297 -0.0218931 
v -0.0408873 -0.00149297 -0.0221511 
v -0.0400778 -0.00149297 -0.022324 
v -0.0392618 -0.00127 -0.0225544 
v -0.0396708 -0.00169959 -0.00709036 
v -0.0404704 -0.00169959 -0.00721931 
v -0.0412518 -0.00169959 -0.0074326 
v -0.0420061 -0.00169959 -0.0077278 
v -0.0427246 -0.00169959 -0.00810157 
v -0.0433994 -0.00169959 -0.00854967 
v -0.0440226 -0.00169959 -0.009067 
v -0.0445872 -0.00169959 -0.00964771 
v -0.0450869 -0.00169959 -0.0102852 
v -0.0455159 -0.00169959 -0.0109722 
v -0.0458694 -0.00169959 -0.011701 
v -0.0461433 -0.00169959 -0.0124632 
v -0.0463347 -0.00169959 -0.0132502 
v -0.0464411 -0.00169959 -0.0140532 
v -0.0464616 -0.00169959 -0.0148629 
v -0.0463958 -0.00169959 -0.0156702 
v -0.0462445 -0.00169959 -0.0164659 
v -0.0460094 -0.00169959 -0.017241 
v -0.0456932 -0.00169959 -0.0179866 
v -0.0452994 -0.00169959 -0.0186944 
v -0.0448326 -0.00169959 -0.0193563 
v -0.044298 -0.00169959 -0.0199648 
v -0.0437017 -0.00169959 -0.020513 
v -0.0430505 -0.00169959 -0.0209946 
v -0.0423517 -0.00169959 -0.0214042 
v -0.0416133 -0.00169959 -0.0217371 
v -0.0408437 -0.00169959 -0.0219896 
v -0.0400516 -0.00169959 -0.0221587 
v -0.0392544 -0.00149297 -0.0224098 
v -0.0396508 -0.00188759 -0.00727729 
v -0.0404307 -0.00188759 -0.00740305 
v -0.0411927 -0.00188759 -0.00761107 
v -0.0419283 -0.00188759 -0.00789897 
v -0.0426291 -0.00188759 -0.0082635 
v -0.0432872 -0.00188759 -0.00870051 
v -0.043895 -0.00188759 -0.00920506 
v -0.0444457 -0.00188759 -0.0097714 
v -0.044933 -0.00188759 -0.0103931 
v -0.0453514 -0.00188759 -0.0110631 
v -0.0456961 -0.00188759 -0.0117739 
v -0.0459633 -0.00188759 -0.0125173 
v -0.0461499 -0.00188759 -0.0132848 
v -0.0462537 -0.00188759 -0.0140679 
v -0.0462737 -0.00188759 -0.0148576 
v -0.0462095 -0.00188759 -0.0156449 
v -0.0460619 -0.00188759 -0.016421 
v -0.0458327 -0.00188759 -0.0171769 
v -0.0455242 -0.00188759 -0.0179041 
v -0.0451402 -0.00188759 -0.0185944 
v -0.0446849 -0.00188759 -0.01924 
v -0.0441636 -0.00188759 -0.0198334 
v -0.043582 -0.00188759 -0.020368 
v -0.0429469 -0.00188759 -0.0208377 
v -0.0422654 -0.00188759 -0.0212371 
v -0.0415453 -0.00188759 -0.0215618 
v -0.0407947 -0.00188759 -0.0218081 
v -0.0400222 -0.00188759 -0.0219731 
v -0.039246 -0.00169959 -0.0222427 
v -0.0396288 -0.0020549 -0.00748274 
v -0.040387 -0.0020549 -0.00760499 
v -0.0411278 -0.0020549 -0.00780721 
v -0.0418429 -0.0020549 -0.00808709 
v -0.0425242 -0.0020549 -0.00844146 
v -0.0431639 -0.0020549 -0.0088663 
v -0.0437547 -0.0020549 -0.00935678 
v -0.0442901 -0.0020549 -0.00990734 
v -0.0447638 -0.0020549 -0.0105117 
v -0.0451705 -0.0020549 -0.0111631 
v -0.0455057 -0.0020549 -0.011854 
v -0.0457654 -0.0020549 -0.0125767 
v -0.0459468 -0.0020549 -0.0133229 
v -0.0460477 -0.0020549 -0.0140841 
v -0.0460671 -0.0020549 -0.0148518 
v -0.0460048 -0.0020549 -0.0156172 
v -0.0458613 -0.0020549 -0.0163716 
v -0.0456384 -0.0020549 -0.0171065 
v -0.0453386 -0.0020549 -0.0178134 
v -0.0449653 -0.0020549 -0.0184845 
v -0.0445227 -0.0020549 -0.0191121 
v -0.0440158 -0.0020549 -0.019689 
v -0.0434505 -0.0020549 -0.0202087 
v -0.0428331 -0.0020549 -0.0206653 
v -0.0421706 -0.0020549 -0.0210536 
v -0.0414705 -0.0020549 -0.0213692 
v -0.0407408 -0.0020549 -0.0216086 
v -0.0399899 -0.0020549 -0.021769 
v -0.0392365 -0.00188759 -0.0220549 
v -0.0396051 -0.0021997 -0.00770445 
v -0.0403398 -0.0021997 -0.00782292 
v -0.0410577 -0.0021997 -0.00801888 
v -0.0417507 -0.0021997 -0.0082901 
v -0.0424109 -0.0021997 -0.00863351 
v -0.0430308 -0.0021997 -0.00904521 
v -0.0436034 -0.0021997 -0.00952052 
v -0.0441222 -0.0021997 -0.010054 
v -0.0445812 -0.0021997 -0.0106397 
v -0.0449754 -0.0021997 -0.0112709 
v -0.0453002 -0.0021997 -0.0119405 
v -0.0455519 -0.0021997 -0.0126408 
v -0.0457276 -0.0021997 -0.0133639 
v -0.0458255 -0.0021997 -0.0141016 
v -0.0458443 -0.0021997 -0.0148456 
v -0.0457838 -0.0021997 -0.0155873 
v -0.0456448 -0.0021997 -0.0163183 
v -0.0454288 -0.0021997 -0.0170305 
v -0.0451382 -0.0021997 -0.0177156 
v -0.0447765 -0.0021997 -0.0183659 
v -0.0443476 -0.0021997 -0.018974 
v -0.0438564 -0.0021997 -0.0195331 
v -0.0433085 -0.0021997 -0.0200367 
v -0.0427102 -0.0021997 -0.0204792 
v -0.0420682 -0.0021997 -0.0208555 
v -0.0413898 -0.0021997 -0.0211614 
v -0.0406827 -0.0021997 -0.0213933 
v -0.039955 -0.0021997 -0.0215488 
v -0.0392261 -0.0020549 -0.0218486 
v -0.0395799 -0.00232041 -0.00793999 
v -0.0402897 -0.00232041 -0.00805445 
v -0.0409832 -0.00232041 -0.00824376 
v -0.0416527 -0.00232041 -0.00850579 
v -0.0422905 -0.00232041 -0.00883755 
v -0.0428894 -0.00232041 -0.00923528 
v -0.0434426 -0.00232041 -0.00969447 
v -0.0439438 -0.00232041 -0.0102099 
v -0.0443873 -0.00232041 -0.0107757 
v -0.0447681 -0.00232041 -0.0113855 
v -0.0450818 -0.00232041 -0.0120324 
v -0.045325 -0.00232041 -0.0127089 
v -0.0454948 -0.00232041 -0.0134075 
v -0.0455893 -0.00232041 -0.0141202 
v -0.0456075 -0.00232041 -0.0148389 
v -0.0455491 -0.00232041 -0.0155555 
v -0.0454148 -0.00232041 -0.0162618 
v -0.0452061 -0.00232041 -0.0169497 
v -0.0449254 -0.00232041 -0.0176116 
v -0.0445759 -0.00232041 -0.0182399 
v -0.0441615 -0.00232041 -0.0188274 
v -0.043687 -0.00232041 -0.0193675 
v -0.0431577 -0.00232041 -0.019854 
v -0.0425797 -0.00232041 -0.0202815 
v -0.0419595 -0.00232041 -0.020645 
v -0.0413041 -0.00232041 -0.0209405 
v -0.040621 -0.00232041 -0.0211646 
v -0.0399179 -0.00232041 -0.0213148 
v -0.0392148 -0.0021997 -0.0216259 
v -0.0395535 -0.00241568 -0.00818679 
v -0.0402372 -0.00241568 -0.00829704 
v -0.0409052 -0.00241568 -0.00847939 
v -0.0415501 -0.00241568 -0.00873178 
v -0.0421644 -0.00241568 -0.00905133 
v -0.0427413 -0.00241568 -0.00943444 
v -0.0432741 -0.00241568 -0.00987674 
v -0.0437568 -0.00241568 -0.0103732 
v -0.044184 -0.00241568 -0.0109182 
v -0.0445508 -0.00241568 -0.0115056 
v -0.044853 -0.00241568 -0.0121287 
v -0.0450873 -0.00241568 -0.0127803 
v -0.0452508 -0.00241568 -0.0134532 
v -0.0453419 -0.00241568 -0.0141397 
v -0.0453594 -0.00241568 -0.014832 
v -0.0453031 -0.00241568 -0.0155222 
v -0.0451737 -0.00241568 -0.0162025 
v -0.0449727 -0.00241568 -0.0168651 
v -0.0447024 -0.00241568 -0.0175027 
v -0.0443657 -0.00241568 -0.0181078 
v -0.0439666 -0.00241568 -0.0186737 
v -0.0435095 -0.00241568 -0.0191939 
v -0.0429997 -0.00241568 -0.0196626 
v -0.042443 -0.00241568 -0.0200743 
v -0.0418455 -0.00241568 -0.0204245 
v -0.0412143 -0.00241568 -0.0207091 
v -0.0405563 -0.00241568 -0.020925 
v -0.0398791 -0.00241568 -0.0210696 
v -0.0392028 -0.00232041 -0.0213893 
v -0.0395262 -0.00248449 -0.00844214 
v -0.0401828 -0.00248449 -0.00854803 
v -0.0408245 -0.00248449 -0.00872318 
v -0.0414439 -0.00248449 -0.00896559 
v -0.0420339 -0.00248449 -0.00927253 
v -0.042588 -0.00248449 -0.00964049 
v -0.0430998 -0.00248449 -0.0100653 
v -0.0435635 -0.00248449 -0.0105422 
v -0.0439738 -0.00248449 -0.0110657 
v -0.0443261 -0.00248449 -0.0116298 
v -0.0446163 -0.00248449 -0.0122283 
v -0.0448413 -0.00248449 -0.0128542 
v -0.0449984 -0.00248449 -0.0135005 
v -0.0450858 -0.00248449 -0.0141599 
v -0.0451026 -0.00248449 -0.0148248 
v -0.0450486 -0.00248449 -0.0154877 
v -0.0449244 -0.00248449 -0.0161411 
v -0.0447313 -0.00248449 -0.0167776 
v -0.0444716 -0.00248449 -0.0173899 
v -0.0441483 -0.00248449 -0.0179712 
v -0.0437649 -0.00248449 -0.0185147 
v -0.0433259 -0.00248449 -0.0190144 
v -0.0428363 -0.00248449 -0.0194645 
v -0.0423015 -0.00248449 -0.01986 
v -0.0417277 -0.00248449 -0.0201964 
v -0.0411213 -0.00248449 -0.0204697 
v -0.0404893 -0.00248449 -0.0206771 
v -0.0398389 -0.00248449 -0.020816 
v -0.0391903 -0.00241568 -0.0211414 
v -0.0394982 -0.00252609 -0.00870324 
v -0.0401273 -0.00252609 -0.00880468 
v -0.0407419 -0.00252609 -0.00897246 
v -0.0413353 -0.00252609 -0.00920468 
v -0.0419005 -0.00252609 -0.0094987 
v -0.0424313 -0.00252609 -0.00985119 
v -0.0429215 -0.00252609 -0.0102581 
v -0.0433657 -0.00252609 -0.010715 
v -0.0437588 -0.00252609 -0.0112164 
v -0.0440962 -0.00252609 -0.0117569 
v -0.0443743 -0.00252609 -0.0123301 
v -0.0445898 -0.00252609 -0.0129297 
v -0.0447403 -0.00252609 -0.0135488 
v -0.0448241 -0.00252609 -0.0141805 
v -0.0448402 -0.00252609 -0.0148174 
v -0.0447884 -0.00252609 -0.0154525 
v -0.0446694 -0.00252609 -0.0160784 
v -0.0444844 -0.00252609 -0.0166881 
v -0.0442357 -0.00252609 -0.0172747 
v -0.0439259 -0.00252609 -0.0178315 
v -0.0435587 -0.00252609 -0.0183522 
v -0.0431382 -0.00252609 -0.0188308 
v -0.0426691 -0.00252609 -0.019262 
v -0.0421568 -0.00252609 -0.0196409 
v -0.0416071 -0.00252609 -0.0199631 
v -0.0410263 -0.00252609 -0.020225 
v -0.0404209 -0.00252609 -0.0204236 
v -0.0397978 -0.00252609 -0.0205566 
v -0.0391773 -0.00248449 -0.0208849 
v -0.0391641 -0.00252609 -0.0206227 
vn 0.108119 0 -0.994138 
vn 2.44929e-16 0 -1 
vn 0.21497 0 -0.976621 
vn 0.108119 0 -0.994138 
vn 0.319302 0 -0.947653 
vn 0.21497 0 -0.976621 
vn 0.419889 0 -0.907575 
vn 0.319302 0 -0.947653 
vn 0.515554 0 -0.856857 
vn 0.419889 0 -0.907575 
vn 0.605174 0 -0.796093 
vn 0.515554 0 -0.856857 
vn 0.687699 0 -0.725995 
vn 0.605174 0 -0.796093 
vn 0.762162 0 -0.647386 
vn 0.687699 0 -0.725995 
vn 0.827689 0 -0.561187 
vn 0.762162 0 -0.647386 
vn 0.883512 0 -0.468408 
vn 0.827689 0 -0.561187 
vn 0.928977 0 -0.370138 
vn 0.883512 0 -0.468408 
vn 0.96355 0 -0.267528 
vn 0.928977 0 -0.370138 
vn 0.986827 0 -0.161782 
vn 0.96355 0 -0.267528 
vn 0.998533 0 -0.0541389 
vn 0.986827 0 -0.161782 
vn 0.998533 0 0.0541389 
vn 0.998533 0 -0.0541389 
vn 0.986827 0 0.161782 
vn 0.998533 0 0.0541389 
vn 0.96355 0 0.267528 
vn 0.986827 0 0.161782 
vn 0.928977 0 0.370138 
vn 0.96355 0 0.267528 
vn 0.883512 0 0.468408 
vn 0.928977 0 0.370138 
vn 0.827689 0 0.561187 
vn 0.883512 0 0.468408 
vn 0.762162 0 0.647386 
vn 0.827689 0 0.561187 
vn 0.687699 0 0.725995 
vn 0.762162 0 0.647386 
vn 0.605174 0 0.796093 
vn 0.687699 0 0.725995 
vn 0.515554 0 0.856857 
vn 0.605174 0 0.796093 
vn 0.419889 0 0.907575 
vn 0.515554 0 0.856857 
vn 0.319302 0 0.947653 
vn 0.419889 0 0.907575 
vn 0.21497 0 0.976621 
vn 0.319302 0 0.947653 
vn 0.108119 0 0.994138 
vn 0.21497 0 0.976621 
vn -1.22465e-16 0 1 
vn 0.108119 0 0.994138 
vn -0.108119 0 0.994138 
vn -1.22465e-16 0 1 
vn -0.21497 0 0.976621 
vn -0.108119 0 0.994138 
vn -0.319302 0 0.947653 
vn -0.21497 0 0.976621 
vn -0.419889 0 0.907575 
vn -0.319302 0 0.947653 
vn -0.515554 0 0.856857 
vn -0.419889 0 0.907575 
vn -0.605174 0 0.796093 
vn -0.515554 0 0.856857 
vn -0.687699 0 0.725995 
vn -0.605174 0 0.796093 
vn -0.762162 0 0.647386 
vn -0.687699 0 0.725995 
vn -0.827689 0 0.561187 
vn -0.762162 0 0.647386 
vn -0.883512 0 0.468408 
vn -0.827689 0 0.561187 
vn -0.928977 0 0.370138 
vn -0.883512 0 0.468408 
vn -0.96355 0 0.267528 
vn -0.928977 0 0.370138 
vn -0.986827 0 0.161782 
vn -0.96355 0 0.267528 
vn -0.998533 0 0.0541389 
vn -0.986827 0 0.161782 
vn -0.998533 0 -0.0541389 
vn -0.998533 0 0.0541389 
vn -0.986827 0 -0.161782 
vn -0.998533 0 -0.0541389 
vn -0.96355 0 -0.267528 
vn -0.986827 0 -0.161782 
vn -0.928977 0 -0.370138 
vn -0.96355 0 -0.267528 
vn -0.883512 0 -0.468408 
vn -0.928977 0 -0.370138 
vn -0.827689 0 -0.561187 
vn -0.883512 0 -0.468408 
vn -0.762162 0 -0.647386 
vn -0.827689 0 -0.561187 
vn -0.687699 0 -0.725995 
vn -0.762162 0 -0.647386 
vn -0.605174 0 -0.796093 
vn -0.687699 0 -0.725995 
vn -0.515554 0 -0.856857 
vn -0.605174 0 -0.796093 
vn -0.419889 0 -0.907575 
vn -0.515554 0 -0.856857 
vn -0.319302 0 -0.947653 
vn -0.419889 0 -0.907575 
vn -0.21497 0 -0.976621 
vn -0.319302 0 -0.947653 
vn -0.108119 0 -0.994138 
vn -0.21497 0 -0.976621 
vn 0 -0.994522 0.104528 
vn 0 -1 -2.05963e-15 
vn -0.0113015 -0.994522 0.103916 
vn -0.0224705 -0.994522 0.102085 
vn 6.57644e-16 -1 -1.95182e-15 
vn -0.0333761 -0.994522 0.0990567 
vn -0.0438904 -0.994522 0.0948675 
vn 1.06185e-15 -1 -1.76481e-15 
vn -0.0538901 -0.994522 0.089566 
vn -0.0632579 -0.994522 0.0832144 
vn 1.41641e-15 -1 -1.49528e-15 
vn -0.0718842 -0.994522 0.0758872 
vn -0.0796676 -0.994522 0.0676703 
vn 1.70474e-15 -1 -1.15584e-15 
vn -0.0865171 -0.994522 0.05866 
vn -0.0923522 -0.994522 0.048962 
vn 1.91335e-15 -1 -7.62349e-16 
vn -0.0971045 -0.994522 0.03869 
vn -0.100718 -0.994522 0.0279643 
vn 2.0325e-15 -1 -3.33212e-16 
vn -0.103151 -0.994522 0.0169108 
vn -0.104375 -0.994522 0.00565906 
vn 2.05661e-15 -1 1.11506e-16 
vn -0.104375 -0.994522 -0.00565906 
vn -0.103151 -0.994522 -0.0169108 
vn 1.98456e-15 -1 5.5101e-16 
vn -0.100718 -0.994522 -0.0279643 
vn -0.0971045 -0.994522 -0.03869 
vn 1.81971e-15 -1 9.6475e-16 
vn -0.0923522 -0.994522 -0.048962 
vn -0.0865171 -0.994522 -0.05866 
vn 1.56977e-15 -1 1.33338e-15 
vn -0.0796676 -0.994522 -0.0676703 
vn -0.0718842 -0.994522 -0.0758872 
vn 1.24644e-15 -1 1.63966e-15 
vn -0.0632579 -0.994522 -0.0832144 
vn -0.0538901 -0.994522 -0.089566 
vn 8.64818e-16 -1 1.86927e-15 
vn -0.0438904 -0.994522 -0.0948675 
vn -0.0333761 -0.994522 -0.0990567 
vn 4.4276e-16 -1 2.01148e-15 
vn -0.0224705 -0.994522 -0.102085 
vn -0.0113015 -0.994522 -0.103916 
vn -4.28747e-31 -1 2.05963e-15 
vn 2.17594e-17 -0.994522 -0.104528 
vn 0.0113015 -0.994522 -0.103916 
vn -4.4276e-16 -1 2.01148e-15 
vn 0.0224705 -0.994522 -0.102085 
vn 0.0333761 -0.994522 -0.0990567 
vn -8.64818e-16 -1 1.86927e-15 
vn 0.0438904 -0.994522 -0.0948675 
vn 0.0538901 -0.994522 -0.089566 
vn -1.24644e-15 -1 1.63966e-15 
vn 0.0632579 -0.994522 -0.0832144 
vn 0.0718842 -0.994522 -0.0758872 
vn -1.56977e-15 -1 1.33338e-15 
vn 0.0796676 -0.994522 -0.0676703 
vn 0.0865171 -0.994522 -0.05866 
vn -1.81971e-15 -1 9.6475e-16 
vn 0.0923522 -0.994522 -0.048962 
vn 0.0971045 -0.994522 -0.03869 
vn -1.98456e-15 -1 5.5101e-16 
vn 0.100718 -0.994522 -0.0279643 
vn 0.103151 -0.994522 -0.0169108 
vn -2.05661e-15 -1 1.11506e-16 
vn 0.104375 -0.994522 -0.00565906 
vn 0.104375 -0.994522 0.00565906 
vn -2.0325e-15 -1 -3.33212e-16 
vn 0.103151 -0.994522 0.0169108 
vn 0.100718 -0.994522 0.0279643 
vn -1.91335e-15 -1 -7.62349e-16 
vn 0.0971045 -0.994522 0.03869 
vn 0.0923522 -0.994522 0.048962 
vn -1.70474e-15 -1 -1.15584e-15 
vn 0.0865171 -0.994522 0.05866 
vn 0.0796676 -0.994522 0.0676703 
vn -1.41641e-15 -1 -1.49528e-15 
vn 0.0718842 -0.994522 0.0758872 
vn 0.0632579 -0.994522 0.0832144 
vn -1.06185e-15 -1 -1.76481e-15 
vn 0.0538901 -0.994522 0.089566 
vn 0.0438904 -0.994522 0.0948675 
vn -6.57644e-16 -1 -1.95182e-15 
vn 0.0333761 -0.994522 0.0990567 
vn 0.0224705 -0.994522 0.102085 
vn -2.22686e-16 -1 -2.04756e-15 
vn 0.0113015 -0.994522 0.103916 
vn 0 -0.978148 0.207912 
vn -0.0224792 -0.978148 0.206693 
vn -0.0446949 -0.978148 0.203051 
vn -0.0663865 -0.978148 0.197028 
vn -0.0872999 -0.978148 0.188696 
vn -0.10719 -0.978148 0.178151 
vn -0.125823 -0.978148 0.165517 
vn -0.142981 -0.978148 0.150943 
vn -0.158462 -0.978148 0.134599 
vn -0.172086 -0.978148 0.116677 
vn -0.183692 -0.978148 0.0973876 
vn -0.193145 -0.978148 0.076956 
vn -0.200333 -0.978148 0.0556223 
vn -0.205173 -0.978148 0.0336364 
vn -0.207607 -0.978148 0.0112561 
vn -0.207607 -0.978148 -0.0112561 
vn -0.205173 -0.978148 -0.0336364 
vn -0.200333 -0.978148 -0.0556223 
vn -0.193145 -0.978148 -0.076956 
vn -0.183692 -0.978148 -0.0973876 
vn -0.172086 -0.978148 -0.116677 
vn -0.158462 -0.978148 -0.134599 
vn -0.142981 -0.978148 -0.150943 
vn -0.125823 -0.978148 -0.165517 
vn -0.10719 -0.978148 -0.178151 
vn -0.0872999 -0.978148 -0.188696 
vn -0.0663865 -0.978148 -0.197028 
vn -0.0446949 -0.978148 -0.203051 
vn -0.0224792 -0.978148 -0.206693 
vn 4.32803e-17 -0.978148 -0.207912 
vn 0.0224792 -0.978148 -0.206693 
vn 0.0446949 -0.978148 -0.203051 
vn 0.0663865 -0.978148 -0.197028 
vn 0.0872999 -0.978148 -0.188696 
vn 0.10719 -0.978148 -0.178151 
vn 0.125823 -0.978148 -0.165517 
vn 0.142981 -0.978148 -0.150943 
vn 0.158462 -0.978148 -0.134599 
vn 0.172086 -0.978148 -0.116677 
vn 0.183692 -0.978148 -0.0973876 
vn 0.193145 -0.978148 -0.076956 
vn 0.200333 -0.978148 -0.0556223 
vn 0.205173 -0.978148 -0.0336364 
vn 0.207607 -0.978148 -0.0112561 
vn 0.207607 -0.978148 0.0112561 
vn 0.205173 -0.978148 0.0336364 
vn 0.200333 -0.978148 0.0556223 
vn 0.193145 -0.978148 0.076956 
vn 0.183692 -0.978148 0.0973876 
vn 0.172086 -0.978148 0.116677 
vn 0.158462 -0.978148 0.134599 
vn 0.142981 -0.978148 0.150943 
vn 0.125823 -0.978148 0.165517 
vn 0.10719 -0.978148 0.178151 
vn 0.0872999 -0.978148 0.188696 
vn 0.0663865 -0.978148 0.197028 
vn 0.0446949 -0.978148 0.203051 
vn 0.0224792 -0.978148 0.206693 
vn 0 -0.951057 0.309017 
vn -0.0334106 -0.951057 0.307206 
vn -0.0664295 -0.951057 0.301792 
vn -0.0986696 -0.951057 0.292841 
vn -0.129753 -0.951057 0.280456 
vn -0.159315 -0.951057 0.264783 
vn -0.187009 -0.951057 0.246006 
vn -0.212511 -0.951057 0.224345 
vn -0.235521 -0.951057 0.200053 
vn -0.25577 -0.951057 0.173416 
vn -0.27302 -0.951057 0.144746 
vn -0.28707 -0.951057 0.114379 
vn -0.297753 -0.951057 0.0826708 
vn -0.304946 -0.951057 0.0499934 
vn -0.308564 -0.951057 0.0167298 
vn -0.308564 -0.951057 -0.0167298 
vn -0.304946 -0.951057 -0.0499934 
vn -0.297753 -0.951057 -0.0826708 
vn -0.28707 -0.951057 -0.114379 
vn -0.27302 -0.951057 -0.144746 
vn -0.25577 -0.951057 -0.173416 
vn -0.235521 -0.951057 -0.200053 
vn -0.212511 -0.951057 -0.224345 
vn -0.187009 -0.951057 -0.246006 
vn -0.159315 -0.951057 -0.264783 
vn -0.129753 -0.951057 -0.280456 
vn -0.0986696 -0.951057 -0.292841 
vn -0.0664295 -0.951057 -0.301792 
vn -0.0334106 -0.951057 -0.307206 
vn 6.43271e-17 -0.951057 -0.309017 
vn 0.0334106 -0.951057 -0.307206 
vn 0.0664295 -0.951057 -0.301792 
vn 0.0986696 -0.951057 -0.292841 
vn 0.129753 -0.951057 -0.280456 
vn 0.159315 -0.951057 -0.264783 
vn 0.187009 -0.951057 -0.246006 
vn 0.212511 -0.951057 -0.224345 
vn 0.235521 -0.951057 -0.200053 
vn 0.25577 -0.951057 -0.173416 
vn 0.27302 -0.951057 -0.144746 
vn 0.28707 -0.951057 -0.114379 
vn 0.297753 -0.951057 -0.0826708 
vn 0.304946 -0.951057 -0.0499934 
vn 0.308564 -0.951057 -0.0167298 
vn 0.308564 -0.951057 0.0167298 
vn 0.304946 -0.951057 0.0499934 
vn 0.297753 -0.951057 0.0826708 
vn 0.28707 -0.951057 0.114379 
vn 0.27302 -0.951057 0.144746 
vn 0.25577 -0.951057 0.173416 
vn 0.235521 -0.951057 0.200053 
vn 0.212511 -0.951057 0.224345 
vn 0.187009 -0.951057 0.246006 
vn 0.159315 -0.951057 0.264783 
vn 0.129753 -0.951057 0.280456 
vn 0.0986696 -0.951057 0.292841 
vn 0.0664295 -0.951057 0.301792 
vn 0.0334106 -0.951057 0.307206 
vn 0 -0.913545 0.406737 
vn -0.043976 -0.913545 0.404352 
vn -0.0874364 -0.913545 0.397227 
vn -0.129872 -0.913545 0.385445 
vn -0.170784 -0.913545 0.369144 
vn -0.209695 -0.913545 0.348515 
vn -0.246147 -0.913545 0.3238 
vn -0.279713 -0.913545 0.295289 
vn -0.309999 -0.913545 0.263316 
vn -0.336651 -0.913545 0.228255 
vn -0.359357 -0.913545 0.190519 
vn -0.377849 -0.913545 0.150549 
vn -0.391911 -0.913545 0.108814 
vn -0.401379 -0.913545 0.0658027 
vn -0.40614 -0.913545 0.0220203 
vn -0.40614 -0.913545 -0.0220203 
vn -0.401379 -0.913545 -0.0658027 
vn -0.391911 -0.913545 -0.108814 
vn -0.377849 -0.913545 -0.150549 
vn -0.359357 -0.913545 -0.190519 
vn -0.336651 -0.913545 -0.228255 
vn -0.309999 -0.913545 -0.263316 
vn -0.279713 -0.913545 -0.295289 
vn -0.246147 -0.913545 -0.3238 
vn -0.209695 -0.913545 -0.348515 
vn -0.170784 -0.913545 -0.369144 
vn -0.129872 -0.913545 -0.385445 
vn -0.0874364 -0.913545 -0.397227 
vn -0.043976 -0.913545 -0.404352 
vn 8.46691e-17 -0.913545 -0.406737 
vn 0.043976 -0.913545 -0.404352 
vn 0.0874364 -0.913545 -0.397227 
vn 0.129872 -0.913545 -0.385445 
vn 0.170784 -0.913545 -0.369144 
vn 0.209695 -0.913545 -0.348515 
vn 0.246147 -0.913545 -0.3238 
vn 0.279713 -0.913545 -0.295289 
vn 0.309999 -0.913545 -0.263316 
vn 0.336651 -0.913545 -0.228255 
vn 0.359357 -0.913545 -0.190519 
vn 0.377849 -0.913545 -0.150549 
vn 0.391911 -0.913545 -0.108814 
vn 0.401379 -0.913545 -0.0658027 
vn 0.40614 -0.913545 -0.0220203 
vn 0.40614 -0.913545 0.0220203 
vn 0.401379 -0.913545 0.0658027 
vn 0.391911 -0.913545 0.108814 
vn 0.377849 -0.913545 0.150549 
vn 0.359357 -0.913545 0.190519 
vn 0.336651 -0.913545 0.228255 
vn 0.309999 -0.913545 0.263316 
vn 0.279713 -0.913545 0.295289 
vn 0.246147 -0.913545 0.3238 
vn 0.209695 -0.913545 0.348515 
vn 0.170784 -0.913545 0.369144 
vn 0.129872 -0.913545 0.385445 
vn 0.0874364 -0.913545 0.397227 
vn 0.043976 -0.913545 0.404352 
vn 0 -0.866025 0.5 
vn -0.0540595 -0.866025 0.497069 
vn -0.107485 -0.866025 0.48831 
vn -0.159651 -0.866025 0.473827 
vn -0.209945 -0.866025 0.453788 
vn -0.257777 -0.866025 0.428429 
vn -0.302587 -0.866025 0.398047 
vn -0.34385 -0.866025 0.362998 
vn -0.381081 -0.866025 0.323693 
vn -0.413844 -0.866025 0.280594 
vn -0.441756 -0.866025 0.234204 
vn -0.464488 -0.866025 0.185069 
vn -0.481775 -0.866025 0.133764 
vn -0.493413 -0.866025 0.080891 
vn -0.499267 -0.866025 0.0270695 
vn -0.499267 -0.866025 -0.0270695 
vn -0.493413 -0.866025 -0.080891 
vn -0.481775 -0.866025 -0.133764 
vn -0.464488 -0.866025 -0.185069 
vn -0.441756 -0.866025 -0.234204 
vn -0.413844 -0.866025 -0.280594 
vn -0.381081 -0.866025 -0.323693 
vn -0.34385 -0.866025 -0.362998 
vn -0.302587 -0.866025 -0.398047 
vn -0.257777 -0.866025 -0.428429 
vn -0.209945 -0.866025 -0.453788 
vn -0.159651 -0.866025 -0.473827 
vn -0.107485 -0.866025 -0.48831 
vn -0.0540595 -0.866025 -0.497069 
vn 1.04083e-16 -0.866025 -0.5 
vn 0.0540595 -0.866025 -0.497069 
vn 0.107485 -0.866025 -0.48831 
vn 0.159651 -0.866025 -0.473827 
vn 0.209945 -0.866025 -0.453788 
vn 0.257777 -0.866025 -0.428429 
vn 0.302587 -0.866025 -0.398047 
vn 0.34385 -0.866025 -0.362998 
vn 0.381081 -0.866025 -0.323693 
vn 0.413844 -0.866025 -0.280594 
vn 0.441756 -0.866025 -0.234204 
vn 0.464488 -0.866025 -0.185069 
vn 0.481775 -0.866025 -0.133764 
vn 0.493413 -0.866025 -0.080891 
vn 0.499267 -0.866025 -0.0270695 
vn 0.499267 -0.866025 0.0270695 
vn 0.493413 -0.866025 0.080891 
vn 0.481775 -0.866025 0.133764 
vn 0.464488 -0.866025 0.185069 
vn 0.441756 -0.866025 0.234204 
vn 0.413844 -0.866025 0.280594 
vn 0.381081 -0.866025 0.323693 
vn 0.34385 -0.866025 0.362998 
vn 0.302587 -0.866025 0.398047 
vn 0.257777 -0.866025 0.428429 
vn 0.209945 -0.866025 0.453788 
vn 0.159651 -0.866025 0.473827 
vn 0.107485 -0.866025 0.48831 
vn 0.0540595 -0.866025 0.497069 
vn 0 -0.809017 0.587785 
vn -0.0635508 -0.809017 0.58434 
vn -0.126356 -0.809017 0.574043 
vn -0.187681 -0.809017 0.557017 
vn -0.246805 -0.809017 0.533459 
vn -0.303035 -0.809017 0.503648 
vn -0.355712 -0.809017 0.467932 
vn -0.40422 -0.809017 0.426729 
vn -0.447988 -0.809017 0.380524 
vn -0.486503 -0.809017 0.329857 
vn -0.519315 -0.809017 0.275324 
vn -0.546039 -0.809017 0.217562 
vn -0.56636 -0.809017 0.157249 
vn -0.580042 -0.809017 0.0950931 
vn -0.586923 -0.809017 0.0318221 
vn -0.586923 -0.809017 -0.0318221 
vn -0.580042 -0.809017 -0.0950931 
vn -0.56636 -0.809017 -0.157249 
vn -0.546039 -0.809017 -0.217562 
vn -0.519315 -0.809017 -0.275324 
vn -0.486503 -0.809017 -0.329857 
vn -0.447988 -0.809017 -0.380524 
vn -0.40422 -0.809017 -0.426729 
vn -0.355712 -0.809017 -0.467932 
vn -0.303035 -0.809017 -0.503648 
vn -0.246805 -0.809017 -0.533459 
vn -0.187681 -0.809017 -0.557017 
vn -0.126356 -0.809017 -0.574043 
vn -0.0635508 -0.809017 -0.58434 
vn 1.22357e-16 -0.809017 -0.587785 
vn 0.0635508 -0.809017 -0.58434 
vn 0.126356 -0.809017 -0.574043 
vn 0.187681 -0.809017 -0.557017 
vn 0.246805 -0.809017 -0.533459 
vn 0.303035 -0.809017 -0.503648 
vn 0.355712 -0.809017 -0.467932 
vn 0.40422 -0.809017 -0.426729 
vn 0.447988 -0.809017 -0.380524 
vn 0.486503 -0.809017 -0.329857 
vn 0.519315 -0.809017 -0.275324 
vn 0.546039 -0.809017 -0.217562 
vn 0.56636 -0.809017 -0.157249 
vn 0.580042 -0.809017 -0.0950931 
vn 0.586923 -0.809017 -0.0318221 
vn 0.586923 -0.809017 0.0318221 
vn 0.580042 -0.809017 0.0950931 
vn 0.56636 -0.809017 0.157249 
vn 0.546039 -0.809017 0.217562 
vn 0.519315 -0.809017 0.275324 
vn 0.486503 -0.809017 0.329857 
vn 0.447988 -0.809017 0.380524 
vn 0.40422 -0.809017 0.426729 
vn 0.355712 -0.809017 0.467932 
vn 0.303035 -0.809017 0.503648 
vn 0.246805 -0.809017 0.533459 
vn 0.187681 -0.809017 0.557017 
vn 0.126356 -0.809017 0.574043 
vn 0.0635508 -0.809017 0.58434 
vn 0 -0.743145 0.669131 
vn -0.0723457 -0.743145 0.665208 
vn -0.143843 -0.743145 0.653487 
vn -0.213654 -0.743145 0.634104 
vn -0.280961 -0.743145 0.607286 
vn -0.344973 -0.743145 0.573349 
vn -0.404941 -0.743145 0.53269 
vn -0.460161 -0.743145 0.485786 
vn -0.509986 -0.743145 0.433186 
vn -0.553832 -0.743145 0.375507 
vn -0.591185 -0.743145 0.313426 
vn -0.621607 -0.743145 0.247671 
vn -0.644741 -0.743145 0.179011 
vn -0.660316 -0.743145 0.108253 
vn -0.668149 -0.743145 0.036226 
vn -0.668149 -0.743145 -0.036226 
vn -0.660316 -0.743145 -0.108253 
vn -0.644741 -0.743145 -0.179011 
vn -0.621607 -0.743145 -0.247671 
vn -0.591185 -0.743145 -0.313426 
vn -0.553832 -0.743145 -0.375507 
vn -0.509986 -0.743145 -0.433186 
vn -0.460161 -0.743145 -0.485786 
vn -0.404941 -0.743145 -0.53269 
vn -0.344973 -0.743145 -0.573349 
vn -0.280961 -0.743145 -0.607286 
vn -0.213654 -0.743145 -0.634104 
vn -0.143843 -0.743145 -0.653487 
vn -0.0723457 -0.743145 -0.665208 
vn 1.39291e-16 -0.743145 -0.669131 
vn 0.0723457 -0.743145 -0.665208 
vn 0.143843 -0.743145 -0.653487 
vn 0.213654 -0.743145 -0.634104 
vn 0.280961 -0.743145 -0.607286 
vn 0.344973 -0.743145 -0.573349 
vn 0.404941 -0.743145 -0.53269 
vn 0.460161 -0.743145 -0.485786 
vn 0.509986 -0.743145 -0.433186 
vn 0.553832 -0.743145 -0.375507 
vn 0.591185 -0.743145 -0.313426 
vn 0.621607 -0.743145 -0.247671 
vn 0.644741 -0.743145 -0.179011 
vn 0.660316 -0.743145 -0.108253 
vn 0.668149 -0.743145 -0.036226 
vn 0.668149 -0.743145 0.036226 
vn 0.660316 -0.743145 0.108253 
vn 0.644741 -0.743145 0.179011 
vn 0.621607 -0.743145 0.247671 
vn 0.591185 -0.743145 0.313426 
vn 0.553832 -0.743145 0.375507 
vn 0.509986 -0.743145 0.433186 
vn 0.460161 -0.743145 0.485786 
vn 0.404941 -0.743145 0.53269 
vn 0.344973 -0.743145 0.573349 
vn 0.280961 -0.743145 0.607286 
vn 0.213654 -0.743145 0.634104 
vn 0.143843 -0.743145 0.653487 
vn 0.0723457 -0.743145 0.665208 
vn 0 -0.669131 0.743145 
vn -0.0803481 -0.669131 0.738788 
vn -0.159754 -0.669131 0.725771 
vn -0.237287 -0.669131 0.704244 
vn -0.312038 -0.669131 0.67446 
vn -0.383131 -0.669131 0.636769 
vn -0.449732 -0.669131 0.591612 
vn -0.51106 -0.669131 0.53952 
vn -0.566397 -0.669131 0.481102 
vn -0.615093 -0.669131 0.417043 
vn -0.656577 -0.669131 0.348095 
vn -0.690364 -0.669131 0.275066 
vn -0.716057 -0.669131 0.198812 
vn -0.733355 -0.669131 0.120227 
vn -0.742055 -0.669131 0.040233 
vn -0.742055 -0.669131 -0.040233 
vn -0.733355 -0.669131 -0.120227 
vn -0.716057 -0.669131 -0.198812 
vn -0.690364 -0.669131 -0.275066 
vn -0.656577 -0.669131 -0.348095 
vn -0.615093 -0.669131 -0.417043 
vn -0.566397 -0.669131 -0.481102 
vn -0.51106 -0.669131 -0.53952 
vn -0.449732 -0.669131 -0.591612 
vn -0.383131 -0.669131 -0.636769 
vn -0.312038 -0.669131 -0.67446 
vn -0.237287 -0.669131 -0.704244 
vn -0.159754 -0.669131 -0.725771 
vn -0.0803481 -0.669131 -0.738788 
vn 1.54698e-16 -0.669131 -0.743145 
vn 0.0803481 -0.669131 -0.738788 
vn 0.159754 -0.669131 -0.725771 
vn 0.237287 -0.669131 -0.704244 
vn 0.312038 -0.669131 -0.67446 
vn 0.383131 -0.669131 -0.636769 
vn 0.449732 -0.669131 -0.591612 
vn 0.51106 -0.669131 -0.53952 
vn 0.566397 -0.669131 -0.481102 
vn 0.615093 -0.669131 -0.417043 
vn 0.656577 -0.669131 -0.348095 
vn 0.690364 -0.669131 -0.275066 
vn 0.716057 -0.669131 -0.198812 
vn 0.733355 -0.669131 -0.120227 
vn 0.742055 -0.669131 -0.040233 
vn 0.742055 -0.669131 0.040233 
vn 0.733355 -0.669131 0.120227 
vn 0.716057 -0.669131 0.198812 
vn 0.690364 -0.669131 0.275066 
vn 0.656577 -0.669131 0.348095 
vn 0.615093 -0.669131 0.417043 
vn 0.566397 -0.669131 0.481102 
vn 0.51106 -0.669131 0.53952 
vn 0.449732 -0.669131 0.591612 
vn 0.383131 -0.669131 0.636769 
vn 0.312038 -0.669131 0.67446 
vn 0.237287 -0.669131 0.704244 
vn 0.159754 -0.669131 0.725771 
vn 0.0803481 -0.669131 0.738788 
vn 0 -0.587785 0.809017 
vn -0.0874701 -0.587785 0.804275 
vn -0.173915 -0.587785 0.790103 
vn -0.25832 -0.587785 0.766668 
vn -0.339697 -0.587785 0.734244 
vn -0.417092 -0.587785 0.693212 
vn -0.489596 -0.587785 0.644053 
vn -0.556361 -0.587785 0.587343 
vn -0.616602 -0.587785 0.523747 
vn -0.669614 -0.587785 0.45401 
vn -0.714776 -0.587785 0.37895 
vn -0.751558 -0.587785 0.299448 
vn -0.779528 -0.587785 0.216435 
vn -0.798359 -0.587785 0.130884 
vn -0.807831 -0.587785 0.0437993 
vn -0.807831 -0.587785 -0.0437993 
vn -0.798359 -0.587785 -0.130884 
vn -0.779528 -0.587785 -0.216435 
vn -0.751558 -0.587785 -0.299448 
vn -0.714776 -0.587785 -0.37895 
vn -0.669614 -0.587785 -0.45401 
vn -0.616602 -0.587785 -0.523747 
vn -0.556361 -0.587785 -0.587343 
vn -0.489596 -0.587785 -0.644053 
vn -0.417092 -0.587785 -0.693212 
vn -0.339697 -0.587785 -0.734244 
vn -0.25832 -0.587785 -0.766668 
vn -0.173915 -0.587785 -0.790103 
vn -0.0874701 -0.587785 -0.804275 
vn 1.6841e-16 -0.587785 -0.809017 
vn 0.0874701 -0.587785 -0.804275 
vn 0.173915 -0.587785 -0.790103 
vn 0.25832 -0.587785 -0.766668 
vn 0.339697 -0.587785 -0.734244 
vn 0.417092 -0.587785 -0.693212 
vn 0.489596 -0.587785 -0.644053 
vn 0.556361 -0.587785 -0.587343 
vn 0.616602 -0.587785 -0.523747 
vn 0.669614 -0.587785 -0.45401 
vn 0.714776 -0.587785 -0.37895 
vn 0.751558 -0.587785 -0.299448 
vn 0.779528 -0.587785 -0.216435 
vn 0.798359 -0.587785 -0.130884 
vn 0.807831 -0.587785 -0.0437993 
vn 0.807831 -0.587785 0.0437993 
vn 0.798359 -0.587785 0.130884 
vn 0.779528 -0.587785 0.216435 
vn 0.751558 -0.587785 0.299448 
vn 0.714776 -0.587785 0.37895 
vn 0.669614 -0.587785 0.45401 
vn 0.616602 -0.587785 0.523747 
vn 0.556361 -0.587785 0.587343 
vn 0.489596 -0.587785 0.644053 
vn 0.417092 -0.587785 0.693212 
vn 0.339697 -0.587785 0.734244 
vn 0.25832 -0.587785 0.766668 
vn 0.173915 -0.587785 0.790103 
vn 0.0874701 -0.587785 0.804275 
vn 0 -0.5 0.866025 
vn -0.0936338 -0.5 0.860949 
vn -0.18617 -0.5 0.845778 
vn -0.276523 -0.5 0.820692 
vn -0.363635 -0.5 0.785983 
vn -0.446483 -0.5 0.74206 
vn -0.524096 -0.5 0.689437 
vn -0.595565 -0.5 0.628731 
vn -0.660052 -0.5 0.560653 
vn -0.7168 -0.5 0.486002 
vn -0.765144 -0.5 0.405654 
vn -0.804517 -0.5 0.320549 
vn -0.834459 -0.5 0.231686 
vn -0.854617 -0.5 0.140107 
vn -0.864755 -0.5 0.0468857 
vn -0.864755 -0.5 -0.0468857 
vn -0.854617 -0.5 -0.140107 
vn -0.834459 -0.5 -0.231686 
vn -0.804517 -0.5 -0.320549 
vn -0.765144 -0.5 -0.405654 
vn -0.7168 -0.5 -0.486002 
vn -0.660052 -0.5 -0.560653 
vn -0.595565 -0.5 -0.628731 
vn -0.524096 -0.5 -0.689437 
vn -0.446483 -0.5 -0.74206 
vn -0.363635 -0.5 -0.785983 
vn -0.276523 -0.5 -0.820692 
vn -0.18617 -0.5 -0.845778 
vn -0.0936338 -0.5 -0.860949 
vn 1.80278e-16 -0.5 -0.866025 
vn 0.0936338 -0.5 -0.860949 
vn 0.18617 -0.5 -0.845778 
vn 0.276523 -0.5 -0.820692 
vn 0.363635 -0.5 -0.785983 
vn 0.446483 -0.5 -0.74206 
vn 0.524096 -0.5 -0.689437 
vn 0.595565 -0.5 -0.628731 
vn 0.660052 -0.5 -0.560653 
vn 0.7168 -0.5 -0.486002 
vn 0.765144 -0.5 -0.405654 
vn 0.804517 -0.5 -0.320549 
vn 0.834459 -0.5 -0.231686 
vn 0.854617 -0.5 -0.140107 
vn 0.864755 -0.5 -0.0468857 
vn 0.864755 -0.5 0.0468857 
vn 0.854617 -0.5 0.140107 
vn 0.834459 -0.5 0.231686 
vn 0.804517 -0.5 0.320549 
vn 0.765144 -0.5 0.405654 
vn 0.7168 -0.5 0.486002 
vn 0.660052 -0.5 0.560653 
vn 0.595565 -0.5 0.628731 
vn 0.524096 -0.5 0.689437 
vn 0.446483 -0.5 0.74206 
vn 0.363635 -0.5 0.785983 
vn 0.276523 -0.5 0.820692 
vn 0.18617 -0.5 0.845778 
vn 0.0936338 -0.5 0.860949 
vn 0 -0.406737 0.913545 
vn -0.0987716 -0.406737 0.90819 
vn -0.196385 -0.406737 0.892187 
vn -0.291696 -0.406737 0.865724 
vn -0.383588 -0.406737 0.829111 
vn -0.470982 -0.406737 0.782778 
vn -0.552854 -0.406737 0.727267 
vn -0.628245 -0.406737 0.66323 
vn -0.69627 -0.406737 0.591417 
vn -0.756132 -0.406737 0.51267 
vn -0.807128 -0.406737 0.427912 
vn -0.848662 -0.406737 0.338138 
vn -0.880247 -0.406737 0.244399 
vn -0.901511 -0.406737 0.147795 
vn -0.912206 -0.406737 0.0494584 
vn -0.912206 -0.406737 -0.0494584 
vn -0.901511 -0.406737 -0.147795 
vn -0.880247 -0.406737 -0.244399 
vn -0.848662 -0.406737 -0.338138 
vn -0.807128 -0.406737 -0.427912 
vn -0.756132 -0.406737 -0.51267 
vn -0.69627 -0.406737 -0.591417 
vn -0.628245 -0.406737 -0.66323 
vn -0.552854 -0.406737 -0.727267 
vn -0.470982 -0.406737 -0.782778 
vn -0.383588 -0.406737 -0.829111 
vn -0.291696 -0.406737 -0.865724 
vn -0.196385 -0.406737 -0.892187 
vn -0.0987716 -0.406737 -0.90819 
vn 1.9017e-16 -0.406737 -0.913545 
vn 0.0987716 -0.406737 -0.90819 
vn 0.196385 -0.406737 -0.892187 
vn 0.291696 -0.406737 -0.865724 
vn 0.383588 -0.406737 -0.829111 
vn 0.470982 -0.406737 -0.782778 
vn 0.552854 -0.406737 -0.727267 
vn 0.628245 -0.406737 -0.66323 
vn 0.69627 -0.406737 -0.591417 
vn 0.756132 -0.406737 -0.51267 
vn 0.807128 -0.406737 -0.427912 
vn 0.848662 -0.406737 -0.338138 
vn 0.880247 -0.406737 -0.244399 
vn 0.901511 -0.406737 -0.147795 
vn 0.912206 -0.406737 -0.0494584 
vn 0.912206 -0.406737 0.0494584 
vn 0.901511 -0.406737 0.147795 
vn 0.880247 -0.406737 0.244399 
vn 0.848662 -0.406737 0.338138 
vn 0.807128 -0.406737 0.427912 
vn 0.756132 -0.406737 0.51267 
vn 0.69627 -0.406737 0.591417 
vn 0.628245 -0.406737 0.66323 
vn 0.552854 -0.406737 0.727267 
vn 0.470982 -0.406737 0.782778 
vn 0.383588 -0.406737 0.829111 
vn 0.291696 -0.406737 0.865724 
vn 0.196385 -0.406737 0.892187 
vn 0.0987716 -0.406737 0.90819 
vn 0 -0.309017 0.951057 
vn -0.102827 -0.309017 0.945481 
vn -0.204449 -0.309017 0.928821 
vn -0.303674 -0.309017 0.901272 
vn -0.399338 -0.309017 0.863156 
vn -0.490321 -0.309017 0.81492 
vn -0.575555 -0.309017 0.757129 
vn -0.654041 -0.309017 0.690463 
vn -0.724859 -0.309017 0.615701 
vn -0.787179 -0.309017 0.533721 
vn -0.84027 -0.309017 0.445483 
vn -0.883509 -0.309017 0.352022 
vn -0.91639 -0.309017 0.254435 
vn -0.938528 -0.309017 0.153864 
vn -0.949662 -0.309017 0.0514892 
vn -0.949662 -0.309017 -0.0514892 
vn -0.938528 -0.309017 -0.153864 
vn -0.91639 -0.309017 -0.254435 
vn -0.883509 -0.309017 -0.352022 
vn -0.84027 -0.309017 -0.445483 
vn -0.787179 -0.309017 -0.533721 
vn -0.724859 -0.309017 -0.615701 
vn -0.654041 -0.309017 -0.690463 
vn -0.575555 -0.309017 -0.757129 
vn -0.490321 -0.309017 -0.81492 
vn -0.399338 -0.309017 -0.863156 
vn -0.303674 -0.309017 -0.901272 
vn -0.204449 -0.309017 -0.928821 
vn -0.102827 -0.309017 -0.945481 
vn 1.97978e-16 -0.309017 -0.951057 
vn 0.102827 -0.309017 -0.945481 
vn 0.204449 -0.309017 -0.928821 
vn 0.303674 -0.309017 -0.901272 
vn 0.399338 -0.309017 -0.863156 
vn 0.490321 -0.309017 -0.81492 
vn 0.575555 -0.309017 -0.757129 
vn 0.654041 -0.309017 -0.690463 
vn 0.724859 -0.309017 -0.615701 
vn 0.787179 -0.309017 -0.533721 
vn 0.84027 -0.309017 -0.445483 
vn 0.883509 -0.309017 -0.352022 
vn 0.91639 -0.309017 -0.254435 
vn 0.938528 -0.309017 -0.153864 
vn 0.949662 -0.309017 -0.0514892 
vn 0.949662 -0.309017 0.0514892 
vn 0.938528 -0.309017 0.153864 
vn 0.91639 -0.309017 0.254435 
vn 0.883509 -0.309017 0.352022 
vn 0.84027 -0.309017 0.445483 
vn 0.787179 -0.309017 0.533721 
vn 0.724859 -0.309017 0.615701 
vn 0.654041 -0.309017 0.690463 
vn 0.575555 -0.309017 0.757129 
vn 0.490321 -0.309017 0.81492 
vn 0.399338 -0.309017 0.863156 
vn 0.303674 -0.309017 0.901272 
vn 0.204449 -0.309017 0.928821 
vn 0.102827 -0.309017 0.945481 
vn 0 -0.207912 0.978148 
vn -0.105756 -0.207912 0.972414 
vn -0.210273 -0.207912 0.955279 
vn -0.312324 -0.207912 0.926945 
vn -0.410714 -0.207912 0.887743 
vn -0.504288 -0.207912 0.838133 
vn -0.59195 -0.207912 0.778697 
vn -0.672672 -0.207912 0.710131 
vn -0.745507 -0.207912 0.633239 
vn -0.809602 -0.207912 0.548924 
vn -0.864205 -0.207912 0.458173 
vn -0.908676 -0.207912 0.36205 
vn -0.942494 -0.207912 0.261682 
vn -0.965262 -0.207912 0.158247 
vn -0.976713 -0.207912 0.0529558 
vn -0.976713 -0.207912 -0.0529558 
vn -0.965262 -0.207912 -0.158247 
vn -0.942494 -0.207912 -0.261682 
vn -0.908676 -0.207912 -0.36205 
vn -0.864205 -0.207912 -0.458173 
vn -0.809602 -0.207912 -0.548924 
vn -0.745507 -0.207912 -0.633239 
vn -0.672672 -0.207912 -0.710131 
vn -0.59195 -0.207912 -0.778697 
vn -0.504288 -0.207912 -0.838133 
vn -0.410714 -0.207912 -0.887743 
vn -0.312324 -0.207912 -0.926945 
vn -0.210273 -0.207912 -0.955279 
vn -0.105756 -0.207912 -0.972414 
vn 2.03618e-16 -0.207912 -0.978148 
vn 0.105756 -0.207912 -0.972414 
vn 0.210273 -0.207912 -0.955279 
vn 0.312324 -0.207912 -0.926945 
vn 0.410714 -0.207912 -0.887743 
vn 0.504288 -0.207912 -0.838133 
vn 0.59195 -0.207912 -0.778697 
vn 0.672672 -0.207912 -0.710131 
vn 0.745507 -0.207912 -0.633239 
vn 0.809602 -0.207912 -0.548924 
vn 0.864205 -0.207912 -0.458173 
vn 0.908676 -0.207912 -0.36205 
vn 0.942494 -0.207912 -0.261682 
vn 0.965262 -0.207912 -0.158247 
vn 0.976713 -0.207912 -0.0529558 
vn 0.976713 -0.207912 0.0529558 
vn 0.965262 -0.207912 0.158247 
vn 0.942494 -0.207912 0.261682 
vn 0.908676 -0.207912 0.36205 
vn 0.864205 -0.207912 0.458173 
vn 0.809602 -0.207912 0.548924 
vn 0.745507 -0.207912 0.633239 
vn 0.672672 -0.207912 0.710131 
vn 0.59195 -0.207912 0.778697 
vn 0.504288 -0.207912 0.838133 
vn 0.410714 -0.207912 0.887743 
vn 0.312324 -0.207912 0.926945 
vn 0.210273 -0.207912 0.955279 
vn 0.105756 -0.207912 0.972414 
vn 0 -0.104528 0.994522 
vn -0.107527 -0.104528 0.988692 
vn -0.213793 -0.104528 0.971271 
vn -0.317552 -0.104528 0.942462 
vn -0.417589 -0.104528 0.902604 
vn -0.51273 -0.104528 0.852163 
vn -0.601859 -0.104528 0.791732 
vn -0.683932 -0.104528 0.722018 
vn -0.757987 -0.104528 0.64384 
vn -0.823155 -0.104528 0.558113 
vn -0.878672 -0.104528 0.465842 
vn -0.923888 -0.104528 0.36811 
vn -0.958272 -0.104528 0.266063 
vn -0.981421 -0.104528 0.160896 
vn -0.993063 -0.104528 0.0538423 
vn -0.993063 -0.104528 -0.0538423 
vn -0.981421 -0.104528 -0.160896 
vn -0.958272 -0.104528 -0.266063 
vn -0.923888 -0.104528 -0.36811 
vn -0.878672 -0.104528 -0.465842 
vn -0.823155 -0.104528 -0.558113 
vn -0.757987 -0.104528 -0.64384 
vn -0.683932 -0.104528 -0.722018 
vn -0.601859 -0.104528 -0.791732 
vn -0.51273 -0.104528 -0.852163 
vn -0.417589 -0.104528 -0.902604 
vn -0.317552 -0.104528 -0.942462 
vn -0.213793 -0.104528 -0.971271 
vn -0.107527 -0.104528 -0.988692 
vn 2.07026e-16 -0.104528 -0.994522 
vn 0.107527 -0.104528 -0.988692 
vn 0.213793 -0.104528 -0.971271 
vn 0.317552 -0.104528 -0.942462 
vn 0.417589 -0.104528 -0.902604 
vn 0.51273 -0.104528 -0.852163 
vn 0.601859 -0.104528 -0.791732 
vn 0.683932 -0.104528 -0.722018 
vn 0.757987 -0.104528 -0.64384 
vn 0.823155 -0.104528 -0.558113 
vn 0.878672 -0.104528 -0.465842 
vn 0.923888 -0.104528 -0.36811 
vn 0.958272 -0.104528 -0.266063 
vn 0.981421 -0.104528 -0.160896 
vn 0.993063 -0.104528 -0.0538423 
vn 0.993063 -0.104528 0.0538423 
vn 0.981421 -0.104528 0.160896 
vn 0.958272 -0.104528 0.266063 
vn 0.923888 -0.104528 0.36811 
vn 0.878672 -0.104528 0.465842 
vn 0.823155 -0.104528 0.558113 
vn 0.757987 -0.104528 0.64384 
vn 0.683932 -0.104528 0.722018 
vn 0.601859 -0.104528 0.791732 
vn 0.51273 -0.104528 0.852163 
vn 0.417589 -0.104528 0.902604 
vn 0.317552 -0.104528 0.942462 
vn 0.213793 -0.104528 0.971271 
vn 0.107527 -0.104528 0.988692 
vn 0 -1.22465e-16 1 
vn -0.108119 -1.22465e-16 0.994138 
vn -0.21497 -1.22465e-16 0.976621 
vn -0.319302 -1.22465e-16 0.947653 
vn -0.419889 -1.22465e-16 0.907575 
vn -0.515554 -1.22465e-16 0.856857 
vn -0.605174 -1.22465e-16 0.796093 
vn -0.687699 -1.22465e-16 0.725995 
vn -0.762162 -1.22465e-16 0.647386 
vn -0.827689 -1.22465e-16 0.561187 
vn -0.883512 -1.22465e-16 0.468408 
vn -0.928977 -1.22465e-16 0.370138 
vn -0.96355 -1.22465e-16 0.267528 
vn -0.986827 -1.22465e-16 0.161782 
vn -0.998533 -1.22465e-16 0.0541389 
vn -0.998533 -1.22465e-16 -0.0541389 
vn -0.986827 -1.22465e-16 -0.161782 
vn -0.96355 -1.22465e-16 -0.267528 
vn -0.928977 -1.22465e-16 -0.370138 
vn -0.883512 -1.22465e-16 -0.468408 
vn -0.827689 -1.22465e-16 -0.561187 
vn -0.762162 -1.22465e-16 -0.647386 
vn -0.687699 -1.22465e-16 -0.725995 
vn -0.605174 -1.22465e-16 -0.796093 
vn -0.515554 -1.22465e-16 -0.856857 
vn -0.419889 -1.22465e-16 -0.907575 
vn -0.319302 -1.22465e-16 -0.947653 
vn -0.21497 -1.22465e-16 -0.976621 
vn -0.108119 -1.22465e-16 -0.994138 
vn 2.08167e-16 -1.22465e-16 -1 
vn 0.108119 -1.22465e-16 -0.994138 
vn 0.21497 -1.22465e-16 -0.976621 
vn 0.319302 -1.22465e-16 -0.947653 
vn 0.419889 -1.22465e-16 -0.907575 
vn 0.515554 -1.22465e-16 -0.856857 
vn 0.605174 -1.22465e-16 -0.796093 
vn 0.687699 -1.22465e-16 -0.725995 
vn 0.762162 -1.22465e-16 -0.647386 
vn 0.827689 -1.22465e-16 -0.561187 
vn 0.883512 -1.22465e-16 -0.468408 
vn 0.928977 -1.22465e-16 -0.370138 
vn 0.96355 -1.22465e-16 -0.267528 
vn 0.986827 -1.22465e-16 -0.161782 
vn 0.998533 -1.22465e-16 -0.0541389 
vn 0.998533 -1.22465e-16 0.0541389 
vn 0.986827 -1.22465e-16 0.161782 
vn 0.96355 -1.22465e-16 0.267528 
vn 0.928977 -1.22465e-16 0.370138 
vn 0.883512 -1.22465e-16 0.468408 
vn 0.827689 -1.22465e-16 0.561187 
vn 0.762162 -1.22465e-16 0.647386 
vn 0.687699 -1.22465e-16 0.725995 
vn 0.605174 -1.22465e-16 0.796093 
vn 0.515554 -1.22465e-16 0.856857 
vn 0.419889 -1.22465e-16 0.907575 
vn 0.319302 -1.22465e-16 0.947653 
vn 0.21497 -1.22465e-16 0.976621 
vn 0.108119 -1.22465e-16 0.994138 
vn 0 -1 0 
vn 0 -0.104528 -0.994522 
vn 0 0 -1 
vn 0.108119 0 -0.994138 
vn 0.107527 -0.104528 -0.988692 
vn 0.21497 0 -0.976621 
vn 0.213793 -0.104528 -0.971271 
vn 0.319302 0 -0.947653 
vn 0.317552 -0.104528 -0.942462 
vn 0.419889 0 -0.907575 
vn 0.417589 -0.104528 -0.902604 
vn 0.515554 0 -0.856857 
vn 0.51273 -0.104528 -0.852163 
vn 0.605174 0 -0.796093 
vn 0.601859 -0.104528 -0.791732 
vn 0.687699 0 -0.725995 
vn 0.757987 -0.104528 -0.64384 
vn 0.683932 -0.104528 -0.722018 
vn 0.711864 0 -0.702317 
vn 0.823155 -0.104528 -0.558113 
vn 0.7833 0 -0.621644 
vn 0.762162 0 -0.647386 
vn 0.878672 -0.104528 -0.465842 
vn 0.845654 0 -0.533731 
vn 0.827689 0 -0.561187 
vn 0.923888 -0.104528 -0.36811 
vn 0.898185 0 -0.439618 
vn 0.883512 0 -0.468408 
vn 0.958272 -0.104528 -0.266063 
vn 0.940281 0 -0.340398 
vn 0.928977 0 -0.370138 
vn 0.981421 -0.104528 -0.160896 
vn 0.971455 0 -0.237224 
vn 0.96355 0 -0.267528 
vn 0.993063 -0.104528 -0.0538423 
vn 0.991344 0 -0.131294 
vn 0.986827 0 -0.161782 
vn 0.993063 -0.104528 0.0538423 
vn 0.999716 0 -0.0238384 
vn 0.998533 0 -0.0541389 
vn 0.981421 -0.104528 0.160896 
vn 0.996475 0 0.0838938 
vn 0.998533 0 0.0541389 
vn 0.958272 -0.104528 0.266063 
vn 0.981658 0 0.190652 
vn 0.986827 0 0.161782 
vn 0.923888 -0.104528 0.36811 
vn 0.955437 0 0.295194 
vn 0.96355 0 0.267528 
vn 0.878672 -0.104528 0.465842 
vn 0.918118 0 0.396308 
vn 0.928977 0 0.370138 
vn 0.823155 -0.104528 0.558113 
vn 0.870132 0 0.492818 
vn 0.883512 0 0.468408 
vn 0.757987 -0.104528 0.64384 
vn 0.812039 0 0.583603 
vn 0.827689 0 0.561187 
vn 0.683932 -0.104528 0.722018 
vn 0.744512 0 0.667609 
vn 0.762162 0 0.647386 
vn 0.601859 -0.104528 0.791732 
vn 0.668337 0 0.743859 
vn 0.687699 0 0.725995 
vn 0.51273 -0.104528 0.852163 
vn 0.584397 0 0.811468 
vn 0.605174 0 0.796093 
vn 0.417589 -0.104528 0.902604 
vn 0.493669 0 0.86965 
vn 0.515554 0 0.856857 
vn 0.317552 -0.104528 0.942462 
vn 0.397206 0 0.917729 
vn 0.419889 0 0.907575 
vn 0.213793 -0.104528 0.971271 
vn 0.296129 0 0.955148 
vn 0.319302 0 0.947653 
vn 0.107527 -0.104528 0.988692 
vn 0.191611 0 0.981471 
vn 0.21497 0 0.976621 
vn -2.07026e-16 -0.104528 0.994522 
vn 0.084868 0 0.996392 
vn 0.108119 0 0.994138 
vn -0.107527 -0.104528 0.988692 
vn -0.0228613 0 0.999739 
vn -2.08167e-16 0 1 
vn -0.213793 -0.104528 0.971271 
vn -0.130325 0 0.991471 
vn -0.108119 0 0.994138 
vn -0.317552 -0.104528 0.942462 
vn -0.236275 0 0.971686 
vn -0.21497 0 0.976621 
vn -0.417589 -0.104528 0.902604 
vn -0.33948 0 0.940613 
vn -0.319302 0 0.947653 
vn -0.51273 -0.104528 0.852163 
vn -0.438741 0 0.898613 
vn -0.419889 0 0.907575 
vn -0.601859 -0.104528 0.791732 
vn -0.532906 0 0.846174 
vn -0.515554 0 0.856857 
vn -0.683932 -0.104528 0.722018 
vn -0.62088 0 0.783906 
vn -0.605174 0 0.796093 
vn -0.757987 -0.104528 0.64384 
vn -0.701641 0 0.71253 
vn -0.687699 0 0.725995 
vn -0.823155 -0.104528 0.558113 
vn -0.774252 0 0.632878 
vn -0.762162 0 0.647386 
vn -0.878672 -0.104528 0.465842 
vn -0.837868 0 0.545873 
vn -0.827689 0 0.561187 
vn -0.923888 -0.104528 0.36811 
vn -0.891751 0 0.452527 
vn -0.883512 0 0.468408 
vn -0.958272 -0.104528 0.266063 
vn -0.935274 0 0.353924 
vn -0.928977 0 0.370138 
vn -0.981421 -0.104528 0.160896 
vn -0.967933 0 0.251209 
vn -0.96355 0 0.267528 
vn -0.993063 -0.104528 0.0538423 
vn -0.989347 0 0.145576 
vn -0.986827 0 0.161782 
vn -0.993063 -0.104528 -0.0538423 
vn -0.999268 0 0.0382521 
vn -0.998533 0 0.0541389 
vn -0.981421 -0.104528 -0.160896 
vn -0.997581 0 -0.0695163 
vn -0.998533 0 -0.0541389 
vn -0.958272 -0.104528 -0.266063 
vn -0.984305 0 -0.176477 
vn -0.986827 0 -0.161782 
vn -0.923888 -0.104528 -0.36811 
vn -0.959594 0 -0.281388 
vn -0.96355 0 -0.267528 
vn -0.878672 -0.104528 -0.465842 
vn -0.923736 0 -0.38303 
vn -0.928977 0 -0.370138 
vn -0.823155 -0.104528 -0.558113 
vn -0.877147 0 -0.480222 
vn -0.883512 0 -0.468408 
vn -0.757987 -0.104528 -0.64384 
vn -0.820368 0 -0.571836 
vn -0.827689 0 -0.561187 
vn -0.683932 -0.104528 -0.722018 
vn -0.754059 0 -0.656807 
vn -0.762162 0 -0.647386 
vn -0.601859 -0.104528 -0.791732 
vn -0.678972 0 -0.734164 
vn -0.687699 0 -0.725995 
vn -0.605174 0 -0.796093 
vn -0.515554 0 -0.856857 
vn -0.51273 -0.104528 -0.852163 
vn -0.419889 0 -0.907575 
vn -0.417589 -0.104528 -0.902604 
vn -0.319302 0 -0.947653 
vn -0.317552 -0.104528 -0.942462 
vn -0.21497 0 -0.976621 
vn -0.213793 -0.104528 -0.971271 
vn -0.108119 0 -0.994138 
vn -0.107527 -0.104528 -0.988692 
vn 0 -0.207912 -0.978148 
vn 0.105756 -0.207912 -0.972414 
vn 0.210273 -0.207912 -0.955279 
vn 0.312324 -0.207912 -0.926945 
vn 0.410714 -0.207912 -0.887743 
vn 0.504288 -0.207912 -0.838133 
vn 0.59195 -0.207912 -0.778697 
vn 0.672672 -0.207912 -0.710131 
vn 0.745507 -0.207912 -0.633239 
vn 0.809602 -0.207912 -0.548924 
vn 0.864205 -0.207912 -0.458173 
vn 0.908676 -0.207912 -0.36205 
vn 0.942494 -0.207912 -0.261682 
vn 0.965262 -0.207912 -0.158247 
vn 0.976713 -0.207912 -0.0529558 
vn 0.976713 -0.207912 0.0529558 
vn 0.965262 -0.207912 0.158247 
vn 0.942494 -0.207912 0.261682 
vn 0.908676 -0.207912 0.36205 
vn 0.864205 -0.207912 0.458173 
vn 0.809602 -0.207912 0.548924 
vn 0.745507 -0.207912 0.633239 
vn 0.672672 -0.207912 0.710131 
vn 0.59195 -0.207912 0.778697 
vn 0.504288 -0.207912 0.838133 
vn 0.410714 -0.207912 0.887743 
vn 0.312324 -0.207912 0.926945 
vn 0.210273 -0.207912 0.955279 
vn 0.105756 -0.207912 0.972414 
vn -2.03618e-16 -0.207912 0.978148 
vn -0.105756 -0.207912 0.972414 
vn -0.210273 -0.207912 0.955279 
vn -0.312324 -0.207912 0.926945 
vn -0.410714 -0.207912 0.887743 
vn -0.504288 -0.207912 0.838133 
vn -0.59195 -0.207912 0.778697 
vn -0.672672 -0.207912 0.710131 
vn -0.745507 -0.207912 0.633239 
vn -0.809602 -0.207912 0.548924 
vn -0.864205 -0.207912 0.458173 
vn -0.908676 -0.207912 0.36205 
vn -0.942494 -0.207912 0.261682 
vn -0.965262 -0.207912 0.158247 
vn -0.976713 -0.207912 0.0529558 
vn -0.976713 -0.207912 -0.0529558 
vn -0.965262 -0.207912 -0.158247 
vn -0.942494 -0.207912 -0.261682 
vn -0.908676 -0.207912 -0.36205 
vn -0.864205 -0.207912 -0.458173 
vn -0.809602 -0.207912 -0.548924 
vn -0.745507 -0.207912 -0.633239 
vn -0.672672 -0.207912 -0.710131 
vn -0.59195 -0.207912 -0.778697 
vn -0.504288 -0.207912 -0.838133 
vn -0.410714 -0.207912 -0.887743 
vn -0.312324 -0.207912 -0.926945 
vn -0.210273 -0.207912 -0.955279 
vn -0.105756 -0.207912 -0.972414 
vn 0 -0.309017 -0.951057 
vn 0.102827 -0.309017 -0.945481 
vn 0.204449 -0.309017 -0.928821 
vn 0.303674 -0.309017 -0.901272 
vn 0.399338 -0.309017 -0.863156 
vn 0.490321 -0.309017 -0.81492 
vn 0.575555 -0.309017 -0.757129 
vn 0.654041 -0.309017 -0.690463 
vn 0.724859 -0.309017 -0.615701 
vn 0.787179 -0.309017 -0.533721 
vn 0.84027 -0.309017 -0.445483 
vn 0.883509 -0.309017 -0.352022 
vn 0.91639 -0.309017 -0.254435 
vn 0.938528 -0.309017 -0.153864 
vn 0.949662 -0.309017 -0.0514892 
vn 0.949662 -0.309017 0.0514892 
vn 0.938528 -0.309017 0.153864 
vn 0.91639 -0.309017 0.254435 
vn 0.883509 -0.309017 0.352022 
vn 0.84027 -0.309017 0.445483 
vn 0.787179 -0.309017 0.533721 
vn 0.724859 -0.309017 0.615701 
vn 0.654041 -0.309017 0.690463 
vn 0.575555 -0.309017 0.757129 
vn 0.490321 -0.309017 0.81492 
vn 0.399338 -0.309017 0.863156 
vn 0.303674 -0.309017 0.901272 
vn 0.204449 -0.309017 0.928821 
vn 0.102827 -0.309017 0.945481 
vn -1.97978e-16 -0.309017 0.951057 
vn -0.102827 -0.309017 0.945481 
vn -0.204449 -0.309017 0.928821 
vn -0.303674 -0.309017 0.901272 
vn -0.399338 -0.309017 0.863156 
vn -0.490321 -0.309017 0.81492 
vn -0.575555 -0.309017 0.757129 
vn -0.654041 -0.309017 0.690463 
vn -0.724859 -0.309017 0.615701 
vn -0.787179 -0.309017 0.533721 
vn -0.84027 -0.309017 0.445483 
vn -0.883509 -0.309017 0.352022 
vn -0.91639 -0.309017 0.254435 
vn -0.938528 -0.309017 0.153864 
vn -0.949662 -0.309017 0.0514892 
vn -0.949662 -0.309017 -0.0514892 
vn -0.938528 -0.309017 -0.153864 
vn -0.91639 -0.309017 -0.254435 
vn -0.883509 -0.309017 -0.352022 
vn -0.84027 -0.309017 -0.445483 
vn -0.787179 -0.309017 -0.533721 
vn -0.724859 -0.309017 -0.615701 
vn -0.654041 -0.309017 -0.690463 
vn -0.575555 -0.309017 -0.757129 
vn -0.490321 -0.309017 -0.81492 
vn -0.399338 -0.309017 -0.863156 
vn -0.303674 -0.309017 -0.901272 
vn -0.204449 -0.309017 -0.928821 
vn -0.102827 -0.309017 -0.945481 
vn 0 -0.406737 -0.913545 
vn 0.0987716 -0.406737 -0.90819 
vn 0.196385 -0.406737 -0.892187 
vn 0.291696 -0.406737 -0.865724 
vn 0.383588 -0.406737 -0.829111 
vn 0.470982 -0.406737 -0.782778 
vn 0.552854 -0.406737 -0.727267 
vn 0.628245 -0.406737 -0.66323 
vn 0.69627 -0.406737 -0.591417 
vn 0.756132 -0.406737 -0.51267 
vn 0.807128 -0.406737 -0.427912 
vn 0.848662 -0.406737 -0.338138 
vn 0.880247 -0.406737 -0.244399 
vn 0.901511 -0.406737 -0.147795 
vn 0.912206 -0.406737 -0.0494584 
vn 0.912206 -0.406737 0.0494584 
vn 0.901511 -0.406737 0.147795 
vn 0.880247 -0.406737 0.244399 
vn 0.848662 -0.406737 0.338138 
vn 0.807128 -0.406737 0.427912 
vn 0.756132 -0.406737 0.51267 
vn 0.69627 -0.406737 0.591417 
vn 0.628245 -0.406737 0.66323 
vn 0.552854 -0.406737 0.727267 
vn 0.470982 -0.406737 0.782778 
vn 0.383588 -0.406737 0.829111 
vn 0.291696 -0.406737 0.865724 
vn 0.196385 -0.406737 0.892187 
vn 0.0987716 -0.406737 0.90819 
vn -1.9017e-16 -0.406737 0.913545 
vn -0.0987716 -0.406737 0.90819 
vn -0.196385 -0.406737 0.892187 
vn -0.291696 -0.406737 0.865724 
vn -0.383588 -0.406737 0.829111 
vn -0.470982 -0.406737 0.782778 
vn -0.552854 -0.406737 0.727267 
vn -0.628245 -0.406737 0.66323 
vn -0.69627 -0.406737 0.591417 
vn -0.756132 -0.406737 0.51267 
vn -0.807128 -0.406737 0.427912 
vn -0.848662 -0.406737 0.338138 
vn -0.880247 -0.406737 0.244399 
vn -0.901511 -0.406737 0.147795 
vn -0.912206 -0.406737 0.0494584 
vn -0.912206 -0.406737 -0.0494584 
vn -0.901511 -0.406737 -0.147795 
vn -0.880247 -0.406737 -0.244399 
vn -0.848662 -0.406737 -0.338138 
vn -0.807128 -0.406737 -0.427912 
vn -0.756132 -0.406737 -0.51267 
vn -0.69627 -0.406737 -0.591417 
vn -0.628245 -0.406737 -0.66323 
vn -0.552854 -0.406737 -0.727267 
vn -0.470982 -0.406737 -0.782778 
vn -0.383588 -0.406737 -0.829111 
vn -0.291696 -0.406737 -0.865724 
vn -0.196385 -0.406737 -0.892187 
vn -0.0987716 -0.406737 -0.90819 
vn 0 -0.5 -0.866025 
vn 0.0936338 -0.5 -0.860949 
vn 0.18617 -0.5 -0.845778 
vn 0.276523 -0.5 -0.820692 
vn 0.363635 -0.5 -0.785983 
vn 0.446483 -0.5 -0.74206 
vn 0.524096 -0.5 -0.689437 
vn 0.595565 -0.5 -0.628731 
vn 0.660052 -0.5 -0.560653 
vn 0.7168 -0.5 -0.486002 
vn 0.765144 -0.5 -0.405654 
vn 0.804517 -0.5 -0.320549 
vn 0.834459 -0.5 -0.231686 
vn 0.854617 -0.5 -0.140107 
vn 0.864755 -0.5 -0.0468857 
vn 0.864755 -0.5 0.0468857 
vn 0.854617 -0.5 0.140107 
vn 0.834459 -0.5 0.231686 
vn 0.804517 -0.5 0.320549 
vn 0.765144 -0.5 0.405654 
vn 0.7168 -0.5 0.486002 
vn 0.660052 -0.5 0.560653 
vn 0.595565 -0.5 0.628731 
vn 0.524096 -0.5 0.689437 
vn 0.446483 -0.5 0.74206 
vn 0.363635 -0.5 0.785983 
vn 0.276523 -0.5 0.820692 
vn 0.18617 -0.5 0.845778 
vn 0.0936338 -0.5 0.860949 
vn -1.80278e-16 -0.5 0.866025 
vn -0.0936338 -0.5 0.860949 
vn -0.18617 -0.5 0.845778 
vn -0.276523 -0.5 0.820692 
vn -0.363635 -0.5 0.785983 
vn -0.446483 -0.5 0.74206 
vn -0.524096 -0.5 0.689437 
vn -0.595565 -0.5 0.628731 
vn -0.660052 -0.5 0.560653 
vn -0.7168 -0.5 0.486002 
vn -0.765144 -0.5 0.405654 
vn -0.804517 -0.5 0.320549 
vn -0.834459 -0.5 0.231686 
vn -0.854617 -0.5 0.140107 
vn -0.864755 -0.5 0.0468857 
vn -0.864755 -0.5 -0.0468857 
vn -0.854617 -0.5 -0.140107 
vn -0.834459 -0.5 -0.231686 
vn -0.804517 -0.5 -0.320549 
vn -0.765144 -0.5 -0.405654 
vn -0.7168 -0.5 -0.486002 
vn -0.660052 -0.5 -0.560653 
vn -0.595565 -0.5 -0.628731 
vn -0.524096 -0.5 -0.689437 
vn -0.446483 -0.5 -0.74206 
vn -0.363635 -0.5 -0.785983 
vn -0.276523 -0.5 -0.820692 
vn -0.18617 -0.5 -0.845778 
vn -0.0936338 -0.5 -0.860949 
vn 0 -0.587785 -0.809017 
vn 0.0874701 -0.587785 -0.804275 
vn 0.173915 -0.587785 -0.790103 
vn 0.25832 -0.587785 -0.766668 
vn 0.339697 -0.587785 -0.734244 
vn 0.417092 -0.587785 -0.693212 
vn 0.489596 -0.587785 -0.644053 
vn 0.556361 -0.587785 -0.587343 
vn 0.616602 -0.587785 -0.523747 
vn 0.669614 -0.587785 -0.45401 
vn 0.714776 -0.587785 -0.37895 
vn 0.751558 -0.587785 -0.299448 
vn 0.779528 -0.587785 -0.216435 
vn 0.798359 -0.587785 -0.130884 
vn 0.807831 -0.587785 -0.0437993 
vn 0.807831 -0.587785 0.0437993 
vn 0.798359 -0.587785 0.130884 
vn 0.779528 -0.587785 0.216435 
vn 0.751558 -0.587785 0.299448 
vn 0.714776 -0.587785 0.37895 
vn 0.669614 -0.587785 0.45401 
vn 0.616602 -0.587785 0.523747 
vn 0.556361 -0.587785 0.587343 
vn 0.489596 -0.587785 0.644053 
vn 0.417092 -0.587785 0.693212 
vn 0.339697 -0.587785 0.734244 
vn 0.25832 -0.587785 0.766668 
vn 0.173915 -0.587785 0.790103 
vn 0.0874701 -0.587785 0.804275 
vn -1.6841e-16 -0.587785 0.809017 
vn -0.0874701 -0.587785 0.804275 
vn -0.173915 -0.587785 0.790103 
vn -0.25832 -0.587785 0.766668 
vn -0.339697 -0.587785 0.734244 
vn -0.417092 -0.587785 0.693212 
vn -0.489596 -0.587785 0.644053 
vn -0.556361 -0.587785 0.587343 
vn -0.616602 -0.587785 0.523747 
vn -0.669614 -0.587785 0.45401 
vn -0.714776 -0.587785 0.37895 
vn -0.751558 -0.587785 0.299448 
vn -0.779528 -0.587785 0.216435 
vn -0.798359 -0.587785 0.130884 
vn -0.807831 -0.587785 0.0437993 
vn -0.807831 -0.587785 -0.0437993 
vn -0.798359 -0.587785 -0.130884 
vn -0.779528 -0.587785 -0.216435 
vn -0.751558 -0.587785 -0.299448 
vn -0.714776 -0.587785 -0.37895 
vn -0.669614 -0.587785 -0.45401 
vn -0.616602 -0.587785 -0.523747 
vn -0.556361 -0.587785 -0.587343 
vn -0.489596 -0.587785 -0.644053 
vn -0.417092 -0.587785 -0.693212 
vn -0.339697 -0.587785 -0.734244 
vn -0.25832 -0.587785 -0.766668 
vn -0.173915 -0.587785 -0.790103 
vn -0.0874701 -0.587785 -0.804275 
vn 0 -0.669131 -0.743145 
vn 0.0803481 -0.669131 -0.738788 
vn 0.159754 -0.669131 -0.725771 
vn 0.237287 -0.669131 -0.704244 
vn 0.312038 -0.669131 -0.67446 
vn 0.383131 -0.669131 -0.636769 
vn 0.449732 -0.669131 -0.591612 
vn 0.51106 -0.669131 -0.53952 
vn 0.566397 -0.669131 -0.481102 
vn 0.615093 -0.669131 -0.417043 
vn 0.656577 -0.669131 -0.348095 
vn 0.690364 -0.669131 -0.275066 
vn 0.716057 -0.669131 -0.198812 
vn 0.733355 -0.669131 -0.120227 
vn 0.742055 -0.669131 -0.040233 
vn 0.742055 -0.669131 0.040233 
vn 0.733355 -0.669131 0.120227 
vn 0.716057 -0.669131 0.198812 
vn 0.690364 -0.669131 0.275066 
vn 0.656577 -0.669131 0.348095 
vn 0.615093 -0.669131 0.417043 
vn 0.566397 -0.669131 0.481102 
vn 0.51106 -0.669131 0.53952 
vn 0.449732 -0.669131 0.591612 
vn 0.383131 -0.669131 0.636769 
vn 0.312038 -0.669131 0.67446 
vn 0.237287 -0.669131 0.704244 
vn 0.159754 -0.669131 0.725771 
vn 0.0803481 -0.669131 0.738788 
vn -1.54698e-16 -0.669131 0.743145 
vn -0.0803481 -0.669131 0.738788 
vn -0.159754 -0.669131 0.725771 
vn -0.237287 -0.669131 0.704244 
vn -0.312038 -0.669131 0.67446 
vn -0.383131 -0.669131 0.636769 
vn -0.449732 -0.669131 0.591612 
vn -0.51106 -0.669131 0.53952 
vn -0.566397 -0.669131 0.481102 
vn -0.615093 -0.669131 0.417043 
vn -0.656577 -0.669131 0.348095 
vn -0.690364 -0.669131 0.275066 
vn -0.716057 -0.669131 0.198812 
vn -0.733355 -0.669131 0.120227 
vn -0.742055 -0.669131 0.040233 
vn -0.742055 -0.669131 -0.040233 
vn -0.733355 -0.669131 -0.120227 
vn -0.716057 -0.669131 -0.198812 
vn -0.690364 -0.669131 -0.275066 
vn -0.656577 -0.669131 -0.348095 
vn -0.615093 -0.669131 -0.417043 
vn -0.566397 -0.669131 -0.481102 
vn -0.51106 -0.669131 -0.53952 
vn -0.449732 -0.669131 -0.591612 
vn -0.383131 -0.669131 -0.636769 
vn -0.312038 -0.669131 -0.67446 
vn -0.237287 -0.669131 -0.704244 
vn -0.159754 -0.669131 -0.725771 
vn -0.0803481 -0.669131 -0.738788 
vn 0 -0.743145 -0.669131 
vn 0.0723457 -0.743145 -0.665208 
vn 0.143843 -0.743145 -0.653487 
vn 0.213654 -0.743145 -0.634104 
vn 0.280961 -0.743145 -0.607286 
vn 0.344973 -0.743145 -0.573349 
vn 0.404941 -0.743145 -0.53269 
vn 0.460161 -0.743145 -0.485786 
vn 0.509986 -0.743145 -0.433186 
vn 0.553832 -0.743145 -0.375507 
vn 0.591185 -0.743145 -0.313426 
vn 0.621607 -0.743145 -0.247671 
vn 0.644741 -0.743145 -0.179011 
vn 0.660316 -0.743145 -0.108253 
vn 0.668149 -0.743145 -0.036226 
vn 0.668149 -0.743145 0.036226 
vn 0.660316 -0.743145 0.108253 
vn 0.644741 -0.743145 0.179011 
vn 0.621607 -0.743145 0.247671 
vn 0.591185 -0.743145 0.313426 
vn 0.553832 -0.743145 0.375507 
vn 0.509986 -0.743145 0.433186 
vn 0.460161 -0.743145 0.485786 
vn 0.404941 -0.743145 0.53269 
vn 0.344973 -0.743145 0.573349 
vn 0.280961 -0.743145 0.607286 
vn 0.213654 -0.743145 0.634104 
vn 0.143843 -0.743145 0.653487 
vn 0.0723457 -0.743145 0.665208 
vn -1.39291e-16 -0.743145 0.669131 
vn -0.0723457 -0.743145 0.665208 
vn -0.143843 -0.743145 0.653487 
vn -0.213654 -0.743145 0.634104 
vn -0.280961 -0.743145 0.607286 
vn -0.344973 -0.743145 0.573349 
vn -0.404941 -0.743145 0.53269 
vn -0.460161 -0.743145 0.485786 
vn -0.509986 -0.743145 0.433186 
vn -0.553832 -0.743145 0.375507 
vn -0.591185 -0.743145 0.313426 
vn -0.621607 -0.743145 0.247671 
vn -0.644741 -0.743145 0.179011 
vn -0.660316 -0.743145 0.108253 
vn -0.668149 -0.743145 0.036226 
vn -0.668149 -0.743145 -0.036226 
vn -0.660316 -0.743145 -0.108253 
vn -0.644741 -0.743145 -0.179011 
vn -0.621607 -0.743145 -0.247671 
vn -0.591185 -0.743145 -0.313426 
vn -0.553832 -0.743145 -0.375507 
vn -0.509986 -0.743145 -0.433186 
vn -0.460161 -0.743145 -0.485786 
vn -0.404941 -0.743145 -0.53269 
vn -0.344973 -0.743145 -0.573349 
vn -0.280961 -0.743145 -0.607286 
vn -0.213654 -0.743145 -0.634104 
vn -0.143843 -0.743145 -0.653487 
vn -0.0723457 -0.743145 -0.665208 
vn 0 -0.809017 -0.587785 
vn 0.0635508 -0.809017 -0.58434 
vn 0.126356 -0.809017 -0.574043 
vn 0.187681 -0.809017 -0.557017 
vn 0.246805 -0.809017 -0.533459 
vn 0.303035 -0.809017 -0.503648 
vn 0.355712 -0.809017 -0.467932 
vn 0.40422 -0.809017 -0.426729 
vn 0.447988 -0.809017 -0.380524 
vn 0.486503 -0.809017 -0.329857 
vn 0.519315 -0.809017 -0.275324 
vn 0.546039 -0.809017 -0.217562 
vn 0.56636 -0.809017 -0.157249 
vn 0.580042 -0.809017 -0.0950931 
vn 0.586923 -0.809017 -0.0318221 
vn 0.586923 -0.809017 0.0318221 
vn 0.580042 -0.809017 0.0950931 
vn 0.56636 -0.809017 0.157249 
vn 0.546039 -0.809017 0.217562 
vn 0.519315 -0.809017 0.275324 
vn 0.486503 -0.809017 0.329857 
vn 0.447988 -0.809017 0.380524 
vn 0.40422 -0.809017 0.426729 
vn 0.355712 -0.809017 0.467932 
vn 0.303035 -0.809017 0.503648 
vn 0.246805 -0.809017 0.533459 
vn 0.187681 -0.809017 0.557017 
vn 0.126356 -0.809017 0.574043 
vn 0.0635508 -0.809017 0.58434 
vn -1.22357e-16 -0.809017 0.587785 
vn -0.0635508 -0.809017 0.58434 
vn -0.126356 -0.809017 0.574043 
vn -0.187681 -0.809017 0.557017 
vn -0.246805 -0.809017 0.533459 
vn -0.303035 -0.809017 0.503648 
vn -0.355712 -0.809017 0.467932 
vn -0.40422 -0.809017 0.426729 
vn -0.447988 -0.809017 0.380524 
vn -0.486503 -0.809017 0.329857 
vn -0.519315 -0.809017 0.275324 
vn -0.546039 -0.809017 0.217562 
vn -0.56636 -0.809017 0.157249 
vn -0.580042 -0.809017 0.0950931 
vn -0.586923 -0.809017 0.0318221 
vn -0.586923 -0.809017 -0.0318221 
vn -0.580042 -0.809017 -0.0950931 
vn -0.56636 -0.809017 -0.157249 
vn -0.546039 -0.809017 -0.217562 
vn -0.519315 -0.809017 -0.275324 
vn -0.486503 -0.809017 -0.329857 
vn -0.447988 -0.809017 -0.380524 
vn -0.40422 -0.809017 -0.426729 
vn -0.355712 -0.809017 -0.467932 
vn -0.303035 -0.809017 -0.503648 
vn -0.246805 -0.809017 -0.533459 
vn -0.187681 -0.809017 -0.557017 
vn -0.126356 -0.809017 -0.574043 
vn -0.0635508 -0.809017 -0.58434 
vn 0 -0.866025 -0.5 
vn 0.0540595 -0.866025 -0.497069 
vn 0.107485 -0.866025 -0.48831 
vn 0.159651 -0.866025 -0.473827 
vn 0.209945 -0.866025 -0.453788 
vn 0.257777 -0.866025 -0.428429 
vn 0.302587 -0.866025 -0.398047 
vn 0.34385 -0.866025 -0.362998 
vn 0.381081 -0.866025 -0.323693 
vn 0.413844 -0.866025 -0.280594 
vn 0.441756 -0.866025 -0.234204 
vn 0.464488 -0.866025 -0.185069 
vn 0.481775 -0.866025 -0.133764 
vn 0.493413 -0.866025 -0.080891 
vn 0.499267 -0.866025 -0.0270695 
vn 0.499267 -0.866025 0.0270695 
vn 0.493413 -0.866025 0.080891 
vn 0.481775 -0.866025 0.133764 
vn 0.464488 -0.866025 0.185069 
vn 0.441756 -0.866025 0.234204 
vn 0.413844 -0.866025 0.280594 
vn 0.381081 -0.866025 0.323693 
vn 0.34385 -0.866025 0.362998 
vn 0.302587 -0.866025 0.398047 
vn 0.257777 -0.866025 0.428429 
vn 0.209945 -0.866025 0.453788 
vn 0.159651 -0.866025 0.473827 
vn 0.107485 -0.866025 0.48831 
vn 0.0540595 -0.866025 0.497069 
vn -1.04083e-16 -0.866025 0.5 
vn -0.0540595 -0.866025 0.497069 
vn -0.107485 -0.866025 0.48831 
vn -0.159651 -0.866025 0.473827 
vn -0.209945 -0.866025 0.453788 
vn -0.257777 -0.866025 0.428429 
vn -0.302587 -0.866025 0.398047 
vn -0.34385 -0.866025 0.362998 
vn -0.381081 -0.866025 0.323693 
vn -0.413844 -0.866025 0.280594 
vn -0.441756 -0.866025 0.234204 
vn -0.464488 -0.866025 0.185069 
vn -0.481775 -0.866025 0.133764 
vn -0.493413 -0.866025 0.080891 
vn -0.499267 -0.866025 0.0270695 
vn -0.499267 -0.866025 -0.0270695 
vn -0.493413 -0.866025 -0.080891 
vn -0.481775 -0.866025 -0.133764 
vn -0.464488 -0.866025 -0.185069 
vn -0.441756 -0.866025 -0.234204 
vn -0.413844 -0.866025 -0.280594 
vn -0.381081 -0.866025 -0.323693 
vn -0.34385 -0.866025 -0.362998 
vn -0.302587 -0.866025 -0.398047 
vn -0.257777 -0.866025 -0.428429 
vn -0.209945 -0.866025 -0.453788 
vn -0.159651 -0.866025 -0.473827 
vn -0.107485 -0.866025 -0.48831 
vn -0.0540595 -0.866025 -0.497069 
vn 0 -0.913545 -0.406737 
vn 0.043976 -0.913545 -0.404352 
vn 0.0874364 -0.913545 -0.397227 
vn 0.129872 -0.913545 -0.385445 
vn 0.170784 -0.913545 -0.369144 
vn 0.209695 -0.913545 -0.348515 
vn 0.246147 -0.913545 -0.3238 
vn 0.279713 -0.913545 -0.295289 
vn 0.309999 -0.913545 -0.263316 
vn 0.336651 -0.913545 -0.228255 
vn 0.359357 -0.913545 -0.190519 
vn 0.377849 -0.913545 -0.150549 
vn 0.391911 -0.913545 -0.108814 
vn 0.401379 -0.913545 -0.0658027 
vn 0.40614 -0.913545 -0.0220203 
vn 0.40614 -0.913545 0.0220203 
vn 0.401379 -0.913545 0.0658027 
vn 0.391911 -0.913545 0.108814 
vn 0.377849 -0.913545 0.150549 
vn 0.359357 -0.913545 0.190519 
vn 0.336651 -0.913545 0.228255 
vn 0.309999 -0.913545 0.263316 
vn 0.279713 -0.913545 0.295289 
vn 0.246147 -0.913545 0.3238 
vn 0.209695 -0.913545 0.348515 
vn 0.170784 -0.913545 0.369144 
vn 0.129872 -0.913545 0.385445 
vn 0.0874364 -0.913545 0.397227 
vn 0.043976 -0.913545 0.404352 
vn -8.46691e-17 -0.913545 0.406737 
vn -0.043976 -0.913545 0.404352 
vn -0.0874364 -0.913545 0.397227 
vn -0.129872 -0.913545 0.385445 
vn -0.170784 -0.913545 0.369144 
vn -0.209695 -0.913545 0.348515 
vn -0.246147 -0.913545 0.3238 
vn -0.279713 -0.913545 0.295289 
vn -0.309999 -0.913545 0.263316 
vn -0.336651 -0.913545 0.228255 
vn -0.359357 -0.913545 0.190519 
vn -0.377849 -0.913545 0.150549 
vn -0.391911 -0.913545 0.108814 
vn -0.401379 -0.913545 0.0658027 
vn -0.40614 -0.913545 0.0220203 
vn -0.40614 -0.913545 -0.0220203 
vn -0.401379 -0.913545 -0.0658027 
vn -0.391911 -0.913545 -0.108814 
vn -0.377849 -0.913545 -0.150549 
vn -0.359357 -0.913545 -0.190519 
vn -0.336651 -0.913545 -0.228255 
vn -0.309999 -0.913545 -0.263316 
vn -0.279713 -0.913545 -0.295289 
vn -0.246147 -0.913545 -0.3238 
vn -0.209695 -0.913545 -0.348515 
vn -0.170784 -0.913545 -0.369144 
vn -0.129872 -0.913545 -0.385445 
vn -0.0874364 -0.913545 -0.397227 
vn -0.043976 -0.913545 -0.404352 
vn 0 -0.951057 -0.309017 
vn 0.0334106 -0.951057 -0.307206 
vn 0.0664295 -0.951057 -0.301792 
vn 0.0986696 -0.951057 -0.292841 
vn 0.129753 -0.951057 -0.280456 
vn 0.159315 -0.951057 -0.264783 
vn 0.187009 -0.951057 -0.246006 
vn 0.212511 -0.951057 -0.224345 
vn 0.235521 -0.951057 -0.200053 
vn 0.25577 -0.951057 -0.173416 
vn 0.27302 -0.951057 -0.144746 
vn 0.28707 -0.951057 -0.114379 
vn 0.297753 -0.951057 -0.0826708 
vn 0.304946 -0.951057 -0.0499934 
vn 0.308564 -0.951057 -0.0167298 
vn 0.308564 -0.951057 0.0167298 
vn 0.304946 -0.951057 0.0499934 
vn 0.297753 -0.951057 0.0826708 
vn 0.28707 -0.951057 0.114379 
vn 0.27302 -0.951057 0.144746 
vn 0.25577 -0.951057 0.173416 
vn 0.235521 -0.951057 0.200053 
vn 0.212511 -0.951057 0.224345 
vn 0.187009 -0.951057 0.246006 
vn 0.159315 -0.951057 0.264783 
vn 0.129753 -0.951057 0.280456 
vn 0.0986696 -0.951057 0.292841 
vn 0.0664295 -0.951057 0.301792 
vn 0.0334106 -0.951057 0.307206 
vn -6.43271e-17 -0.951057 0.309017 
vn -0.0334106 -0.951057 0.307206 
vn -0.0664295 -0.951057 0.301792 
vn -0.0986696 -0.951057 0.292841 
vn -0.129753 -0.951057 0.280456 
vn -0.159315 -0.951057 0.264783 
vn -0.187009 -0.951057 0.246006 
vn -0.212511 -0.951057 0.224345 
vn -0.235521 -0.951057 0.200053 
vn -0.25577 -0.951057 0.173416 
vn -0.27302 -0.951057 0.144746 
vn -0.28707 -0.951057 0.114379 
vn -0.297753 -0.951057 0.0826708 
vn -0.304946 -0.951057 0.0499934 
vn -0.308564 -0.951057 0.0167298 
vn -0.308564 -0.951057 -0.0167298 
vn -0.304946 -0.951057 -0.0499934 
vn -0.297753 -0.951057 -0.0826708 
vn -0.28707 -0.951057 -0.114379 
vn -0.27302 -0.951057 -0.144746 
vn -0.25577 -0.951057 -0.173416 
vn -0.235521 -0.951057 -0.200053 
vn -0.212511 -0.951057 -0.224345 
vn -0.187009 -0.951057 -0.246006 
vn -0.159315 -0.951057 -0.264783 
vn -0.129753 -0.951057 -0.280456 
vn -0.0986696 -0.951057 -0.292841 
vn -0.0664295 -0.951057 -0.301792 
vn -0.0334106 -0.951057 -0.307206 
vn 0 -0.978148 -0.207912 
vn 0.0224792 -0.978148 -0.206693 
vn 0.0446949 -0.978148 -0.203051 
vn 0.0663865 -0.978148 -0.197028 
vn 0.0872999 -0.978148 -0.188696 
vn 0.10719 -0.978148 -0.178151 
vn 0.125823 -0.978148 -0.165517 
vn 0.142981 -0.978148 -0.150943 
vn 0.158462 -0.978148 -0.134599 
vn 0.172086 -0.978148 -0.116677 
vn 0.183692 -0.978148 -0.0973876 
vn 0.193145 -0.978148 -0.076956 
vn 0.200333 -0.978148 -0.0556223 
vn 0.205173 -0.978148 -0.0336364 
vn 0.207607 -0.978148 -0.0112561 
vn 0.207607 -0.978148 0.0112561 
vn 0.205173 -0.978148 0.0336364 
vn 0.200333 -0.978148 0.0556223 
vn 0.193145 -0.978148 0.076956 
vn 0.183692 -0.978148 0.0973876 
vn 0.172086 -0.978148 0.116677 
vn 0.158462 -0.978148 0.134599 
vn 0.142981 -0.978148 0.150943 
vn 0.125823 -0.978148 0.165517 
vn 0.10719 -0.978148 0.178151 
vn 0.0872999 -0.978148 0.188696 
vn 0.0663865 -0.978148 0.197028 
vn 0.0446949 -0.978148 0.203051 
vn 0.0224792 -0.978148 0.206693 
vn -4.32803e-17 -0.978148 0.207912 
vn -0.0224792 -0.978148 0.206693 
vn -0.0446949 -0.978148 0.203051 
vn -0.0663865 -0.978148 0.197028 
vn -0.0872999 -0.978148 0.188696 
vn -0.10719 -0.978148 0.178151 
vn -0.125823 -0.978148 0.165517 
vn -0.142981 -0.978148 0.150943 
vn -0.158462 -0.978148 0.134599 
vn -0.172086 -0.978148 0.116677 
vn -0.183692 -0.978148 0.0973876 
vn -0.193145 -0.978148 0.076956 
vn -0.200333 -0.978148 0.0556223 
vn -0.205173 -0.978148 0.0336364 
vn -0.207607 -0.978148 0.0112561 
vn -0.207607 -0.978148 -0.0112561 
vn -0.205173 -0.978148 -0.0336364 
vn -0.200333 -0.978148 -0.0556223 
vn -0.193145 -0.978148 -0.076956 
vn -0.183692 -0.978148 -0.0973876 
vn -0.172086 -0.978148 -0.116677 
vn -0.158462 -0.978148 -0.134599 
vn -0.142981 -0.978148 -0.150943 
vn -0.125823 -0.978148 -0.165517 
vn -0.10719 -0.978148 -0.178151 
vn -0.0872999 -0.978148 -0.188696 
vn -0.0663865 -0.978148 -0.197028 
vn -0.0446949 -0.978148 -0.203051 
vn -0.0224792 -0.978148 -0.206693 
vn 0 -0.994522 -0.104528 
vn 0.0113015 -0.994522 -0.103916 
vn 0.0224705 -0.994522 -0.102085 
vn 0.0333761 -0.994522 -0.0990567 
vn 0.0438904 -0.994522 -0.0948675 
vn 0.0538901 -0.994522 -0.089566 
vn 0.0632579 -0.994522 -0.0832144 
vn 0.0718842 -0.994522 -0.0758872 
vn 0.0796676 -0.994522 -0.0676703 
vn 0.0865171 -0.994522 -0.05866 
vn 0.0923522 -0.994522 -0.048962 
vn 0.0971045 -0.994522 -0.03869 
vn 0.100718 -0.994522 -0.0279643 
vn 0.103151 -0.994522 -0.0169108 
vn 0.104375 -0.994522 -0.00565906 
vn 0.104375 -0.994522 0.00565906 
vn 0.103151 -0.994522 0.0169108 
vn 0.100718 -0.994522 0.0279643 
vn 0.0971045 -0.994522 0.03869 
vn 0.0923522 -0.994522 0.048962 
vn 0.0865171 -0.994522 0.05866 
vn 0.0796676 -0.994522 0.0676703 
vn 0.0718842 -0.994522 0.0758872 
vn 0.0632579 -0.994522 0.0832144 
vn 0.0538901 -0.994522 0.089566 
vn 0.0438904 -0.994522 0.0948675 
vn 0.0333761 -0.994522 0.0990567 
vn 0.0224705 -0.994522 0.102085 
vn 0.0113015 -0.994522 0.103916 
vn -2.17594e-17 -0.994522 0.104528 
vn -0.0113015 -0.994522 0.103916 
vn -0.0224705 -0.994522 0.102085 
vn -0.0333761 -0.994522 0.0990567 
vn -0.0438904 -0.994522 0.0948675 
vn -0.0538901 -0.994522 0.089566 
vn -0.0632579 -0.994522 0.0832144 
vn -0.0718842 -0.994522 0.0758872 
vn -0.0796676 -0.994522 0.0676703 
vn -0.0865171 -0.994522 0.05866 
vn -0.0923522 -0.994522 0.048962 
vn -0.0971045 -0.994522 0.03869 
vn -0.100718 -0.994522 0.0279643 
vn -0.103151 -0.994522 0.0169108 
vn -0.104375 -0.994522 0.00565906 
vn -0.104375 -0.994522 -0.00565906 
vn -0.103151 -0.994522 -0.0169108 
vn -0.100718 -0.994522 -0.0279643 
vn -0.0971045 -0.994522 -0.03869 
vn -0.0923522 -0.994522 -0.048962 
vn -0.0865171 -0.994522 -0.05866 
vn -0.0796676 -0.994522 -0.0676703 
vn -0.0718842 -0.994522 -0.0758872 
vn -0.0632579 -0.994522 -0.0832144 
vn -0.0538901 -0.994522 -0.089566 
vn -0.0438904 -0.994522 -0.0948675 
vn -0.0333761 -0.994522 -0.0990567 
vn -0.0224705 -0.994522 -0.102085 
vn -0.0113015 -0.994522 -0.103916 
vn 0 -1 -1.3935e-15 
vn -0.754042 0 -0.656826 
vn -0.678972 0 -0.734164 
vn -0.687699 0 -0.725995 
vn -0.820353 0 -0.571857 
vn -0.762162 0 -0.647386 
vn -0.754059 0 -0.656807 
vn -0.877134 0 -0.480245 
vn -0.827689 0 -0.561187 
vn -0.820368 0 -0.571836 
vn -0.923726 0 -0.383054 
vn -0.883512 0 -0.468408 
vn -0.877147 0 -0.480222 
vn -0.959586 0 -0.281414 
vn -0.928977 0 -0.370138 
vn -0.923736 0 -0.38303 
vn -0.9843 0 -0.176504 
vn -0.96355 0 -0.267528 
vn -0.959594 0 -0.281388 
vn -0.997579 0 -0.069544 
vn -0.986827 0 -0.161782 
vn -0.984305 0 -0.176477 
vn -0.999269 0 0.038224 
vn -0.998533 0 -0.0541389 
vn -0.997581 0 -0.0695163 
vn -0.989351 0 0.145548 
vn -0.998533 0 0.0541389 
vn -0.999268 0 0.0382521 
vn -0.96794 0 0.251181 
vn -0.986827 0 0.161782 
vn -0.989347 0 0.145576 
vn -0.935285 0 0.353896 
vn -0.96355 0 0.267528 
vn -0.967933 0 0.251209 
vn -0.891764 0 0.4525 
vn -0.928977 0 0.370138 
vn -0.935274 0 0.353924 
vn -0.837884 0 0.545848 
vn -0.883512 0 0.468408 
vn -0.891751 0 0.452527 
vn -0.774271 0 0.632854 
vn -0.827689 0 0.561187 
vn -0.837868 0 0.545873 
vn -0.701663 0 0.712509 
vn -0.762162 0 0.647386 
vn -0.774252 0 0.632878 
vn -0.620904 0 0.783887 
vn -0.687699 0 0.725995 
vn -0.701641 0 0.71253 
vn -0.532932 0 0.846158 
vn -0.605174 0 0.796093 
vn -0.62088 0 0.783906 
vn -0.438769 0 0.8986 
vn -0.515554 0 0.856857 
vn -0.532906 0 0.846174 
vn -0.339509 0 0.940603 
vn -0.419889 0 0.907575 
vn -0.438741 0 0.898613 
vn -0.236305 0 0.971679 
vn -0.319302 0 0.947653 
vn -0.33948 0 0.940613 
vn -0.130355 0 0.991467 
vn -0.21497 0 0.976621 
vn -0.236275 0 0.971686 
vn -0.0228919 0 0.999738 
vn -0.108119 0 0.994138 
vn -0.130325 0 0.991471 
vn 0.0848375 0 0.996395 
vn -1.13311e-15 0 1 
vn -0.0228613 0 0.999739 
vn 0.191581 0 0.981477 
vn 0.108119 0 0.994138 
vn 0.084868 0 0.996392 
vn 0.2961 0 0.955157 
vn 0.21497 0 0.976621 
vn 0.191611 0 0.981471 
vn 0.397178 0 0.917741 
vn 0.319302 0 0.947653 
vn 0.296129 0 0.955148 
vn 0.493643 0 0.869665 
vn 0.419889 0 0.907575 
vn 0.397206 0 0.917729 
vn 0.584373 0 0.811485 
vn 0.515554 0 0.856857 
vn 0.493669 0 0.86965 
vn 0.668315 0 0.743879 
vn 0.605174 0 0.796093 
vn 0.584397 0 0.811468 
vn 0.744492 0 0.667631 
vn 0.687699 0 0.725995 
vn 0.668337 0 0.743859 
vn 0.812022 0 0.583627 
vn 0.762162 0 0.647386 
vn 0.744512 0 0.667609 
vn 0.870118 0 0.492844 
vn 0.827689 0 0.561187 
vn 0.812039 0 0.583603 
vn 0.918106 0 0.396335 
vn 0.883512 0 0.468408 
vn 0.870132 0 0.492818 
vn 0.955429 0 0.295222 
vn 0.928977 0 0.370138 
vn 0.918118 0 0.396308 
vn 0.981652 0 0.19068 
vn 0.96355 0 0.267528 
vn 0.955437 0 0.295194 
vn 0.996472 0 0.0839222 
vn 0.986827 0 0.161782 
vn 0.981658 0 0.190652 
vn 0.999716 0 -0.0238102 
vn 0.998533 0 0.0541389 
vn 0.996475 0 0.0838938 
vn 0.991347 0 -0.131266 
vn 0.998533 0 -0.0541389 
vn 0.999716 0 -0.0238384 
vn 0.971462 0 -0.237197 
vn 0.986827 0 -0.161782 
vn 0.991344 0 -0.131294 
vn 0.940291 0 -0.340372 
vn 0.96355 0 -0.267528 
vn 0.971455 0 -0.237224 
vn 0.898197 0 -0.439594 
vn 0.928977 0 -0.370138 
vn 0.940281 0 -0.340398 
vn 0.845668 0 -0.533709 
vn 0.883512 0 -0.468408 
vn 0.898185 0 -0.439618 
vn 0.783316 0 -0.621623 
vn 0.827689 0 -0.561187 
vn 0.845654 0 -0.533731 
vn 0.711864 0 -0.702317 
vn 0.762162 0 -0.647386 
vn 0.7833 0 -0.621644 
vn 0.711864 0 -0.702317 
vn 1 0 0 
vn -1 0 0 
vn 0 -1 0 
vn 0 0 -1 
vn -0.994522 -0.104528 -1.31307e-16 
vn -1 1.22465e-16 -1.3203e-16 
vn -0.99863 -0.052336 0 
vn -0.978148 -0.207912 -1.29145e-16 
vn -0.994522 -0.104528 0 
vn -0.987688 -0.156434 0 
vn -0.951057 -0.309017 -1.25568e-16 
vn -0.978148 -0.207912 0 
vn -0.965926 -0.258819 0 
vn -0.913545 -0.406737 -1.20615e-16 
vn -0.951057 -0.309017 0 
vn -0.93358 -0.358368 0 
vn -0.866025 -0.5 -1.14341e-16 
vn -0.913545 -0.406737 0 
vn -0.891007 -0.45399 0 
vn -0.809017 -0.587785 -1.06815e-16 
vn -0.866025 -0.5 0 
vn -0.838671 -0.544639 0 
vn -0.743145 -0.669131 -9.81175e-17 
vn -0.809017 -0.587785 0 
vn -0.669131 -0.743145 -8.83454e-17 
vn -0.743145 -0.669131 0 
vn -0.587785 -0.809017 -7.76053e-17 
vn -0.669131 -0.743145 0 
vn -0.5 -0.866025 -6.6015e-17 
vn -0.587785 -0.809017 0 
vn -0.406737 -0.913545 -5.37015e-17 
vn -0.5 -0.866025 0 
vn -0.309017 -0.951057 -4.07995e-17 
vn -0.406737 -0.913545 0 
vn -0.207912 -0.978148 -2.74506e-17 
vn -0.309017 -0.951057 0 
vn -0.104528 -0.994522 -1.38009e-17 
vn -0.207912 -0.978148 0 
vn -1.83697e-16 -1 -2.42535e-32 
vn -0.104528 -0.994522 0 
vn 0 -0.994522 0.104528 
vn 0 -0.978148 0.207912 
vn 0 -0.951057 0.309017 
vn 0 -0.913545 0.406737 
vn 0 -0.866025 0.5 
vn 0 -0.809017 0.587785 
vn 0 -0.743145 0.669131 
vn 0 -0.669131 0.743145 
vn 0 -0.587785 0.809017 
vn 0 -0.544639 0.838671 
vn 0 -0.5 0.866025 
vn 0 -0.45399 0.891007 
vn 0 -0.406737 0.913545 
vn 0 -0.358368 0.93358 
vn 0 -0.309017 0.951057 
vn 0 -0.258819 0.965926 
vn 0 -0.207912 0.978148 
vn 0 -0.156434 0.987688 
vn 0 -0.104528 0.994522 
vn 0 -0.052336 0.99863 
vn 0 1.22465e-16 1 
vn 1.21794e-16 -0.104528 0.994522 
vn -0.108119 0 0.994138 
vn -0.107527 -0.104528 0.988692 
vn -0.21497 0 0.976621 
vn -0.213793 -0.104528 0.971271 
vn -0.319302 0 0.947653 
vn -0.317552 -0.104528 0.942462 
vn -0.419889 0 0.907575 
vn -0.417589 -0.104528 0.902604 
vn -0.515554 0 0.856857 
vn -0.51273 -0.104528 0.852163 
vn -0.605174 0 0.796093 
vn -0.601859 -0.104528 0.791732 
vn -0.687699 0 0.725995 
vn -0.683932 -0.104528 0.722018 
vn -0.762162 0 0.647386 
vn -0.757987 -0.104528 0.64384 
vn -0.827689 0 0.561187 
vn -0.823155 -0.104528 0.558113 
vn -0.883512 0 0.468408 
vn -0.878672 -0.104528 0.465842 
vn -0.928977 0 0.370138 
vn -0.923888 -0.104528 0.36811 
vn -0.96355 0 0.267528 
vn -0.958272 -0.104528 0.266063 
vn -0.986827 0 0.161782 
vn -0.981421 -0.104528 0.160896 
vn -0.998533 0 0.0541389 
vn -0.993063 -0.104528 0.0538423 
vn -0.998533 0 -0.0541389 
vn -0.993063 -0.104528 -0.0538423 
vn -0.986827 0 -0.161782 
vn -0.981421 -0.104528 -0.160896 
vn -0.96355 0 -0.267528 
vn -0.958272 -0.104528 -0.266063 
vn -0.928977 0 -0.370138 
vn -0.923888 -0.104528 -0.36811 
vn -0.883512 0 -0.468408 
vn -0.878672 -0.104528 -0.465842 
vn -0.827689 0 -0.561187 
vn -0.823155 -0.104528 -0.558113 
vn -0.762162 0 -0.647386 
vn -0.757987 -0.104528 -0.64384 
vn -0.687699 0 -0.725995 
vn -0.683932 -0.104528 -0.722018 
vn -0.605174 0 -0.796093 
vn -0.601859 -0.104528 -0.791732 
vn -0.515554 0 -0.856857 
vn -0.51273 -0.104528 -0.852163 
vn -0.419889 0 -0.907575 
vn -0.417589 -0.104528 -0.902604 
vn -0.319302 0 -0.947653 
vn -0.317552 -0.104528 -0.942462 
vn -0.21497 0 -0.976621 
vn -0.213793 -0.104528 -0.971271 
vn -0.108119 0 -0.994138 
vn -0.107527 -0.104528 -0.988692 
vn 2.08167e-16 0 -1 
vn 1.19789e-16 -0.207912 0.978148 
vn -0.105756 -0.207912 0.972414 
vn -0.210273 -0.207912 0.955279 
vn -0.312324 -0.207912 0.926945 
vn -0.410714 -0.207912 0.887743 
vn -0.504288 -0.207912 0.838133 
vn -0.59195 -0.207912 0.778697 
vn -0.672672 -0.207912 0.710131 
vn -0.745507 -0.207912 0.633239 
vn -0.809602 -0.207912 0.548924 
vn -0.864205 -0.207912 0.458173 
vn -0.908676 -0.207912 0.36205 
vn -0.942494 -0.207912 0.261682 
vn -0.965262 -0.207912 0.158247 
vn -0.976713 -0.207912 0.0529558 
vn -0.976713 -0.207912 -0.0529558 
vn -0.965262 -0.207912 -0.158247 
vn -0.942494 -0.207912 -0.261682 
vn -0.908676 -0.207912 -0.36205 
vn -0.864205 -0.207912 -0.458173 
vn -0.809602 -0.207912 -0.548924 
vn -0.745507 -0.207912 -0.633239 
vn -0.672672 -0.207912 -0.710131 
vn -0.59195 -0.207912 -0.778697 
vn -0.504288 -0.207912 -0.838133 
vn -0.410714 -0.207912 -0.887743 
vn -0.312324 -0.207912 -0.926945 
vn -0.210273 -0.207912 -0.955279 
vn -0.105756 -0.207912 -0.972414 
vn 2.07026e-16 -0.104528 -0.994522 
vn 1.16471e-16 -0.309017 0.951057 
vn -0.102827 -0.309017 0.945481 
vn -0.204449 -0.309017 0.928821 
vn -0.303674 -0.309017 0.901272 
vn -0.399338 -0.309017 0.863156 
vn -0.490321 -0.309017 0.81492 
vn -0.575555 -0.309017 0.757129 
vn -0.654041 -0.309017 0.690463 
vn -0.724859 -0.309017 0.615701 
vn -0.787179 -0.309017 0.533721 
vn -0.84027 -0.309017 0.445483 
vn -0.883509 -0.309017 0.352022 
vn -0.91639 -0.309017 0.254435 
vn -0.938528 -0.309017 0.153864 
vn -0.949662 -0.309017 0.0514892 
vn -0.949662 -0.309017 -0.0514892 
vn -0.938528 -0.309017 -0.153864 
vn -0.91639 -0.309017 -0.254435 
vn -0.883509 -0.309017 -0.352022 
vn -0.84027 -0.309017 -0.445483 
vn -0.787179 -0.309017 -0.533721 
vn -0.724859 -0.309017 -0.615701 
vn -0.654041 -0.309017 -0.690463 
vn -0.575555 -0.309017 -0.757129 
vn -0.490321 -0.309017 -0.81492 
vn -0.399338 -0.309017 -0.863156 
vn -0.303674 -0.309017 -0.901272 
vn -0.204449 -0.309017 -0.928821 
vn -0.102827 -0.309017 -0.945481 
vn 2.03618e-16 -0.207912 -0.978148 
vn 1.11877e-16 -0.406737 0.913545 
vn -0.0987716 -0.406737 0.90819 
vn -0.196385 -0.406737 0.892187 
vn -0.291696 -0.406737 0.865724 
vn -0.383588 -0.406737 0.829111 
vn -0.470982 -0.406737 0.782778 
vn -0.552854 -0.406737 0.727267 
vn -0.628245 -0.406737 0.66323 
vn -0.69627 -0.406737 0.591417 
vn -0.756132 -0.406737 0.51267 
vn -0.807128 -0.406737 0.427912 
vn -0.848662 -0.406737 0.338138 
vn -0.880247 -0.406737 0.244399 
vn -0.901511 -0.406737 0.147795 
vn -0.912206 -0.406737 0.0494584 
vn -0.912206 -0.406737 -0.0494584 
vn -0.901511 -0.406737 -0.147795 
vn -0.880247 -0.406737 -0.244399 
vn -0.848662 -0.406737 -0.338138 
vn -0.807128 -0.406737 -0.427912 
vn -0.756132 -0.406737 -0.51267 
vn -0.69627 -0.406737 -0.591417 
vn -0.628245 -0.406737 -0.66323 
vn -0.552854 -0.406737 -0.727267 
vn -0.470982 -0.406737 -0.782778 
vn -0.383588 -0.406737 -0.829111 
vn -0.291696 -0.406737 -0.865724 
vn -0.196385 -0.406737 -0.892187 
vn -0.0987716 -0.406737 -0.90819 
vn 1.97978e-16 -0.309017 -0.951057 
vn 1.06058e-16 -0.5 0.866025 
vn -0.0936338 -0.5 0.860949 
vn -0.18617 -0.5 0.845778 
vn -0.276523 -0.5 0.820692 
vn -0.363635 -0.5 0.785983 
vn -0.446483 -0.5 0.74206 
vn -0.524096 -0.5 0.689437 
vn -0.595565 -0.5 0.628731 
vn -0.660052 -0.5 0.560653 
vn -0.7168 -0.5 0.486002 
vn -0.765144 -0.5 0.405654 
vn -0.804517 -0.5 0.320549 
vn -0.834459 -0.5 0.231686 
vn -0.854617 -0.5 0.140107 
vn -0.864755 -0.5 0.0468857 
vn -0.864755 -0.5 -0.0468857 
vn -0.854617 -0.5 -0.140107 
vn -0.834459 -0.5 -0.231686 
vn -0.804517 -0.5 -0.320549 
vn -0.765144 -0.5 -0.405654 
vn -0.7168 -0.5 -0.486002 
vn -0.660052 -0.5 -0.560653 
vn -0.595565 -0.5 -0.628731 
vn -0.524096 -0.5 -0.689437 
vn -0.446483 -0.5 -0.74206 
vn -0.363635 -0.5 -0.785983 
vn -0.276523 -0.5 -0.820692 
vn -0.18617 -0.5 -0.845778 
vn -0.0936338 -0.5 -0.860949 
vn 1.9017e-16 -0.406737 -0.913545 
vn 9.9076e-17 -0.587785 0.809017 
vn -0.0874701 -0.587785 0.804275 
vn -0.173915 -0.587785 0.790103 
vn -0.25832 -0.587785 0.766668 
vn -0.339697 -0.587785 0.734244 
vn -0.417092 -0.587785 0.693212 
vn -0.489596 -0.587785 0.644053 
vn -0.556361 -0.587785 0.587343 
vn -0.616602 -0.587785 0.523747 
vn -0.669614 -0.587785 0.45401 
vn -0.714776 -0.587785 0.37895 
vn -0.751558 -0.587785 0.299448 
vn -0.779528 -0.587785 0.216435 
vn -0.798359 -0.587785 0.130884 
vn -0.807831 -0.587785 0.0437993 
vn -0.807831 -0.587785 -0.0437993 
vn -0.798359 -0.587785 -0.130884 
vn -0.779528 -0.587785 -0.216435 
vn -0.751558 -0.587785 -0.299448 
vn -0.714776 -0.587785 -0.37895 
vn -0.669614 -0.587785 -0.45401 
vn -0.616602 -0.587785 -0.523747 
vn -0.556361 -0.587785 -0.587343 
vn -0.489596 -0.587785 -0.644053 
vn -0.417092 -0.587785 -0.693212 
vn -0.339697 -0.587785 -0.734244 
vn -0.25832 -0.587785 -0.766668 
vn -0.173915 -0.587785 -0.790103 
vn -0.0874701 -0.587785 -0.804275 
vn 1.80278e-16 -0.5 -0.866025 
vn 9.1009e-17 -0.669131 0.743145 
vn -0.0803481 -0.669131 0.738788 
vn -0.159754 -0.669131 0.725771 
vn -0.237287 -0.669131 0.704244 
vn -0.312038 -0.669131 0.67446 
vn -0.383131 -0.669131 0.636769 
vn -0.449732 -0.669131 0.591612 
vn -0.51106 -0.669131 0.53952 
vn -0.566397 -0.669131 0.481102 
vn -0.615093 -0.669131 0.417043 
vn -0.656577 -0.669131 0.348095 
vn -0.690364 -0.669131 0.275066 
vn -0.716057 -0.669131 0.198812 
vn -0.733355 -0.669131 0.120227 
vn -0.742055 -0.669131 0.040233 
vn -0.742055 -0.669131 -0.040233 
vn -0.733355 -0.669131 -0.120227 
vn -0.716057 -0.669131 -0.198812 
vn -0.690364 -0.669131 -0.275066 
vn -0.656577 -0.669131 -0.348095 
vn -0.615093 -0.669131 -0.417043 
vn -0.566397 -0.669131 -0.481102 
vn -0.51106 -0.669131 -0.53952 
vn -0.449732 -0.669131 -0.591612 
vn -0.383131 -0.669131 -0.636769 
vn -0.312038 -0.669131 -0.67446 
vn -0.237287 -0.669131 -0.704244 
vn -0.159754 -0.669131 -0.725771 
vn -0.0803481 -0.669131 -0.738788 
vn 1.6841e-16 -0.587785 -0.809017 
vn 8.19449e-17 -0.743145 0.669131 
vn -0.0723457 -0.743145 0.665208 
vn -0.143843 -0.743145 0.653487 
vn -0.213654 -0.743145 0.634104 
vn -0.280961 -0.743145 0.607286 
vn -0.344973 -0.743145 0.573349 
vn -0.404941 -0.743145 0.53269 
vn -0.460161 -0.743145 0.485786 
vn -0.509986 -0.743145 0.433186 
vn -0.553832 -0.743145 0.375507 
vn -0.591185 -0.743145 0.313426 
vn -0.621607 -0.743145 0.247671 
vn -0.644741 -0.743145 0.179011 
vn -0.660316 -0.743145 0.108253 
vn -0.668149 -0.743145 0.036226 
vn -0.668149 -0.743145 -0.036226 
vn -0.660316 -0.743145 -0.108253 
vn -0.644741 -0.743145 -0.179011 
vn -0.621607 -0.743145 -0.247671 
vn -0.591185 -0.743145 -0.313426 
vn -0.553832 -0.743145 -0.375507 
vn -0.509986 -0.743145 -0.433186 
vn -0.460161 -0.743145 -0.485786 
vn -0.404941 -0.743145 -0.53269 
vn -0.344973 -0.743145 -0.573349 
vn -0.280961 -0.743145 -0.607286 
vn -0.213654 -0.743145 -0.634104 
vn -0.143843 -0.743145 -0.653487 
vn -0.0723457 -0.743145 -0.665208 
vn 1.54698e-16 -0.669131 -0.743145 
vn 7.19829e-17 -0.809017 0.587785 
vn -0.0635508 -0.809017 0.58434 
vn -0.126356 -0.809017 0.574043 
vn -0.187681 -0.809017 0.557017 
vn -0.246805 -0.809017 0.533459 
vn -0.303035 -0.809017 0.503648 
vn -0.355712 -0.809017 0.467932 
vn -0.40422 -0.809017 0.426729 
vn -0.447988 -0.809017 0.380524 
vn -0.486503 -0.809017 0.329857 
vn -0.519315 -0.809017 0.275324 
vn -0.546039 -0.809017 0.217562 
vn -0.56636 -0.809017 0.157249 
vn -0.580042 -0.809017 0.0950931 
vn -0.586923 -0.809017 0.0318221 
vn -0.586923 -0.809017 -0.0318221 
vn -0.580042 -0.809017 -0.0950931 
vn -0.56636 -0.809017 -0.157249 
vn -0.546039 -0.809017 -0.217562 
vn -0.519315 -0.809017 -0.275324 
vn -0.486503 -0.809017 -0.329857 
vn -0.447988 -0.809017 -0.380524 
vn -0.40422 -0.809017 -0.426729 
vn -0.355712 -0.809017 -0.467932 
vn -0.303035 -0.809017 -0.503648 
vn -0.246805 -0.809017 -0.533459 
vn -0.187681 -0.809017 -0.557017 
vn -0.126356 -0.809017 -0.574043 
vn -0.0635508 -0.809017 -0.58434 
vn 1.39291e-16 -0.743145 -0.669131 
vn 6.12323e-17 -0.866025 0.5 
vn -0.0540595 -0.866025 0.497069 
vn -0.107485 -0.866025 0.48831 
vn -0.159651 -0.866025 0.473827 
vn -0.209945 -0.866025 0.453788 
vn -0.257777 -0.866025 0.428429 
vn -0.302587 -0.866025 0.398047 
vn -0.34385 -0.866025 0.362998 
vn -0.381081 -0.866025 0.323693 
vn -0.413844 -0.866025 0.280594 
vn -0.441756 -0.866025 0.234204 
vn -0.464488 -0.866025 0.185069 
vn -0.481775 -0.866025 0.133764 
vn -0.493413 -0.866025 0.080891 
vn -0.499267 -0.866025 0.0270695 
vn -0.499267 -0.866025 -0.0270695 
vn -0.493413 -0.866025 -0.080891 
vn -0.481775 -0.866025 -0.133764 
vn -0.464488 -0.866025 -0.185069 
vn -0.441756 -0.866025 -0.234204 
vn -0.413844 -0.866025 -0.280594 
vn -0.381081 -0.866025 -0.323693 
vn -0.34385 -0.866025 -0.362998 
vn -0.302587 -0.866025 -0.398047 
vn -0.257777 -0.866025 -0.428429 
vn -0.209945 -0.866025 -0.453788 
vn -0.159651 -0.866025 -0.473827 
vn -0.107485 -0.866025 -0.48831 
vn -0.0540595 -0.866025 -0.497069 
vn 1.22357e-16 -0.809017 -0.587785 
vn 4.98109e-17 -0.913545 0.406737 
vn -0.043976 -0.913545 0.404352 
vn -0.0874364 -0.913545 0.397227 
vn -0.129872 -0.913545 0.385445 
vn -0.170784 -0.913545 0.369144 
vn -0.209695 -0.913545 0.348515 
vn -0.246147 -0.913545 0.3238 
vn -0.279713 -0.913545 0.295289 
vn -0.309999 -0.913545 0.263316 
vn -0.336651 -0.913545 0.228255 
vn -0.359357 -0.913545 0.190519 
vn -0.377849 -0.913545 0.150549 
vn -0.391911 -0.913545 0.108814 
vn -0.401379 -0.913545 0.0658027 
vn -0.40614 -0.913545 0.0220203 
vn -0.40614 -0.913545 -0.0220203 
vn -0.401379 -0.913545 -0.0658027 
vn -0.391911 -0.913545 -0.108814 
vn -0.377849 -0.913545 -0.150549 
vn -0.359357 -0.913545 -0.190519 
vn -0.336651 -0.913545 -0.228255 
vn -0.309999 -0.913545 -0.263316 
vn -0.279713 -0.913545 -0.295289 
vn -0.246147 -0.913545 -0.3238 
vn -0.209695 -0.913545 -0.348515 
vn -0.170784 -0.913545 -0.369144 
vn -0.129872 -0.913545 -0.385445 
vn -0.0874364 -0.913545 -0.397227 
vn -0.043976 -0.913545 -0.404352 
vn 1.04083e-16 -0.866025 -0.5 
vn 3.78437e-17 -0.951057 0.309017 
vn -0.0334106 -0.951057 0.307206 
vn -0.0664295 -0.951057 0.301792 
vn -0.0986696 -0.951057 0.292841 
vn -0.129753 -0.951057 0.280456 
vn -0.159315 -0.951057 0.264783 
vn -0.187009 -0.951057 0.246006 
vn -0.212511 -0.951057 0.224345 
vn -0.235521 -0.951057 0.200053 
vn -0.25577 -0.951057 0.173416 
vn -0.27302 -0.951057 0.144746 
vn -0.28707 -0.951057 0.114379 
vn -0.297753 -0.951057 0.0826708 
vn -0.304946 -0.951057 0.0499934 
vn -0.308564 -0.951057 0.0167298 
vn -0.308564 -0.951057 -0.0167298 
vn -0.304946 -0.951057 -0.0499934 
vn -0.297753 -0.951057 -0.0826708 
vn -0.28707 -0.951057 -0.114379 
vn -0.27302 -0.951057 -0.144746 
vn -0.25577 -0.951057 -0.173416 
vn -0.235521 -0.951057 -0.200053 
vn -0.212511 -0.951057 -0.224345 
vn -0.187009 -0.951057 -0.246006 
vn -0.159315 -0.951057 -0.264783 
vn -0.129753 -0.951057 -0.280456 
vn -0.0986696 -0.951057 -0.292841 
vn -0.0664295 -0.951057 -0.301792 
vn -0.0334106 -0.951057 -0.307206 
vn 8.46691e-17 -0.913545 -0.406737 
vn 2.54618e-17 -0.978148 0.207912 
vn -0.0224792 -0.978148 0.206693 
vn -0.0446949 -0.978148 0.203051 
vn -0.0663865 -0.978148 0.197028 
vn -0.0872999 -0.978148 0.188696 
vn -0.10719 -0.978148 0.178151 
vn -0.125823 -0.978148 0.165517 
vn -0.142981 -0.978148 0.150943 
vn -0.158462 -0.978148 0.134599 
vn -0.172086 -0.978148 0.116677 
vn -0.183692 -0.978148 0.0973876 
vn -0.193145 -0.978148 0.076956 
vn -0.200333 -0.978148 0.0556223 
vn -0.205173 -0.978148 0.0336364 
vn -0.207607 -0.978148 0.0112561 
vn -0.207607 -0.978148 -0.0112561 
vn -0.205173 -0.978148 -0.0336364 
vn -0.200333 -0.978148 -0.0556223 
vn -0.193145 -0.978148 -0.076956 
vn -0.183692 -0.978148 -0.0973876 
vn -0.172086 -0.978148 -0.116677 
vn -0.158462 -0.978148 -0.134599 
vn -0.142981 -0.978148 -0.150943 
vn -0.125823 -0.978148 -0.165517 
vn -0.10719 -0.978148 -0.178151 
vn -0.0872999 -0.978148 -0.188696 
vn -0.0663865 -0.978148 -0.197028 
vn -0.0446949 -0.978148 -0.203051 
vn -0.0224792 -0.978148 -0.206693 
vn 6.43271e-17 -0.951057 -0.309017 
vn 1.2801e-17 -0.994522 0.104528 
vn -0.0113015 -0.994522 0.103916 
vn -0.0224705 -0.994522 0.102085 
vn -0.0333761 -0.994522 0.0990567 
vn -0.0438904 -0.994522 0.0948675 
vn -0.0538901 -0.994522 0.089566 
vn -0.0632579 -0.994522 0.0832144 
vn -0.0718842 -0.994522 0.0758872 
vn -0.0796676 -0.994522 0.0676703 
vn -0.0865171 -0.994522 0.05866 
vn -0.0923522 -0.994522 0.048962 
vn -0.0971045 -0.994522 0.03869 
vn -0.100718 -0.994522 0.0279643 
vn -0.103151 -0.994522 0.0169108 
vn -0.104375 -0.994522 0.00565906 
vn -0.104375 -0.994522 -0.00565906 
vn -0.103151 -0.994522 -0.0169108 
vn -0.100718 -0.994522 -0.0279643 
vn -0.0971045 -0.994522 -0.03869 
vn -0.0923522 -0.994522 -0.048962 
vn -0.0865171 -0.994522 -0.05866 
vn -0.0796676 -0.994522 -0.0676703 
vn -0.0718842 -0.994522 -0.0758872 
vn -0.0632579 -0.994522 -0.0832144 
vn -0.0538901 -0.994522 -0.089566 
vn -0.0438904 -0.994522 -0.0948675 
vn -0.0333761 -0.994522 -0.0990567 
vn -0.0224705 -0.994522 -0.102085 
vn -0.0113015 -0.994522 -0.103916 
vn 4.32803e-17 -0.978148 -0.207912 
vn 8.90767e-32 -1 7.27366e-16 
vn 2.17594e-17 -0.994522 -0.104528 
vn 0 -0.104528 -0.994522 
vn 0 1.22465e-16 -1 
vn 0 -0.052336 -0.99863 
vn 0 -0.207912 -0.978148 
vn 0 -0.104528 -0.994522 
vn 0 -0.156434 -0.987688 
vn 0 -0.309017 -0.951057 
vn 0 -0.207912 -0.978148 
vn 0 -0.258819 -0.965926 
vn 0 -0.406737 -0.913545 
vn 0 -0.309017 -0.951057 
vn 0 -0.358368 -0.93358 
vn 0 -0.5 -0.866025 
vn 0 -0.406737 -0.913545 
vn 0 -0.45399 -0.891007 
vn 0 -0.587785 -0.809017 
vn 0 -0.5 -0.866025 
vn 0 -0.544639 -0.838671 
vn 0 -0.669131 -0.743145 
vn 0 -0.587785 -0.809017 
vn 0 -0.743145 -0.669131 
vn 0 -0.669131 -0.743145 
vn 0 -0.809017 -0.587785 
vn 0 -0.743145 -0.669131 
vn 0 -0.866025 -0.5 
vn 0 -0.809017 -0.587785 
vn 0 -0.913545 -0.406737 
vn 0 -0.866025 -0.5 
vn 0 -0.951057 -0.309017 
vn 0 -0.913545 -0.406737 
vn 0 -0.978148 -0.207912 
vn 0 -0.951057 -0.309017 
vn 0 -0.994522 -0.104528 
vn 0 -0.978148 -0.207912 
vn 0 -1 -1.83697e-16 
vn 0 -0.994522 -0.104528 
vn -0.99863 -0.052336 0 
vn -1 1.22465e-16 0 
vn -0.994522 -0.104528 0 
vn -0.987688 -0.156434 0 
vn -0.978148 -0.207912 0 
vn -0.965926 -0.258819 0 
vn -0.951057 -0.309017 0 
vn -0.93358 -0.358368 0 
vn -0.913545 -0.406737 0 
vn -0.891007 -0.45399 0 
vn -0.866025 -0.5 0 
vn -0.838671 -0.544639 0 
vn -0.809017 -0.587785 0 
vn -0.866025 -0.5 0 
vn -0.743145 -0.669131 0 
vn -0.809017 -0.587785 0 
vn -0.669131 -0.743145 0 
vn -0.587785 -0.809017 0 
vn -0.5 -0.866025 0 
vn -0.406737 -0.913545 0 
vn -0.309017 -0.951057 0 
vn -0.207912 -0.978148 0 
vn -0.104528 -0.994522 0 
vn -1.83697e-16 -1 0 
vn -0.5 -0.866025 0 
vn -0.743145 -0.669131 0 
vn 1 1.22465e-16 0 
vn 0.994522 -0.104528 0 
vn 0.978148 -0.207912 0 
vn 0.951057 -0.309017 0 
vn 0.913545 -0.406737 0 
vn 0.866025 -0.5 0 
vn 0.809017 -0.587785 0 
vn 0.743145 -0.669131 0 
vn 0.669131 -0.743145 0 
vn 0.587785 -0.809017 0 
vn 0.5 -0.866025 0 
vn 0.406737 -0.913545 0 
vn 0.309017 -0.951057 0 
vn 0.207912 -0.978148 0 
vn 0.104528 -0.994522 0 
vn 1.83697e-16 -1 0 
vn 0 -0.994522 0.104528 
vn 0 -0.978148 0.207912 
vn 0 -0.951057 0.309017 
vn 0 -0.913545 0.406737 
vn 0 -0.866025 0.5 
vn 0 -0.809017 0.587785 
vn 0 -0.743145 0.669131 
vn 0 -0.669131 0.743145 
vn 0 -0.587785 0.809017 
vn 0 -0.544639 0.838671 
vn -9.4634e-17 -0.5 0.866025 
vn 0 -0.45399 0.891007 
vn -9.98267e-17 -0.406737 0.913545 
vn 0 -0.358368 0.93358 
vn -1.03926e-16 -0.309017 0.951057 
vn 0 -0.258819 0.965926 
vn -1.06886e-16 -0.207912 0.978148 
vn 0 -0.156434 0.987688 
vn -1.08675e-16 -0.104528 0.994522 
vn 0 -0.052336 0.99863 
vn -1.09274e-16 1.22465e-16 1 
vn 0 1 0 
vn 0 -1 0 
vn 0 -0.104528 -0.994522 
vn 0 0 -1 
vn 0.104528 0 -0.994522 
vn 0.103956 -0.104528 -0.989074 
vn 0.207912 0 -0.978148 
vn 0.206773 -0.104528 -0.972789 
vn 0.309017 0 -0.951057 
vn 0.307324 -0.104528 -0.945847 
vn 0.406737 0 -0.913545 
vn 0.404508 -0.104528 -0.908541 
vn 0.5 0 -0.866025 
vn 0.497261 -0.104528 -0.861281 
vn 0.587785 0 -0.809017 
vn 0.584565 -0.104528 -0.804585 
vn 0.669131 0 -0.743145 
vn 0.665465 -0.104528 -0.739074 
vn 0.743145 0 -0.669131 
vn 0.739074 -0.104528 -0.665465 
vn 0.809017 0 -0.587785 
vn 0.804585 -0.104528 -0.584565 
vn 0.866025 0 -0.5 
vn 0.861281 -0.104528 -0.497261 
vn 0.913545 0 -0.406737 
vn 0.908541 -0.104528 -0.404508 
vn 0.951057 0 -0.309017 
vn 0.945847 -0.104528 -0.307324 
vn 0.978148 0 -0.207912 
vn 0.972789 -0.104528 -0.206773 
vn 0.994522 0 -0.104528 
vn 0.989074 -0.104528 -0.103956 
vn 1 0 -1.38778e-16 
vn 0 -0.207912 -0.978148 
vn 0.102244 -0.207912 -0.972789 
vn 0.203368 -0.207912 -0.956773 
vn 0.302264 -0.207912 -0.930274 
vn 0.397848 -0.207912 -0.893582 
vn 0.489074 -0.207912 -0.847101 
vn 0.574941 -0.207912 -0.791338 
vn 0.654508 -0.207912 -0.726905 
vn 0.726905 -0.207912 -0.654508 
vn 0.791338 -0.207912 -0.574941 
vn 0.847101 -0.207912 -0.489074 
vn 0.893582 -0.207912 -0.397848 
vn 0.930274 -0.207912 -0.302264 
vn 0.956773 -0.207912 -0.203368 
vn 0.972789 -0.207912 -0.102244 
vn 0.994522 -0.104528 -1.38018e-16 
vn 0 -0.309017 -0.951057 
vn 0.0994125 -0.309017 -0.945847 
vn 0.197736 -0.309017 -0.930274 
vn 0.293893 -0.309017 -0.904508 
vn 0.38683 -0.309017 -0.868833 
vn 0.475528 -0.309017 -0.823639 
vn 0.559017 -0.309017 -0.769421 
vn 0.636381 -0.309017 -0.706773 
vn 0.706773 -0.309017 -0.636381 
vn 0.769421 -0.309017 -0.559017 
vn 0.823639 -0.309017 -0.475528 
vn 0.868833 -0.309017 -0.38683 
vn 0.904508 -0.309017 -0.293893 
vn 0.930274 -0.309017 -0.197736 
vn 0.945847 -0.309017 -0.0994125 
vn 0.978148 -0.207912 -1.35745e-16 
vn 0 -0.406737 -0.913545 
vn 0.0954915 -0.406737 -0.908541 
vn 0.189937 -0.406737 -0.893582 
vn 0.282301 -0.406737 -0.868833 
vn 0.371572 -0.406737 -0.834565 
vn 0.456773 -0.406737 -0.791154 
vn 0.536969 -0.406737 -0.739074 
vn 0.611281 -0.406737 -0.678897 
vn 0.678897 -0.406737 -0.611281 
vn 0.739074 -0.406737 -0.536969 
vn 0.791154 -0.406737 -0.456773 
vn 0.834565 -0.406737 -0.371572 
vn 0.868833 -0.406737 -0.282301 
vn 0.893582 -0.406737 -0.189937 
vn 0.908541 -0.406737 -0.0954915 
vn 0.951057 -0.309017 -1.31986e-16 
vn 0 -0.5 -0.866025 
vn 0.0905243 -0.5 -0.861281 
vn 0.180057 -0.5 -0.847101 
vn 0.267617 -0.5 -0.823639 
vn 0.352244 -0.5 -0.791154 
vn 0.433013 -0.5 -0.75 
vn 0.509037 -0.5 -0.700629 
vn 0.579484 -0.5 -0.643582 
vn 0.643582 -0.5 -0.579484 
vn 0.700629 -0.5 -0.509037 
vn 0.75 -0.5 -0.433013 
vn 0.791154 -0.5 -0.352244 
vn 0.823639 -0.5 -0.267617 
vn 0.847101 -0.5 -0.180057 
vn 0.861281 -0.5 -0.0905243 
vn 0.913545 -0.406737 -1.2678e-16 
vn 0 -0.587785 -0.809017 
vn 0.0845653 -0.587785 -0.804585 
vn 0.168204 -0.587785 -0.791338 
vn 0.25 -0.587785 -0.769421 
vn 0.329057 -0.587785 -0.739074 
vn 0.404508 -0.587785 -0.700629 
vn 0.475528 -0.587785 -0.654508 
vn 0.541338 -0.587785 -0.601217 
vn 0.601217 -0.587785 -0.541338 
vn 0.654508 -0.587785 -0.475528 
vn 0.700629 -0.587785 -0.404508 
vn 0.739074 -0.587785 -0.329057 
vn 0.769421 -0.587785 -0.25 
vn 0.791338 -0.587785 -0.168204 
vn 0.804585 -0.587785 -0.0845653 
vn 0.866025 -0.5 -1.20185e-16 
vn 0 -0.669131 -0.743145 
vn 0.0776798 -0.669131 -0.739074 
vn 0.154508 -0.669131 -0.726905 
vn 0.229644 -0.669131 -0.706773 
vn 0.302264 -0.669131 -0.678897 
vn 0.371572 -0.669131 -0.643582 
vn 0.43681 -0.669131 -0.601217 
vn 0.497261 -0.669131 -0.552264 
vn 0.552264 -0.669131 -0.497261 
vn 0.601217 -0.669131 -0.43681 
vn 0.643582 -0.669131 -0.371572 
vn 0.678897 -0.669131 -0.302264 
vn 0.706773 -0.669131 -0.229644 
vn 0.726905 -0.669131 -0.154508 
vn 0.739074 -0.669131 -0.0776798 
vn 0.809017 -0.587785 -1.12274e-16 
vn 0 -0.743145 -0.669131 
vn 0.0699432 -0.743145 -0.665465 
vn 0.13912 -0.743145 -0.654508 
vn 0.206773 -0.743145 -0.636381 
vn 0.27216 -0.743145 -0.611281 
vn 0.334565 -0.743145 -0.579484 
vn 0.393305 -0.743145 -0.541338 
vn 0.447736 -0.743145 -0.497261 
vn 0.497261 -0.743145 -0.447736 
vn 0.541338 -0.743145 -0.393305 
vn 0.579484 -0.743145 -0.334565 
vn 0.611281 -0.743145 -0.27216 
vn 0.636381 -0.743145 -0.206773 
vn 0.654508 -0.743145 -0.13912 
vn 0.665465 -0.743145 -0.0699432 
vn 0.743145 -0.669131 -1.03132e-16 
vn 0 -0.809017 -0.587785 
vn 0.0614403 -0.809017 -0.584565 
vn 0.122207 -0.809017 -0.574941 
vn 0.181636 -0.809017 -0.559017 
vn 0.239074 -0.809017 -0.536969 
vn 0.293893 -0.809017 -0.509037 
vn 0.345492 -0.809017 -0.475528 
vn 0.393305 -0.809017 -0.43681 
vn 0.43681 -0.809017 -0.393305 
vn 0.475528 -0.809017 -0.345492 
vn 0.509037 -0.809017 -0.293893 
vn 0.536969 -0.809017 -0.239074 
vn 0.559017 -0.809017 -0.181636 
vn 0.574941 -0.809017 -0.122207 
vn 0.584565 -0.809017 -0.0614403 
vn 0.669131 -0.743145 -9.28605e-17 
vn 0 -0.866025 -0.5 
vn 0.0522642 -0.866025 -0.497261 
vn 0.103956 -0.866025 -0.489074 
vn 0.154508 -0.866025 -0.475528 
vn 0.203368 -0.866025 -0.456773 
vn 0.25 -0.866025 -0.433013 
vn 0.293893 -0.866025 -0.404508 
vn 0.334565 -0.866025 -0.371572 
vn 0.371572 -0.866025 -0.334565 
vn 0.404508 -0.866025 -0.293893 
vn 0.433013 -0.866025 -0.25 
vn 0.456773 -0.866025 -0.203368 
vn 0.475528 -0.866025 -0.154508 
vn 0.489074 -0.866025 -0.103956 
vn 0.497261 -0.866025 -0.0522642 
vn 0.587785 -0.809017 -8.15716e-17 
vn 0 -0.913545 -0.406737 
vn 0.0425156 -0.913545 -0.404508 
vn 0.0845653 -0.913545 -0.397848 
vn 0.125689 -0.913545 -0.38683 
vn 0.165435 -0.913545 -0.371572 
vn 0.203368 -0.913545 -0.352244 
vn 0.239074 -0.913545 -0.329057 
vn 0.27216 -0.913545 -0.302264 
vn 0.302264 -0.913545 -0.27216 
vn 0.329057 -0.913545 -0.239074 
vn 0.352244 -0.913545 -0.203368 
vn 0.371572 -0.913545 -0.165435 
vn 0.38683 -0.913545 -0.125689 
vn 0.397848 -0.913545 -0.0845653 
vn 0.404508 -0.913545 -0.0425156 
vn 0.5 -0.866025 -6.93889e-17 
vn 0 -0.951057 -0.309017 
vn 0.0323011 -0.951057 -0.307324 
vn 0.0642482 -0.951057 -0.302264 
vn 0.0954915 -0.951057 -0.293893 
vn 0.125689 -0.951057 -0.282301 
vn 0.154508 -0.951057 -0.267617 
vn 0.181636 -0.951057 -0.25 
vn 0.206773 -0.951057 -0.229644 
vn 0.229644 -0.951057 -0.206773 
vn 0.25 -0.951057 -0.181636 
vn 0.267617 -0.951057 -0.154508 
vn 0.282301 -0.951057 -0.125689 
vn 0.293893 -0.951057 -0.0954915 
vn 0.302264 -0.951057 -0.0642482 
vn 0.307324 -0.951057 -0.0323011 
vn 0.406737 -0.913545 -5.6446e-17 
vn 0 -0.978148 -0.207912 
vn 0.0217327 -0.978148 -0.206773 
vn 0.0432273 -0.978148 -0.203368 
vn 0.0642482 -0.978148 -0.197736 
vn 0.0845653 -0.978148 -0.189937 
vn 0.103956 -0.978148 -0.180057 
vn 0.122207 -0.978148 -0.168204 
vn 0.13912 -0.978148 -0.154508 
vn 0.154508 -0.978148 -0.13912 
vn 0.168204 -0.978148 -0.122207 
vn 0.180057 -0.978148 -0.103956 
vn 0.189937 -0.978148 -0.0845653 
vn 0.197736 -0.978148 -0.0642482 
vn 0.203368 -0.978148 -0.0432273 
vn 0.206773 -0.978148 -0.0217327 
vn 0.309017 -0.951057 -4.28847e-17 
vn 0 -0.994522 -0.104528 
vn 0.0109262 -0.994522 -0.103956 
vn 0.0217327 -0.994522 -0.102244 
vn 0.0323011 -0.994522 -0.0994125 
vn 0.0425156 -0.994522 -0.0954915 
vn 0.0522642 -0.994522 -0.0905243 
vn 0.0614403 -0.994522 -0.0845653 
vn 0.0699432 -0.994522 -0.0776798 
vn 0.0776798 -0.994522 -0.0699432 
vn 0.0845653 -0.994522 -0.0614403 
vn 0.0905243 -0.994522 -0.0522642 
vn 0.0954915 -0.994522 -0.0425156 
vn 0.0994125 -0.994522 -0.0323011 
vn 0.102244 -0.994522 -0.0217327 
vn 0.103956 -0.994522 -0.0109262 
vn 0.207912 -0.978148 -2.88535e-17 
vn 0 -1 -2.83277e-16 
vn 0.104528 -0.994522 -1.45062e-17 
vn 1.21794e-16 -0.104528 0.994522 
vn 1.22465e-16 0 1 
vn -0.106387 0 0.994325 
vn -0.105804 -0.104528 0.988878 
vn -0.211566 0 0.977364 
vn -0.210407 -0.104528 0.97201 
vn -0.314344 0 0.949309 
vn -0.312622 -0.104528 0.944109 
vn -0.413553 0 0.91048 
vn -0.411288 -0.104528 0.905492 
vn -0.508069 0 0.861316 
vn -0.505286 -0.104528 0.856598 
vn -0.596818 0 0.802376 
vn -0.593549 -0.104528 0.797981 
vn -0.678794 0 0.734329 
vn -0.675075 -0.104528 0.730306 
vn -0.753064 0 0.657947 
vn -0.748939 -0.104528 0.654343 
vn -0.818787 0 0.574097 
vn -0.814302 -0.104528 0.570952 
vn -0.875217 0 0.483731 
vn -0.870422 -0.104528 0.481081 
vn -0.921712 0 0.387874 
vn -0.916663 -0.104528 0.38575 
vn -0.957746 0 0.287615 
vn -0.952499 -0.104528 0.28604 
vn -0.982909 0 0.184092 
vn -0.977525 -0.104528 0.183083 
vn -0.996916 0 0.0784786 
vn -0.991455 -0.104528 0.0780487 
vn -0.999607 0 -0.0280253 
vn -0.994131 -0.104528 -0.0278718 
vn -0.990953 0 -0.134211 
vn -0.985524 -0.104528 -0.133476 
vn -0.971051 0 -0.238874 
vn -0.965731 -0.104528 -0.237565 
vn -0.940127 0 -0.340825 
vn -0.934977 -0.104528 -0.338958 
vn -0.898532 0 -0.438907 
vn -0.89361 -0.104528 -0.436503 
vn -0.846739 0 -0.532008 
vn -0.842101 -0.104528 -0.529094 
vn -0.785335 0 -0.619071 
vn -0.781033 -0.104528 -0.61568 
vn -0.715017 0 -0.699107 
vn -0.7111 -0.104528 -0.695277 
vn -0.636584 0 -0.771207 
vn -0.633097 -0.104528 -0.766983 
vn -0.550925 0 -0.834555 
vn -0.547907 -0.104528 -0.829983 
vn -0.459013 0 -0.88843 
vn -0.456498 -0.104528 -0.883563 
vn -0.361891 0 -0.93222 
vn -0.359908 -0.104528 -0.927114 
vn -0.260661 0 -0.96543 
vn -0.259233 -0.104528 -0.960142 
vn -0.156473 0 -0.987682 
vn -0.155616 -0.104528 -0.982272 
vn -0.0505089 0 -0.998724 
vn 1.19789e-16 -0.207912 0.978148 
vn -0.104062 -0.207912 0.972596 
vn -0.206943 -0.207912 0.956006 
vn -0.307474 -0.207912 0.928565 
vn -0.404516 -0.207912 0.890584 
vn -0.496967 -0.207912 0.842494 
vn -0.583777 -0.207912 0.784842 
vn -0.66396 -0.207912 0.718282 
vn -0.736608 -0.207912 0.643569 
vn -0.800895 -0.207912 0.561552 
vn -0.856091 -0.207912 0.47316 
vn -0.901571 -0.207912 0.379399 
vn -0.936817 -0.207912 0.28133 
vn -0.96143 -0.207912 0.180069 
vn -0.975131 -0.207912 0.0767636 
vn -0.977763 -0.207912 -0.0274129 
vn -0.969298 -0.207912 -0.131278 
vn -0.949831 -0.207912 -0.233654 
vn -0.919583 -0.207912 -0.333377 
vn -0.878897 -0.207912 -0.429316 
vn -0.828236 -0.207912 -0.520383 
vn -0.768174 -0.207912 -0.605543 
vn -0.699392 -0.207912 -0.68383 
vn -0.622673 -0.207912 -0.754355 
vn -0.538886 -0.207912 -0.816318 
vn -0.448982 -0.207912 -0.869015 
vn -0.353983 -0.207912 -0.911849 
vn -0.254965 -0.207912 -0.944333 
vn -0.153054 -0.207912 -0.966099 
vn -0.0502322 -0.104528 -0.993252 
vn 1.16471e-16 -0.309017 0.951057 
vn -0.10118 -0.309017 0.945659 
vn -0.201211 -0.309017 0.929528 
vn -0.298958 -0.309017 0.902847 
vn -0.393313 -0.309017 0.865918 
vn -0.483203 -0.309017 0.81916 
vn -0.567608 -0.309017 0.763105 
vn -0.645571 -0.309017 0.698389 
vn -0.716207 -0.309017 0.625745 
vn -0.778713 -0.309017 0.545999 
vn -0.832381 -0.309017 0.460056 
vn -0.8766 -0.309017 0.368891 
vn -0.910871 -0.309017 0.273538 
vn -0.934802 -0.309017 0.175082 
vn -0.948123 -0.309017 0.0746376 
vn -0.950683 -0.309017 -0.0266537 
vn -0.942452 -0.309017 -0.127642 
vn -0.923524 -0.309017 -0.227182 
vn -0.894114 -0.309017 -0.324144 
vn -0.854555 -0.309017 -0.417426 
vn -0.805297 -0.309017 -0.50597 
vn -0.746898 -0.309017 -0.588771 
vn -0.680022 -0.309017 -0.66489 
vn -0.605427 -0.309017 -0.733462 
vn -0.523961 -0.309017 -0.793709 
vn -0.436547 -0.309017 -0.844947 
vn -0.344179 -0.309017 -0.886594 
vn -0.247904 -0.309017 -0.918179 
vn -0.148815 -0.309017 -0.939342 
vn -0.0494051 -0.207912 -0.976899 
vn 1.11877e-16 -0.406737 0.913545 
vn -0.097189 -0.406737 0.908361 
vn -0.193275 -0.406737 0.892866 
vn -0.287167 -0.406737 0.867237 
vn -0.3778 -0.406737 0.831765 
vn -0.464144 -0.406737 0.786851 
vn -0.545221 -0.406737 0.733007 
vn -0.620109 -0.406737 0.670843 
vn -0.687958 -0.406737 0.601065 
vn -0.747999 -0.406737 0.524464 
vn -0.79955 -0.406737 0.44191 
vn -0.842026 -0.406737 0.354341 
vn -0.874945 -0.406737 0.26275 
vn -0.897932 -0.406737 0.168176 
vn -0.910728 -0.406737 0.0716938 
vn -0.913187 -0.406737 -0.0256024 
vn -0.90528 -0.406737 -0.122608 
vn -0.887099 -0.406737 -0.218222 
vn -0.858849 -0.406737 -0.311359 
vn -0.82085 -0.406737 -0.400962 
vn -0.773535 -0.406737 -0.486014 
vn -0.717439 -0.406737 -0.565549 
vn -0.653201 -0.406737 -0.638666 
vn -0.581548 -0.406737 -0.704533 
vn -0.503295 -0.406737 -0.762404 
vn -0.419329 -0.406737 -0.811621 
vn -0.330604 -0.406737 -0.851626 
vn -0.238126 -0.406737 -0.881964 
vn -0.142945 -0.406737 -0.902293 
vn -0.0480368 -0.309017 -0.949843 
vn 1.06058e-16 -0.5 0.866025 
vn -0.0921335 -0.5 0.861111 
vn -0.183221 -0.5 0.846422 
vn -0.272229 -0.5 0.822126 
vn -0.358148 -0.5 0.788499 
vn -0.440001 -0.5 0.745922 
vn -0.51686 -0.5 0.694878 
vn -0.587852 -0.5 0.635948 
vn -0.652173 -0.5 0.569799 
vn -0.70909 -0.5 0.497183 
vn -0.75796 -0.5 0.418923 
vn -0.798226 -0.5 0.335909 
vn -0.829432 -0.5 0.249082 
vn -0.851224 -0.5 0.159428 
vn -0.863354 -0.5 0.0679644 
vn -0.865685 -0.5 -0.0242706 
vn -0.85819 -0.5 -0.11623 
vn -0.840955 -0.5 -0.206871 
vn -0.814174 -0.5 -0.295163 
vn -0.778152 -0.5 -0.380105 
vn -0.733298 -0.5 -0.460733 
vn -0.68012 -0.5 -0.536131 
vn -0.619223 -0.5 -0.605444 
vn -0.551298 -0.5 -0.667885 
vn -0.477115 -0.5 -0.722746 
vn -0.397517 -0.5 -0.769403 
vn -0.313407 -0.5 -0.807327 
vn -0.225739 -0.5 -0.836087 
vn -0.13551 -0.5 -0.855358 
vn -0.0461422 -0.406737 -0.912379 
vn 9.9076e-17 -0.587785 0.809017 
vn -0.0860686 -0.587785 0.804426 
vn -0.17116 -0.587785 0.790704 
vn -0.254309 -0.587785 0.768007 
vn -0.334572 -0.587785 0.736594 
vn -0.411037 -0.587785 0.696819 
vn -0.482836 -0.587785 0.649136 
vn -0.549156 -0.587785 0.594085 
vn -0.609242 -0.587785 0.53229 
vn -0.662413 -0.587785 0.464454 
vn -0.708065 -0.587785 0.391347 
vn -0.745681 -0.587785 0.313797 
vn -0.774833 -0.587785 0.232686 
vn -0.79519 -0.587785 0.148933 
vn -0.806522 -0.587785 0.0634905 
vn -0.808699 -0.587785 -0.022673 
vn -0.801698 -0.587785 -0.108579 
vn -0.785596 -0.587785 -0.193253 
vn -0.760579 -0.587785 -0.275733 
vn -0.726928 -0.587785 -0.355084 
vn -0.685026 -0.587785 -0.430404 
vn -0.635349 -0.587785 -0.500839 
vn -0.578461 -0.587785 -0.565589 
vn -0.515007 -0.587785 -0.62392 
vn -0.445708 -0.587785 -0.675169 
vn -0.371349 -0.587785 -0.718755 
vn -0.292776 -0.587785 -0.754182 
vn -0.210879 -0.587785 -0.78105 
vn -0.126589 -0.587785 -0.799052 
vn -0.043742 -0.5 -0.86492 
vn 9.1009e-17 -0.669131 0.743145 
vn -0.0790607 -0.669131 0.738927 
vn -0.157224 -0.669131 0.726323 
vn -0.233603 -0.669131 0.705474 
vn -0.30733 -0.669131 0.676618 
vn -0.377569 -0.669131 0.640083 
vn -0.443523 -0.669131 0.596282 
vn -0.504442 -0.669131 0.545713 
vn -0.559636 -0.669131 0.48895 
vn -0.608477 -0.669131 0.426637 
vn -0.650413 -0.669131 0.359482 
vn -0.684966 -0.669131 0.288247 
vn -0.711744 -0.669131 0.21374 
vn -0.730444 -0.669131 0.136807 
vn -0.740853 -0.669131 0.058321 
vn -0.742853 -0.669131 -0.0208269 
vn -0.736421 -0.669131 -0.0997383 
vn -0.721631 -0.669131 -0.177518 
vn -0.69865 -0.669131 -0.253282 
vn -0.66774 -0.669131 -0.326172 
vn -0.62925 -0.669131 -0.395359 
vn -0.583618 -0.669131 -0.460059 
vn -0.531361 -0.669131 -0.519538 
vn -0.473074 -0.669131 -0.573119 
vn -0.409417 -0.669131 -0.620195 
vn -0.341113 -0.669131 -0.660232 
vn -0.268937 -0.669131 -0.692775 
vn -0.193709 -0.669131 -0.717455 
vn -0.116282 -0.669131 -0.733991 
vn -0.0408625 -0.587785 -0.807984 
vn 8.19449e-17 -0.743145 0.669131 
vn -0.0711866 -0.743145 0.665333 
vn -0.141565 -0.743145 0.653984 
vn -0.210337 -0.743145 0.635212 
vn -0.276721 -0.743145 0.60923 
vn -0.339965 -0.743145 0.576333 
vn -0.39935 -0.743145 0.536895 
vn -0.454202 -0.743145 0.491362 
vn -0.503898 -0.743145 0.440253 
vn -0.547876 -0.743145 0.384146 
vn -0.585634 -0.743145 0.323679 
vn -0.616746 -0.743145 0.259539 
vn -0.640857 -0.743145 0.192452 
vn -0.657695 -0.743145 0.123181 
vn -0.667067 -0.743145 0.0525124 
vn -0.668868 -0.743145 -0.0187526 
vn -0.663077 -0.743145 -0.0898048 
vn -0.64976 -0.743145 -0.159838 
vn -0.629068 -0.743145 -0.228056 
vn -0.601235 -0.743145 -0.293686 
vn -0.566579 -0.743145 -0.355983 
vn -0.525492 -0.743145 -0.414239 
vn -0.47844 -0.743145 -0.467794 
vn -0.425958 -0.743145 -0.516039 
vn -0.368641 -0.743145 -0.558426 
vn -0.30714 -0.743145 -0.594475 
vn -0.242152 -0.743145 -0.623777 
vn -0.174416 -0.743145 -0.645999 
vn -0.104701 -0.743145 -0.660888 
vn -0.0375354 -0.669131 -0.742196 
vn 7.19829e-17 -0.809017 0.587785 
vn -0.0625325 -0.809017 0.584449 
vn -0.124355 -0.809017 0.57448 
vn -0.184766 -0.809017 0.55799 
vn -0.243081 -0.809017 0.535167 
vn -0.298636 -0.809017 0.506269 
vn -0.350801 -0.809017 0.471625 
vn -0.398985 -0.809017 0.431628 
vn -0.44264 -0.809017 0.386732 
vn -0.481271 -0.809017 0.337446 
vn -0.514439 -0.809017 0.28433 
vn -0.541769 -0.809017 0.227987 
vn -0.562949 -0.809017 0.169056 
vn -0.577739 -0.809017 0.108206 
vn -0.585972 -0.809017 0.0461286 
vn -0.587554 -0.809017 -0.0164729 
vn -0.582467 -0.809017 -0.0788873 
vn -0.570769 -0.809017 -0.140406 
vn -0.552593 -0.809017 -0.200332 
vn -0.528144 -0.809017 -0.257983 
vn -0.497701 -0.809017 -0.312707 
vn -0.461608 -0.809017 -0.363881 
vn -0.420277 -0.809017 -0.410925 
vn -0.374175 -0.809017 -0.453304 
vn -0.323826 -0.809017 -0.490539 
vn -0.269801 -0.809017 -0.522206 
vn -0.212714 -0.809017 -0.547945 
vn -0.153213 -0.809017 -0.567466 
vn -0.0919726 -0.809017 -0.580545 
vn -0.033797 -0.743145 -0.668277 
vn 6.12323e-17 -0.866025 0.5 
vn -0.0531933 -0.866025 0.497162 
vn -0.105783 -0.866025 0.488682 
vn -0.157172 -0.866025 0.474655 
vn -0.206777 -0.866025 0.45524 
vn -0.254035 -0.866025 0.430658 
vn -0.298409 -0.866025 0.401188 
vn -0.339397 -0.866025 0.367165 
vn -0.376532 -0.866025 0.328974 
vn -0.409394 -0.866025 0.287049 
vn -0.437608 -0.866025 0.241866 
vn -0.460856 -0.866025 0.193937 
vn -0.478873 -0.866025 0.143808 
vn -0.491455 -0.866025 0.0920459 
vn -0.498458 -0.866025 0.0392393 
vn -0.499804 -0.866025 -0.0140127 
vn -0.495476 -0.866025 -0.0671056 
vn -0.485525 -0.866025 -0.119437 
vn -0.470063 -0.866025 -0.170412 
vn -0.449266 -0.866025 -0.219454 
vn -0.42337 -0.866025 -0.266004 
vn -0.392668 -0.866025 -0.309535 
vn -0.357509 -0.866025 -0.349553 
vn -0.318292 -0.866025 -0.385604 
vn -0.275462 -0.866025 -0.417277 
vn -0.229506 -0.866025 -0.444215 
vn -0.180945 -0.866025 -0.46611 
vn -0.130331 -0.866025 -0.482715 
vn -0.0782365 -0.866025 -0.493841 
vn -0.0296884 -0.809017 -0.587035 
vn 4.98109e-17 -0.913545 0.406737 
vn -0.0432713 -0.913545 0.404428 
vn -0.0860515 -0.913545 0.39753 
vn -0.127855 -0.913545 0.386119 
vn -0.168207 -0.913545 0.370326 
vn -0.20665 -0.913545 0.350329 
vn -0.242748 -0.913545 0.326356 
vn -0.27609 -0.913545 0.298679 
vn -0.306299 -0.913545 0.267611 
vn -0.333031 -0.913545 0.233506 
vn -0.355983 -0.913545 0.196751 
vn -0.374894 -0.913545 0.157763 
vn -0.38955 -0.913545 0.116984 
vn -0.399785 -0.913545 0.0748769 
vn -0.405482 -0.913545 0.0319201 
vn -0.406577 -0.913545 -0.0113989 
vn -0.403057 -0.913545 -0.0545886 
vn -0.394962 -0.913545 -0.0971586 
vn -0.382384 -0.913545 -0.138626 
vn -0.365466 -0.913545 -0.17852 
vn -0.3444 -0.913545 -0.216387 
vn -0.319425 -0.913545 -0.251799 
vn -0.290824 -0.913545 -0.284352 
vn -0.258922 -0.913545 -0.313678 
vn -0.224081 -0.913545 -0.339444 
vn -0.186697 -0.913545 -0.361357 
vn -0.147194 -0.913545 -0.379168 
vn -0.10602 -0.913545 -0.392676 
vn -0.0636433 -0.913545 -0.401727 
vn -0.0252544 -0.866025 -0.499362 
vn 3.78437e-17 -0.951057 0.309017 
vn -0.0328753 -0.951057 0.307263 
vn -0.0653774 -0.951057 0.302022 
vn -0.0971375 -0.951057 0.293353 
vn -0.127795 -0.951057 0.281354 
vn -0.157002 -0.951057 0.266161 
vn -0.184427 -0.951057 0.247948 
vn -0.209759 -0.951057 0.22692 
vn -0.23271 -0.951057 0.203317 
vn -0.253019 -0.951057 0.177406 
vn -0.270457 -0.951057 0.149481 
vn -0.284825 -0.951057 0.11986 
vn -0.29596 -0.951057 0.088878 
vn -0.303736 -0.951057 0.0568875 
vn -0.308064 -0.951057 0.0242512 
vn -0.308896 -0.951057 -0.0086603 
vn -0.306221 -0.951057 -0.0414735 
vn -0.300071 -0.951057 -0.073816 
vn -0.290515 -0.951057 -0.105321 
vn -0.277662 -0.951057 -0.13563 
vn -0.261657 -0.951057 -0.1644 
vn -0.242682 -0.951057 -0.191303 
vn -0.220952 -0.951057 -0.216036 
vn -0.196715 -0.951057 -0.238316 
vn -0.170245 -0.951057 -0.257892 
vn -0.141843 -0.951057 -0.27454 
vn -0.11183 -0.951057 -0.288072 
vn -0.0805488 -0.951057 -0.298334 
vn -0.0483528 -0.951057 -0.305211 
vn -0.0205438 -0.913545 -0.406217 
vn 2.54618e-17 -0.978148 0.207912 
vn -0.022119 -0.978148 0.206732 
vn -0.043987 -0.978148 0.203205 
vn -0.0653557 -0.978148 0.197373 
vn -0.0859826 -0.978148 0.189299 
vn -0.105634 -0.978148 0.179078 
vn -0.124086 -0.978148 0.166823 
vn -0.141129 -0.978148 0.152676 
vn -0.156571 -0.978148 0.136795 
vn -0.170235 -0.978148 0.119362 
vn -0.181968 -0.978148 0.100573 
vn -0.191635 -0.978148 0.0806436 
vn -0.199127 -0.978148 0.0597986 
vn -0.204358 -0.978148 0.0382748 
vn -0.20727 -0.978148 0.0163166 
vn -0.20783 -0.978148 -0.00582679 
vn -0.206031 -0.978148 -0.0279041 
vn -0.201893 -0.978148 -0.0496646 
vn -0.195463 -0.978148 -0.0708615 
vn -0.186815 -0.978148 -0.091254 
vn -0.176047 -0.978148 -0.110611 
vn -0.16328 -0.978148 -0.128712 
vn -0.14866 -0.978148 -0.145352 
vn -0.132353 -0.978148 -0.160343 
vn -0.114544 -0.978148 -0.173514 
vn -0.0954341 -0.978148 -0.184715 
vn -0.0752413 -0.978148 -0.19382 
vn -0.0541945 -0.978148 -0.200724 
vn -0.0325326 -0.978148 -0.205351 
vn -0.0156081 -0.951057 -0.308623 
vn 1.2801e-17 -0.994522 0.104528 
vn -0.0111204 -0.994522 0.103935 
vn -0.0221146 -0.994522 0.102162 
vn -0.0328578 -0.994522 0.0992298 
vn -0.0432281 -0.994522 0.0951711 
vn -0.0531077 -0.994522 0.0900321 
vn -0.0623845 -0.994522 0.0838712 
vn -0.0709532 -0.994522 0.0767583 
vn -0.0787166 -0.994522 0.0687742 
vn -0.0855866 -0.994522 0.0600095 
vn -0.0914851 -0.994522 0.0505637 
vn -0.0963452 -0.994522 0.0405439 
vn -0.100112 -0.994522 0.030064 
vn -0.102742 -0.994522 0.0192428 
vn -0.104206 -0.994522 0.00820325 
vn -0.104487 -0.994522 -0.00292944 
vn -0.103583 -0.994522 -0.0140289 
vn -0.101502 -0.994522 -0.0249691 
vn -0.09827 -0.994522 -0.0356259 
vn -0.0939222 -0.994522 -0.0458783 
vn -0.0885083 -0.994522 -0.05561 
vn -0.0820899 -0.994522 -0.0647105 
vn -0.0747397 -0.994522 -0.0730766 
vn -0.0665411 -0.994522 -0.0806131 
vn -0.0575873 -0.994522 -0.0872347 
vn -0.0479799 -0.994522 -0.0928662 
vn -0.0378279 -0.994522 -0.0974436 
vn -0.0272465 -0.994522 -0.100915 
vn -0.0163559 -0.994522 -0.103241 
vn -0.0105014 -0.978148 -0.207646 
vn -2.10042e-31 -1 -1.71512e-15 
vn -0.00527962 -0.994522 -0.104395 
vn 0.0307478 -0.0405386 -0.998705 
vn 0.0307692 0 -0.999527 
vn 0.0305192 -0.138172 -0.989938 
vn 0.0306315 -0.104545 -0.994048 
vn 0.0300373 -0.234994 -0.971533 
vn 0.0302029 -0.207932 -0.977677 
vn 0.0292901 -0.330975 -0.943185 
vn 0.028914 -0.36894 -0.929003 
vn 0.0294897 -0.30904 -0.950592 
vn 0.0284953 -0.406728 -0.913105 
vn 0.0278295 -0.458172 -0.888428 
vn 0.0264915 -0.543446 -0.839026 
vn 0.027218 -0.499998 -0.865599 
vn 0.0248813 -0.624635 -0.780521 
vn 0.0256618 -0.587789 -0.808607 
vn 0.023829 -0.669114 -0.742778 
vn 0.02224 -0.726526 -0.686779 
vn 0.0241583 -0.655752 -0.754589 
vn 0.0217262 -0.74313 -0.668794 
vn 0.0200744 -0.790643 -0.611948 
vn 0.0193566 -0.809005 -0.587483 
vn 0.0176373 -0.84789 -0.529879 
vn 0.0165844 -0.868666 -0.49512 
vn 0.0138798 -0.913003 -0.407716 
vn 0.0167245 -0.866026 -0.499719 
vn 0.0138417 -0.913544 -0.406504 
vn 0.0109448 -0.948732 -0.315892 
vn 0.0107155 -0.951052 -0.308845 
vn 0.00775272 -0.975579 -0.219512 
vn 0.00735663 -0.978143 -0.207802 
vn 0.00428883 -0.992893 -0.118933 
vn 0.00377921 -0.99452 -0.104481 
vn 0.000759503 -0.999787 -0.0206192 
vn 8.6629e-17 -1 1.71294e-15 
vn 0 -0.999787 -0.0206332 
vn 9.39329e-18 -0.994522 -0.104528 
vn 0 -0.99452 -0.10455 
vn 0 -0.992893 -0.11901 
vn 1.86837e-17 -0.978148 -0.207912 
vn 0 -0.978143 -0.207932 
vn 0 -0.975579 -0.219649 
vn 2.77693e-17 -0.951057 -0.309017 
vn 0 -0.951052 -0.309031 
vn 0 -0.948732 -0.316082 
vn 3.65507e-17 -0.913545 -0.406737 
vn 4.49317e-17 -0.866025 -0.5 
vn 0 -0.913003 -0.407952 
vn 0 -0.868666 -0.495398 
vn 0 -0.913544 -0.406739 
vn 0 -0.866026 -0.499999 
vn 0 -0.84789 -0.530173 
vn 5.28204e-17 -0.809017 -0.587785 
vn 0 -0.809005 -0.587802 
vn 0 -0.790643 -0.612277 
vn 6.01304e-17 -0.743145 -0.669131 
vn 0 -0.74313 -0.669147 
vn 0 -0.726526 -0.687139 
vn 6.67815e-17 -0.669131 -0.743145 
vn 7.2701e-17 -0.587785 -0.809017 
vn 0 -0.655752 -0.754976 
vn 0 -0.624635 -0.780917 
vn 0 -0.669114 -0.74316 
vn 0 -0.587789 -0.809014 
vn 0 -0.543446 -0.839444 
vn 7.7824e-17 -0.5 -0.866025 
vn 0 -0.499998 -0.866026 
vn 0 -0.458172 -0.888864 
vn 8.20943e-17 -0.406737 -0.913545 
vn 0 -0.330975 -0.94364 
vn 0 -0.30904 -0.951049 
vn 0 -0.406728 -0.913549 
vn 0 -0.36894 -0.929453 
vn 8.54652e-17 -0.309017 -0.951057 
vn 0 -0.234994 -0.971997 
vn 0 -0.207932 -0.978143 
vn 8.78997e-17 -0.207912 -0.978148 
vn 0 -0.138172 -0.990408 
vn 8.93711e-17 -0.104528 -0.994522 
vn 0 -0.104545 -0.99452 
vn 0 -0.0405386 -0.999178 
vn 8.98634e-17 1.22465e-16 -1 
usemtl 0.615686_0.811765_0.929412_0.000000_0.000000
o mesh0
f 1//1 2//2 3//2 
f 4//3 1//1 5//4 
f 6//5 4//3 7//6 
f 8//7 6//5 9//8 
f 10//9 8//7 11//10 
f 12//11 10//9 13//12 
f 14//13 12//11 15//14 
f 16//15 14//13 17//16 
f 18//17 16//15 19//18 
f 20//19 18//17 21//20 
f 22//21 20//19 23//22 
f 24//23 22//21 25//24 
f 26//25 24//23 27//26 
f 28//27 26//25 29//28 
f 30//29 28//27 31//30 
f 32//31 30//29 33//32 
f 34//33 32//31 35//34 
f 36//35 34//33 37//36 
f 38//37 36//35 39//38 
f 40//39 38//37 41//40 
f 42//41 40//39 43//42 
f 44//43 42//41 45//44 
f 46//45 44//43 47//46 
f 48//47 46//45 49//48 
f 50//49 48//47 51//50 
f 52//51 50//49 53//52 
f 54//53 52//51 55//54 
f 56//55 54//53 57//56 
f 58//57 56//55 59//58 
f 60//59 58//57 61//60 
f 62//61 60//59 63//62 
f 64//63 62//61 65//64 
f 66//65 64//63 67//66 
f 68//67 66//65 69//68 
f 70//69 68//67 71//70 
f 72//71 70//69 73//72 
f 74//73 72//71 75//74 
f 76//75 74//73 77//76 
f 78//77 76//75 79//78 
f 80//79 78//77 81//80 
f 82//81 80//79 83//82 
f 84//83 82//81 85//84 
f 86//85 84//83 87//86 
f 88//87 86//85 89//88 
f 90//89 88//87 91//90 
f 92//91 90//89 93//92 
f 94//93 92//91 95//94 
f 96//95 94//93 97//96 
f 98//97 96//95 99//98 
f 100//99 98//97 101//100 
f 102//101 100//99 103//102 
f 104//103 102//101 105//104 
f 106//105 104//103 107//106 
f 108//107 106//105 109//108 
f 110//109 108//107 111//110 
f 112//111 110//109 113//112 
f 114//113 112//111 115//114 
f 2//2 114//113 116//113 
f 116//113 3//2 2//2 
f 115//114 116//113 114//113 
f 113//112 115//114 112//111 
f 111//110 113//112 110//109 
f 109//108 111//110 108//107 
f 107//106 109//108 106//105 
f 105//104 107//106 104//103 
f 103//102 105//104 102//101 
f 101//100 103//102 100//99 
f 99//98 101//100 98//97 
f 97//96 99//98 96//95 
f 95//94 97//96 94//93 
f 93//92 95//94 92//91 
f 91//90 93//92 90//89 
f 89//88 91//90 88//87 
f 87//86 89//88 86//85 
f 85//84 87//86 84//83 
f 83//82 85//84 82//81 
f 81//80 83//82 80//79 
f 79//78 81//80 78//77 
f 77//76 79//78 76//75 
f 75//74 77//76 74//73 
f 73//72 75//74 72//71 
f 71//70 73//72 70//69 
f 69//68 71//70 68//67 
f 67//66 69//68 66//65 
f 65//64 67//66 64//63 
f 63//62 65//64 62//61 
f 61//60 63//62 60//59 
f 59//58 61//60 58//57 
f 57//56 59//58 56//55 
f 55//54 57//56 54//53 
f 53//52 55//54 52//51 
f 51//50 53//52 50//49 
f 49//48 51//50 48//47 
f 47//46 49//48 46//45 
f 45//44 47//46 44//43 
f 43//42 45//44 42//41 
f 41//40 43//42 40//39 
f 39//38 41//40 38//37 
f 37//36 39//38 36//35 
f 35//34 37//36 34//33 
f 33//32 35//34 32//31 
f 31//30 33//32 30//29 
f 29//28 31//30 28//27 
f 27//26 29//28 26//25 
f 25//24 27//26 24//23 
f 23//22 25//24 22//21 
f 21//20 23//22 20//19 
f 19//18 21//20 18//17 
f 17//16 19//18 16//15 
f 15//14 17//16 14//13 
f 13//12 15//14 12//11 
f 11//10 13//12 10//9 
f 9//8 11//10 8//7 
f 7//6 9//8 6//5 
f 5//4 7//6 4//3 
f 3//2 5//4 1//1 
o mesh1
f 175//115 117//116 118//116 
f 176//117 118//116 119//116 
f 177//118 119//116 120//119 
f 178//120 120//119 121//119 
f 179//121 121//119 122//122 
f 180//123 122//122 123//122 
f 181//124 123//122 124//125 
f 182//126 124//125 125//125 
f 183//127 125//125 126//128 
f 184//129 126//128 127//128 
f 185//130 127//128 128//131 
f 186//132 128//131 129//131 
f 187//133 129//131 130//134 
f 188//135 130//134 131//134 
f 189//136 131//134 132//137 
f 190//138 132//137 133//137 
f 191//139 133//137 134//140 
f 192//141 134//140 135//140 
f 193//142 135//140 136//143 
f 194//144 136//143 137//143 
f 195//145 137//143 138//146 
f 196//147 138//146 139//146 
f 197//148 139//146 140//149 
f 198//150 140//149 141//149 
f 199//151 141//149 142//152 
f 200//153 142//152 143//152 
f 201//154 143//152 144//155 
f 202//156 144//155 145//155 
f 203//157 145//155 146//158 
f 204//159 146//158 147//158 
f 205//160 147//158 148//161 
f 206//162 148//161 149//161 
f 207//163 149//161 150//164 
f 208//165 150//164 151//164 
f 209//166 151//164 152//167 
f 210//168 152//167 153//167 
f 211//169 153//167 154//170 
f 212//171 154//170 155//170 
f 213//172 155//170 156//173 
f 214//174 156//173 157//173 
f 215//175 157//173 158//176 
f 216//177 158//176 159//176 
f 217//178 159//176 160//179 
f 218//180 160//179 161//179 
f 219//181 161//179 162//182 
f 220//183 162//182 163//182 
f 221//184 163//182 164//185 
f 222//186 164//185 165//185 
f 223//187 165//185 166//188 
f 224//189 166//188 167//188 
f 225//190 167//188 168//191 
f 226//192 168//191 169//191 
f 227//193 169//191 170//194 
f 228//195 170//194 171//194 
f 229//196 171//194 172//197 
f 230//198 172//197 173//197 
f 231//199 173//197 174//200 
f 232//201 174//200 117//116 
f 233//202 175//115 176//117 
f 234//203 176//117 177//118 
f 235//204 177//118 178//120 
f 236//205 178//120 179//121 
f 237//206 179//121 180//123 
f 238//207 180//123 181//124 
f 239//208 181//124 182//126 
f 240//209 182//126 183//127 
f 241//210 183//127 184//129 
f 242//211 184//129 185//130 
f 243//212 185//130 186//132 
f 244//213 186//132 187//133 
f 245//214 187//133 188//135 
f 246//215 188//135 189//136 
f 247//216 189//136 190//138 
f 248//217 190//138 191//139 
f 249//218 191//139 192//141 
f 250//219 192//141 193//142 
f 251//220 193//142 194//144 
f 252//221 194//144 195//145 
f 253//222 195//145 196//147 
f 254//223 196//147 197//148 
f 255//224 197//148 198//150 
f 256//225 198//150 199//151 
f 257//226 199//151 200//153 
f 258//227 200//153 201//154 
f 259//228 201//154 202//156 
f 260//229 202//156 203//157 
f 261//230 203//157 204//159 
f 262//231 204//159 205//160 
f 263//232 205//160 206//162 
f 264//233 206//162 207//163 
f 265//234 207//163 208//165 
f 266//235 208//165 209//166 
f 267//236 209//166 210//168 
f 268//237 210//168 211//169 
f 269//238 211//169 212//171 
f 270//239 212//171 213//172 
f 271//240 213//172 214//174 
f 272//241 214//174 215//175 
f 273//242 215//175 216//177 
f 274//243 216//177 217//178 
f 275//244 217//178 218//180 
f 276//245 218//180 219//181 
f 277//246 219//181 220//183 
f 278//247 220//183 221//184 
f 279//248 221//184 222//186 
f 280//249 222//186 223//187 
f 281//250 223//187 224//189 
f 282//251 224//189 225//190 
f 283//252 225//190 226//192 
f 284//253 226//192 227//193 
f 285//254 227//193 228//195 
f 286//255 228//195 229//196 
f 287//256 229//196 230//198 
f 288//257 230//198 231//199 
f 289//258 231//199 232//201 
f 290//259 232//201 175//115 
f 291//260 233//202 234//203 
f 292//261 234//203 235//204 
f 293//262 235//204 236//205 
f 294//263 236//205 237//206 
f 295//264 237//206 238//207 
f 296//265 238//207 239//208 
f 297//266 239//208 240//209 
f 298//267 240//209 241//210 
f 299//268 241//210 242//211 
f 300//269 242//211 243//212 
f 301//270 243//212 244//213 
f 302//271 244//213 245//214 
f 303//272 245//214 246//215 
f 304//273 246//215 247//216 
f 305//274 247//216 248//217 
f 306//275 248//217 249//218 
f 307//276 249//218 250//219 
f 308//277 250//219 251//220 
f 309//278 251//220 252//221 
f 310//279 252//221 253//222 
f 311//280 253//222 254//223 
f 312//281 254//223 255//224 
f 313//282 255//224 256//225 
f 314//283 256//225 257//226 
f 315//284 257//226 258//227 
f 316//285 258//227 259//228 
f 317//286 259//228 260//229 
f 318//287 260//229 261//230 
f 319//288 261//230 262//231 
f 320//289 262//231 263//232 
f 321//290 263//232 264//233 
f 322//291 264//233 265//234 
f 323//292 265//234 266//235 
f 324//293 266//235 267//236 
f 325//294 267//236 268//237 
f 326//295 268//237 269//238 
f 327//296 269//238 270//239 
f 328//297 270//239 271//240 
f 329//298 271//240 272//241 
f 330//299 272//241 273//242 
f 331//300 273//242 274//243 
f 332//301 274//243 275//244 
f 333//302 275//244 276//245 
f 334//303 276//245 277//246 
f 335//304 277//246 278//247 
f 336//305 278//247 279//248 
f 337//306 279//248 280//249 
f 338//307 280//249 281//250 
f 339//308 281//250 282//251 
f 340//309 282//251 283//252 
f 341//310 283//252 284//253 
f 342//311 284//253 285//254 
f 343//312 285//254 286//255 
f 344//313 286//255 287//256 
f 345//314 287//256 288//257 
f 346//315 288//257 289//258 
f 347//316 289//258 290//259 
f 348//317 290//259 233//202 
f 349//318 291//260 292//261 
f 350//319 292//261 293//262 
f 351//320 293//262 294//263 
f 352//321 294//263 295//264 
f 353//322 295//264 296//265 
f 354//323 296//265 297//266 
f 355//324 297//266 298//267 
f 356//325 298//267 299//268 
f 357//326 299//268 300//269 
f 358//327 300//269 301//270 
f 359//328 301//270 302//271 
f 360//329 302//271 303//272 
f 361//330 303//272 304//273 
f 362//331 304//273 305//274 
f 363//332 305//274 306//275 
f 364//333 306//275 307//276 
f 365//334 307//276 308//277 
f 366//335 308//277 309//278 
f 367//336 309//278 310//279 
f 368//337 310//279 311//280 
f 369//338 311//280 312//281 
f 370//339 312//281 313//282 
f 371//340 313//282 314//283 
f 372//341 314//283 315//284 
f 373//342 315//284 316//285 
f 374//343 316//285 317//286 
f 375//344 317//286 318//287 
f 376//345 318//287 319//288 
f 377//346 319//288 320//289 
f 378//347 320//289 321//290 
f 379//348 321//290 322//291 
f 380//349 322//291 323//292 
f 381//350 323//292 324//293 
f 382//351 324//293 325//294 
f 383//352 325//294 326//295 
f 384//353 326//295 327//296 
f 385//354 327//296 328//297 
f 386//355 328//297 329//298 
f 387//356 329//298 330//299 
f 388//357 330//299 331//300 
f 389//358 331//300 332//301 
f 390//359 332//301 333//302 
f 391//360 333//302 334//303 
f 392//361 334//303 335//304 
f 393//362 335//304 336//305 
f 394//363 336//305 337//306 
f 395//364 337//306 338//307 
f 396//365 338//307 339//308 
f 397//366 339//308 340//309 
f 398//367 340//309 341//310 
f 399//368 341//310 342//311 
f 400//369 342//311 343//312 
f 401//370 343//312 344//313 
f 402//371 344//313 345//314 
f 403//372 345//314 346//315 
f 404//373 346//315 347//316 
f 405//374 347//316 348//317 
f 406//375 348//317 291//260 
f 407//376 349//318 350//319 
f 408//377 350//319 351//320 
f 409//378 351//320 352//321 
f 410//379 352//321 353//322 
f 411//380 353//322 354//323 
f 412//381 354//323 355//324 
f 413//382 355//324 356//325 
f 414//383 356//325 357//326 
f 415//384 357//326 358//327 
f 416//385 358//327 359//328 
f 417//386 359//328 360//329 
f 418//387 360//329 361//330 
f 419//388 361//330 362//331 
f 420//389 362//331 363//332 
f 421//390 363//332 364//333 
f 422//391 364//333 365//334 
f 423//392 365//334 366//335 
f 424//393 366//335 367//336 
f 425//394 367//336 368//337 
f 426//395 368//337 369//338 
f 427//396 369//338 370//339 
f 428//397 370//339 371//340 
f 429//398 371//340 372//341 
f 430//399 372//341 373//342 
f 431//400 373//342 374//343 
f 432//401 374//343 375//344 
f 433//402 375//344 376//345 
f 434//403 376//345 377//346 
f 435//404 377//346 378//347 
f 436//405 378//347 379//348 
f 437//406 379//348 380//349 
f 438//407 380//349 381//350 
f 439//408 381//350 382//351 
f 440//409 382//351 383//352 
f 441//410 383//352 384//353 
f 442//411 384//353 385//354 
f 443//412 385//354 386//355 
f 444//413 386//355 387//356 
f 445//414 387//356 388//357 
f 446//415 388//357 389//358 
f 447//416 389//358 390//359 
f 448//417 390//359 391//360 
f 449//418 391//360 392//361 
f 450//419 392//361 393//362 
f 451//420 393//362 394//363 
f 452//421 394//363 395//364 
f 453//422 395//364 396//365 
f 454//423 396//365 397//366 
f 455//424 397//366 398//367 
f 456//425 398//367 399//368 
f 457//426 399//368 400//369 
f 458//427 400//369 401//370 
f 459//428 401//370 402//371 
f 460//429 402//371 403//372 
f 461//430 403//372 404//373 
f 462//431 404//373 405//374 
f 463//432 405//374 406//375 
f 464//433 406//375 349//318 
f 465//434 407//376 408//377 
f 466//435 408//377 409//378 
f 467//436 409//378 410//379 
f 468//437 410//379 411//380 
f 469//438 411//380 412//381 
f 470//439 412//381 413//382 
f 471//440 413//382 414//383 
f 472//441 414//383 415//384 
f 473//442 415//384 416//385 
f 474//443 416//385 417//386 
f 475//444 417//386 418//387 
f 476//445 418//387 419//388 
f 477//446 419//388 420//389 
f 478//447 420//389 421//390 
f 479//448 421//390 422//391 
f 480//449 422//391 423//392 
f 481//450 423//392 424//393 
f 482//451 424//393 425//394 
f 483//452 425//394 426//395 
f 484//453 426//395 427//396 
f 485//454 427//396 428//397 
f 486//455 428//397 429//398 
f 487//456 429//398 430//399 
f 488//457 430//399 431//400 
f 489//458 431//400 432//401 
f 490//459 432//401 433//402 
f 491//460 433//402 434//403 
f 492//461 434//403 435//404 
f 493//462 435//404 436//405 
f 494//463 436//405 437//406 
f 495//464 437//406 438//407 
f 496//465 438//407 439//408 
f 497//466 439//408 440//409 
f 498//467 440//409 441//410 
f 499//468 441//410 442//411 
f 500//469 442//411 443//412 
f 501//470 443//412 444//413 
f 502//471 444//413 445//414 
f 503//472 445//414 446//415 
f 504//473 446//415 447//416 
f 505//474 447//416 448//417 
f 506//475 448//417 449//418 
f 507//476 449//418 450//419 
f 508//477 450//419 451//420 
f 509//478 451//420 452//421 
f 510//479 452//421 453//422 
f 511//480 453//422 454//423 
f 512//481 454//423 455//424 
f 513//482 455//424 456//425 
f 514//483 456//425 457//426 
f 515//484 457//426 458//427 
f 516//485 458//427 459//428 
f 517//486 459//428 460//429 
f 518//487 460//429 461//430 
f 519//488 461//430 462//431 
f 520//489 462//431 463//432 
f 521//490 463//432 464//433 
f 522//491 464//433 407//376 
f 523//492 465//434 466//435 
f 524//493 466//435 467//436 
f 525//494 467//436 468//437 
f 526//495 468//437 469//438 
f 527//496 469//438 470//439 
f 528//497 470//439 471//440 
f 529//498 471//440 472//441 
f 530//499 472//441 473//442 
f 531//500 473//442 474//443 
f 532//501 474//443 475//444 
f 533//502 475//444 476//445 
f 534//503 476//445 477//446 
f 535//504 477//446 478//447 
f 536//505 478//447 479//448 
f 537//506 479//448 480//449 
f 538//507 480//449 481//450 
f 539//508 481//450 482//451 
f 540//509 482//451 483//452 
f 541//510 483//452 484//453 
f 542//511 484//453 485//454 
f 543//512 485//454 486//455 
f 544//513 486//455 487//456 
f 545//514 487//456 488//457 
f 546//515 488//457 489//458 
f 547//516 489//458 490//459 
f 548//517 490//459 491//460 
f 549//518 491//460 492//461 
f 550//519 492//461 493//462 
f 551//520 493//462 494//463 
f 552//521 494//463 495//464 
f 553//522 495//464 496//465 
f 554//523 496//465 497//466 
f 555//524 497//466 498//467 
f 556//525 498//467 499//468 
f 557//526 499//468 500//469 
f 558//527 500//469 501//470 
f 559//528 501//470 502//471 
f 560//529 502//471 503//472 
f 561//530 503//472 504//473 
f 562//531 504//473 505//474 
f 563//532 505//474 506//475 
f 564//533 506//475 507//476 
f 565//534 507//476 508//477 
f 566//535 508//477 509//478 
f 567//536 509//478 510//479 
f 568//537 510//479 511//480 
f 569//538 511//480 512//481 
f 570//539 512//481 513//482 
f 571//540 513//482 514//483 
f 572//541 514//483 515//484 
f 573//542 515//484 516//485 
f 574//543 516//485 517//486 
f 575//544 517//486 518//487 
f 576//545 518//487 519//488 
f 577//546 519//488 520//489 
f 578//547 520//489 521//490 
f 579//548 521//490 522//491 
f 580//549 522//491 465//434 
f 581//550 523//492 524//493 
f 582//551 524//493 525//494 
f 583//552 525//494 526//495 
f 584//553 526//495 527//496 
f 585//554 527//496 528//497 
f 586//555 528//497 529//498 
f 587//556 529//498 530//499 
f 588//557 530//499 531//500 
f 589//558 531//500 532//501 
f 590//559 532//501 533//502 
f 591//560 533//502 534//503 
f 592//561 534//503 535//504 
f 593//562 535//504 536//505 
f 594//563 536//505 537//506 
f 595//564 537//506 538//507 
f 596//565 538//507 539//508 
f 597//566 539//508 540//509 
f 598//567 540//509 541//510 
f 599//568 541//510 542//511 
f 600//569 542//511 543//512 
f 601//570 543//512 544//513 
f 602//571 544//513 545//514 
f 603//572 545//514 546//515 
f 604//573 546//515 547//516 
f 605//574 547//516 548//517 
f 606//575 548//517 549//518 
f 607//576 549//518 550//519 
f 608//577 550//519 551//520 
f 609//578 551//520 552//521 
f 610//579 552//521 553//522 
f 611//580 553//522 554//523 
f 612//581 554//523 555//524 
f 613//582 555//524 556//525 
f 614//583 556//525 557//526 
f 615//584 557//526 558//527 
f 616//585 558//527 559//528 
f 617//586 559//528 560//529 
f 618//587 560//529 561//530 
f 619//588 561//530 562//531 
f 620//589 562//531 563//532 
f 621//590 563//532 564//533 
f 622//591 564//533 565//534 
f 623//592 565//534 566//535 
f 624//593 566//535 567//536 
f 625//594 567//536 568//537 
f 626//595 568//537 569//538 
f 627//596 569//538 570//539 
f 628//597 570//539 571//540 
f 629//598 571//540 572//541 
f 630//599 572//541 573//542 
f 631//600 573//542 574//543 
f 632//601 574//543 575//544 
f 633//602 575//544 576//545 
f 634//603 576//545 577//546 
f 635//604 577//546 578//547 
f 636//605 578//547 579//548 
f 637//606 579//548 580//549 
f 638//607 580//549 523//492 
f 639//608 581//550 582//551 
f 640//609 582//551 583//552 
f 641//610 583//552 584//553 
f 642//611 584//553 585//554 
f 643//612 585//554 586//555 
f 644//613 586//555 587//556 
f 645//614 587//556 588//557 
f 646//615 588//557 589//558 
f 647//616 589//558 590//559 
f 648//617 590//559 591//560 
f 649//618 591//560 592//561 
f 650//619 592//561 593//562 
f 651//620 593//562 594//563 
f 652//621 594//563 595//564 
f 653//622 595//564 596//565 
f 654//623 596//565 597//566 
f 655//624 597//566 598//567 
f 656//625 598//567 599//568 
f 657//626 599//568 600//569 
f 658//627 600//569 601//570 
f 659//628 601//570 602//571 
f 660//629 602//571 603//572 
f 661//630 603//572 604//573 
f 662//631 604//573 605//574 
f 663//632 605//574 606//575 
f 664//633 606//575 607//576 
f 665//634 607//576 608//577 
f 666//635 608//577 609//578 
f 667//636 609//578 610//579 
f 668//637 610//579 611//580 
f 669//638 611//580 612//581 
f 670//639 612//581 613//582 
f 671//640 613//582 614//583 
f 672//641 614//583 615//584 
f 673//642 615//584 616//585 
f 674//643 616//585 617//586 
f 675//644 617//586 618//587 
f 676//645 618//587 619//588 
f 677//646 619//588 620//589 
f 678//647 620//589 621//590 
f 679//648 621//590 622//591 
f 680//649 622//591 623//592 
f 681//650 623//592 624//593 
f 682//651 624//593 625//594 
f 683//652 625//594 626//595 
f 684//653 626//595 627//596 
f 685//654 627//596 628//597 
f 686//655 628//597 629//598 
f 687//656 629//598 630//599 
f 688//657 630//599 631//600 
f 689//658 631//600 632//601 
f 690//659 632//601 633//602 
f 691//660 633//602 634//603 
f 692//661 634//603 635//604 
f 693//662 635//604 636//605 
f 694//663 636//605 637//606 
f 695//664 637//606 638//607 
f 696//665 638//607 581//550 
f 697//666 639//608 640//609 
f 698//667 640//609 641//610 
f 699//668 641//610 642//611 
f 700//669 642//611 643//612 
f 701//670 643//612 644//613 
f 702//671 644//613 645//614 
f 703//672 645//614 646//615 
f 704//673 646//615 647//616 
f 705//674 647//616 648//617 
f 706//675 648//617 649//618 
f 707//676 649//618 650//619 
f 708//677 650//619 651//620 
f 709//678 651//620 652//621 
f 710//679 652//621 653//622 
f 711//680 653//622 654//623 
f 712//681 654//623 655//624 
f 713//682 655//624 656//625 
f 714//683 656//625 657//626 
f 715//684 657//626 658//627 
f 716//685 658//627 659//628 
f 717//686 659//628 660//629 
f 718//687 660//629 661//630 
f 719//688 661//630 662//631 
f 720//689 662//631 663//632 
f 721//690 663//632 664//633 
f 722//691 664//633 665//634 
f 723//692 665//634 666//635 
f 724//693 666//635 667//636 
f 725//694 667//636 668//637 
f 726//695 668//637 669//638 
f 727//696 669//638 670//639 
f 728//697 670//639 671//640 
f 729//698 671//640 672//641 
f 730//699 672//641 673//642 
f 731//700 673//642 674//643 
f 732//701 674//643 675//644 
f 733//702 675//644 676//645 
f 734//703 676//645 677//646 
f 735//704 677//646 678//647 
f 736//705 678//647 679//648 
f 737//706 679//648 680//649 
f 738//707 680//649 681//650 
f 739//708 681//650 682//651 
f 740//709 682//651 683//652 
f 741//710 683//652 684//653 
f 742//711 684//653 685//654 
f 743//712 685//654 686//655 
f 744//713 686//655 687//656 
f 745//714 687//656 688//657 
f 746//715 688//657 689//658 
f 747//716 689//658 690//659 
f 748//717 690//659 691//660 
f 749//718 691//660 692//661 
f 750//719 692//661 693//662 
f 751//720 693//662 694//663 
f 752//721 694//663 695//664 
f 753//722 695//664 696//665 
f 754//723 696//665 639//608 
f 755//724 697//666 698//667 
f 756//725 698//667 699//668 
f 757//726 699//668 700//669 
f 758//727 700//669 701//670 
f 759//728 701//670 702//671 
f 760//729 702//671 703//672 
f 761//730 703//672 704//673 
f 762//731 704//673 705//674 
f 763//732 705//674 706//675 
f 764//733 706//675 707//676 
f 765//734 707//676 708//677 
f 766//735 708//677 709//678 
f 767//736 709//678 710//679 
f 768//737 710//679 711//680 
f 769//738 711//680 712//681 
f 770//739 712//681 713//682 
f 771//740 713//682 714//683 
f 772//741 714//683 715//684 
f 773//742 715//684 716//685 
f 774//743 716//685 717//686 
f 775//744 717//686 718//687 
f 776//745 718//687 719//688 
f 777//746 719//688 720//689 
f 778//747 720//689 721//690 
f 779//748 721//690 722//691 
f 780//749 722//691 723//692 
f 781//750 723//692 724//693 
f 782//751 724//693 725//694 
f 783//752 725//694 726//695 
f 784//753 726//695 727//696 
f 785//754 727//696 728//697 
f 786//755 728//697 729//698 
f 787//756 729//698 730//699 
f 788//757 730//699 731//700 
f 789//758 731//700 732//701 
f 790//759 732//701 733//702 
f 791//760 733//702 734//703 
f 792//761 734//703 735//704 
f 793//762 735//704 736//705 
f 794//763 736//705 737//706 
f 795//764 737//706 738//707 
f 796//765 738//707 739//708 
f 797//766 739//708 740//709 
f 798//767 740//709 741//710 
f 799//768 741//710 742//711 
f 800//769 742//711 743//712 
f 801//770 743//712 744//713 
f 802//771 744//713 745//714 
f 803//772 745//714 746//715 
f 804//773 746//715 747//716 
f 805//774 747//716 748//717 
f 806//775 748//717 749//718 
f 807//776 749//718 750//719 
f 808//777 750//719 751//720 
f 809//778 751//720 752//721 
f 810//779 752//721 753//722 
f 811//780 753//722 754//723 
f 812//781 754//723 697//666 
f 813//782 755//724 756//725 
f 814//783 756//725 757//726 
f 815//784 757//726 758//727 
f 816//785 758//727 759//728 
f 817//786 759//728 760//729 
f 818//787 760//729 761//730 
f 819//788 761//730 762//731 
f 820//789 762//731 763//732 
f 821//790 763//732 764//733 
f 822//791 764//733 765//734 
f 823//792 765//734 766//735 
f 824//793 766//735 767//736 
f 825//794 767//736 768//737 
f 826//795 768//737 769//738 
f 827//796 769//738 770//739 
f 828//797 770//739 771//740 
f 829//798 771//740 772//741 
f 830//799 772//741 773//742 
f 831//800 773//742 774//743 
f 832//801 774//743 775//744 
f 833//802 775//744 776//745 
f 834//803 776//745 777//746 
f 835//804 777//746 778//747 
f 836//805 778//747 779//748 
f 837//806 779//748 780//749 
f 838//807 780//749 781//750 
f 839//808 781//750 782//751 
f 840//809 782//751 783//752 
f 841//810 783//752 784//753 
f 842//811 784//753 785//754 
f 843//812 785//754 786//755 
f 844//813 786//755 787//756 
f 845//814 787//756 788//757 
f 846//815 788//757 789//758 
f 847//816 789//758 790//759 
f 848//817 790//759 791//760 
f 849//818 791//760 792//761 
f 850//819 792//761 793//762 
f 851//820 793//762 794//763 
f 852//821 794//763 795//764 
f 853//822 795//764 796//765 
f 854//823 796//765 797//766 
f 855//824 797//766 798//767 
f 856//825 798//767 799//768 
f 857//826 799//768 800//769 
f 858//827 800//769 801//770 
f 859//828 801//770 802//771 
f 860//829 802//771 803//772 
f 861//830 803//772 804//773 
f 862//831 804//773 805//774 
f 863//832 805//774 806//775 
f 864//833 806//775 807//776 
f 865//834 807//776 808//777 
f 866//835 808//777 809//778 
f 867//836 809//778 810//779 
f 868//837 810//779 811//780 
f 869//838 811//780 812//781 
f 870//839 812//781 755//724 
f 871//840 813//782 814//783 
f 872//841 814//783 815//784 
f 873//842 815//784 816//785 
f 874//843 816//785 817//786 
f 875//844 817//786 818//787 
f 876//845 818//787 819//788 
f 877//846 819//788 820//789 
f 878//847 820//789 821//790 
f 879//848 821//790 822//791 
f 880//849 822//791 823//792 
f 881//850 823//792 824//793 
f 882//851 824//793 825//794 
f 883//852 825//794 826//795 
f 884//853 826//795 827//796 
f 885//854 827//796 828//797 
f 886//855 828//797 829//798 
f 887//856 829//798 830//799 
f 888//857 830//799 831//800 
f 889//858 831//800 832//801 
f 890//859 832//801 833//802 
f 891//860 833//802 834//803 
f 892//861 834//803 835//804 
f 893//862 835//804 836//805 
f 894//863 836//805 837//806 
f 895//864 837//806 838//807 
f 896//865 838//807 839//808 
f 897//866 839//808 840//809 
f 898//867 840//809 841//810 
f 899//868 841//810 842//811 
f 900//869 842//811 843//812 
f 901//870 843//812 844//813 
f 902//871 844//813 845//814 
f 903//872 845//814 846//815 
f 904//873 846//815 847//816 
f 905//874 847//816 848//817 
f 906//875 848//817 849//818 
f 907//876 849//818 850//819 
f 908//877 850//819 851//820 
f 909//878 851//820 852//821 
f 910//879 852//821 853//822 
f 911//880 853//822 854//823 
f 912//881 854//823 855//824 
f 913//882 855//824 856//825 
f 914//883 856//825 857//826 
f 915//884 857//826 858//827 
f 916//885 858//827 859//828 
f 917//886 859//828 860//829 
f 918//887 860//829 861//830 
f 919//888 861//830 862//831 
f 920//889 862//831 863//832 
f 921//890 863//832 864//833 
f 922//891 864//833 865//834 
f 923//892 865//834 866//835 
f 924//893 866//835 867//836 
f 925//894 867//836 868//837 
f 926//895 868//837 869//838 
f 927//896 869//838 870//839 
f 928//897 870//839 813//782 
f 929//898 871//840 872//841 
f 930//899 872//841 873//842 
f 931//900 873//842 874//843 
f 932//901 874//843 875//844 
f 933//902 875//844 876//845 
f 934//903 876//845 877//846 
f 935//904 877//846 878//847 
f 936//905 878//847 879//848 
f 937//906 879//848 880//849 
f 938//907 880//849 881//850 
f 939//908 881//850 882//851 
f 940//909 882//851 883//852 
f 941//910 883//852 884//853 
f 942//911 884//853 885//854 
f 943//912 885//854 886//855 
f 944//913 886//855 887//856 
f 945//914 887//856 888//857 
f 946//915 888//857 889//858 
f 947//916 889//858 890//859 
f 948//917 890//859 891//860 
f 949//918 891//860 892//861 
f 950//919 892//861 893//862 
f 951//920 893//862 894//863 
f 952//921 894//863 895//864 
f 953//922 895//864 896//865 
f 954//923 896//865 897//866 
f 955//924 897//866 898//867 
f 956//925 898//867 899//868 
f 957//926 899//868 900//869 
f 958//927 900//869 901//870 
f 959//928 901//870 902//871 
f 960//929 902//871 903//872 
f 961//930 903//872 904//873 
f 962//931 904//873 905//874 
f 963//932 905//874 906//875 
f 964//933 906//875 907//876 
f 965//934 907//876 908//877 
f 966//935 908//877 909//878 
f 967//936 909//878 910//879 
f 968//937 910//879 911//880 
f 969//938 911//880 912//881 
f 970//939 912//881 913//882 
f 971//940 913//882 914//883 
f 972//941 914//883 915//884 
f 973//942 915//884 916//885 
f 974//943 916//885 917//886 
f 975//944 917//886 918//887 
f 976//945 918//887 919//888 
f 977//946 919//888 920//889 
f 978//947 920//889 921//890 
f 979//948 921//890 922//891 
f 980//949 922//891 923//892 
f 981//950 923//892 924//893 
f 982//951 924//893 925//894 
f 983//952 925//894 926//895 
f 984//953 926//895 927//896 
f 985//954 927//896 928//897 
f 986//955 928//897 871//840 
f 61//956 929//898 930//899 
f 63//957 930//899 931//900 
f 65//958 931//900 932//901 
f 67//959 932//901 933//902 
f 69//960 933//902 934//903 
f 71//961 934//903 935//904 
f 73//962 935//904 936//905 
f 75//963 936//905 937//906 
f 77//964 937//906 938//907 
f 79//965 938//907 939//908 
f 81//966 939//908 940//909 
f 83//967 940//909 941//910 
f 85//968 941//910 942//911 
f 87//969 942//911 943//912 
f 89//970 943//912 944//913 
f 91//971 944//913 945//914 
f 93//972 945//914 946//915 
f 95//973 946//915 947//916 
f 97//974 947//916 948//917 
f 99//975 948//917 949//918 
f 101//976 949//918 950//919 
f 103//977 950//919 951//920 
f 105//978 951//920 952//921 
f 107//979 952//921 953//922 
f 109//980 953//922 954//923 
f 111//981 954//923 955//924 
f 113//982 955//924 956//925 
f 115//983 956//925 957//926 
f 116//984 957//926 958//927 
f 3//985 958//927 959//928 
f 5//986 959//928 960//929 
f 7//987 960//929 961//930 
f 9//988 961//930 962//931 
f 11//989 962//931 963//932 
f 13//990 963//932 964//933 
f 15//991 964//933 965//934 
f 17//992 965//934 966//935 
f 19//993 966//935 967//936 
f 21//994 967//936 968//937 
f 23//995 968//937 969//938 
f 25//996 969//938 970//939 
f 27//997 970//939 971//940 
f 29//998 971//940 972//941 
f 31//999 972//941 973//942 
f 33//1000 973//942 974//943 
f 35//1001 974//943 975//944 
f 37//1002 975//944 976//945 
f 39//1003 976//945 977//946 
f 41//1004 977//946 978//947 
f 43//1005 978//947 979//948 
f 45//1006 979//948 980//949 
f 47//1007 980//949 981//950 
f 49//1008 981//950 982//951 
f 51//1009 982//951 983//952 
f 53//1010 983//952 984//953 
f 55//1011 984//953 985//954 
f 57//1012 985//954 986//955 
f 59//1013 986//955 929//898 
f 929//898 61//956 59//1013 
f 986//955 59//1013 57//1012 
f 985//954 57//1012 55//1011 
f 984//953 55//1011 53//1010 
f 983//952 53//1010 51//1009 
f 982//951 51//1009 49//1008 
f 981//950 49//1008 47//1007 
f 980//949 47//1007 45//1006 
f 979//948 45//1006 43//1005 
f 978//947 43//1005 41//1004 
f 977//946 41//1004 39//1003 
f 976//945 39//1003 37//1002 
f 975//944 37//1002 35//1001 
f 974//943 35//1001 33//1000 
f 973//942 33//1000 31//999 
f 972//941 31//999 29//998 
f 971//940 29//998 27//997 
f 970//939 27//997 25//996 
f 969//938 25//996 23//995 
f 968//937 23//995 21//994 
f 967//936 21//994 19//993 
f 966//935 19//993 17//992 
f 965//934 17//992 15//991 
f 964//933 15//991 13//990 
f 963//932 13//990 11//989 
f 962//931 11//989 9//988 
f 961//930 9//988 7//987 
f 960//929 7//987 5//986 
f 959//928 5//986 3//985 
f 958//927 3//985 116//984 
f 957//926 116//984 115//983 
f 956//925 115//983 113//982 
f 955//924 113//982 111//981 
f 954//923 111//981 109//980 
f 953//922 109//980 107//979 
f 952//921 107//979 105//978 
f 951//920 105//978 103//977 
f 950//919 103//977 101//976 
f 949//918 101//976 99//975 
f 948//917 99//975 97//974 
f 947//916 97//974 95//973 
f 946//915 95//973 93//972 
f 945//914 93//972 91//971 
f 944//913 91//971 89//970 
f 943//912 89//970 87//969 
f 942//911 87//969 85//968 
f 941//910 85//968 83//967 
f 940//909 83//967 81//966 
f 939//908 81//966 79//965 
f 938//907 79//965 77//964 
f 937//906 77//964 75//963 
f 936//905 75//963 73//962 
f 935//904 73//962 71//961 
f 934//903 71//961 69//960 
f 933//902 69//960 67//959 
f 932//901 67//959 65//958 
f 931//900 65//958 63//957 
f 930//899 63//957 61//956 
f 871//840 929//898 986//955 
f 928//897 986//955 985//954 
f 927//896 985//954 984//953 
f 926//895 984//953 983//952 
f 925//894 983//952 982//951 
f 924//893 982//951 981//950 
f 923//892 981//950 980//949 
f 922//891 980//949 979//948 
f 921//890 979//948 978//947 
f 920//889 978//947 977//946 
f 919//888 977//946 976//945 
f 918//887 976//945 975//944 
f 917//886 975//944 974//943 
f 916//885 974//943 973//942 
f 915//884 973//942 972//941 
f 914//883 972//941 971//940 
f 913//882 971//940 970//939 
f 912//881 970//939 969//938 
f 911//880 969//938 968//937 
f 910//879 968//937 967//936 
f 909//878 967//936 966//935 
f 908//877 966//935 965//934 
f 907//876 965//934 964//933 
f 906//875 964//933 963//932 
f 905//874 963//932 962//931 
f 904//873 962//931 961//930 
f 903//872 961//930 960//929 
f 902//871 960//929 959//928 
f 901//870 959//928 958//927 
f 900//869 958//927 957//926 
f 899//868 957//926 956//925 
f 898//867 956//925 955//924 
f 897//866 955//924 954//923 
f 896//865 954//923 953//922 
f 895//864 953//922 952//921 
f 894//863 952//921 951//920 
f 893//862 951//920 950//919 
f 892//861 950//919 949//918 
f 891//860 949//918 948//917 
f 890//859 948//917 947//916 
f 889//858 947//916 946//915 
f 888//857 946//915 945//914 
f 887//856 945//914 944//913 
f 886//855 944//913 943//912 
f 885//854 943//912 942//911 
f 884//853 942//911 941//910 
f 883//852 941//910 940//909 
f 882//851 940//909 939//908 
f 881//850 939//908 938//907 
f 880//849 938//907 937//906 
f 879//848 937//906 936//905 
f 878//847 936//905 935//904 
f 877//846 935//904 934//903 
f 876//845 934//903 933//902 
f 875//844 933//902 932//901 
f 874//843 932//901 931//900 
f 873//842 931//900 930//899 
f 872//841 930//899 929//898 
f 813//782 871//840 928//897 
f 870//839 928//897 927//896 
f 869//838 927//896 926//895 
f 868//837 926//895 925//894 
f 867//836 925//894 924//893 
f 866//835 924//893 923//892 
f 865//834 923//892 922//891 
f 864//833 922//891 921//890 
f 863//832 921//890 920//889 
f 862//831 920//889 919//888 
f 861//830 919//888 918//887 
f 860//829 918//887 917//886 
f 859//828 917//886 916//885 
f 858//827 916//885 915//884 
f 857//826 915//884 914//883 
f 856//825 914//883 913//882 
f 855//824 913//882 912//881 
f 854//823 912//881 911//880 
f 853//822 911//880 910//879 
f 852//821 910//879 909//878 
f 851//820 909//878 908//877 
f 850//819 908//877 907//876 
f 849//818 907//876 906//875 
f 848//817 906//875 905//874 
f 847//816 905//874 904//873 
f 846//815 904//873 903//872 
f 845//814 903//872 902//871 
f 844//813 902//871 901//870 
f 843//812 901//870 900//869 
f 842//811 900//869 899//868 
f 841//810 899//868 898//867 
f 840//809 898//867 897//866 
f 839//808 897//866 896//865 
f 838//807 896//865 895//864 
f 837//806 895//864 894//863 
f 836//805 894//863 893//862 
f 835//804 893//862 892//861 
f 834//803 892//861 891//860 
f 833//802 891//860 890//859 
f 832//801 890//859 889//858 
f 831//800 889//858 888//857 
f 830//799 888//857 887//856 
f 829//798 887//856 886//855 
f 828//797 886//855 885//854 
f 827//796 885//854 884//853 
f 826//795 884//853 883//852 
f 825//794 883//852 882//851 
f 824//793 882//851 881//850 
f 823//792 881//850 880//849 
f 822//791 880//849 879//848 
f 821//790 879//848 878//847 
f 820//789 878//847 877//846 
f 819//788 877//846 876//845 
f 818//787 876//845 875//844 
f 817//786 875//844 874//843 
f 816//785 874//843 873//842 
f 815//784 873//842 872//841 
f 814//783 872//841 871//840 
f 755//724 813//782 870//839 
f 812//781 870//839 869//838 
f 811//780 869//838 868//837 
f 810//779 868//837 867//836 
f 809//778 867//836 866//835 
f 808//777 866//835 865//834 
f 807//776 865//834 864//833 
f 806//775 864//833 863//832 
f 805//774 863//832 862//831 
f 804//773 862//831 861//830 
f 803//772 861//830 860//829 
f 802//771 860//829 859//828 
f 801//770 859//828 858//827 
f 800//769 858//827 857//826 
f 799//768 857//826 856//825 
f 798//767 856//825 855//824 
f 797//766 855//824 854//823 
f 796//765 854//823 853//822 
f 795//764 853//822 852//821 
f 794//763 852//821 851//820 
f 793//762 851//820 850//819 
f 792//761 850//819 849//818 
f 791//760 849//818 848//817 
f 790//759 848//817 847//816 
f 789//758 847//816 846//815 
f 788//757 846//815 845//814 
f 787//756 845//814 844//813 
f 786//755 844//813 843//812 
f 785//754 843//812 842//811 
f 784//753 842//811 841//810 
f 783//752 841//810 840//809 
f 782//751 840//809 839//808 
f 781//750 839//808 838//807 
f 780//749 838//807 837//806 
f 779//748 837//806 836//805 
f 778//747 836//805 835//804 
f 777//746 835//804 834//803 
f 776//745 834//803 833//802 
f 775//744 833//802 832//801 
f 774//743 832//801 831//800 
f 773//742 831//800 830//799 
f 772//741 830//799 829//798 
f 771//740 829//798 828//797 
f 770//739 828//797 827//796 
f 769//738 827//796 826//795 
f 768//737 826//795 825//794 
f 767//736 825//794 824//793 
f 766//735 824//793 823//792 
f 765//734 823//792 822//791 
f 764//733 822//791 821//790 
f 763//732 821//790 820//789 
f 762//731 820//789 819//788 
f 761//730 819//788 818//787 
f 760//729 818//787 817//786 
f 759//728 817//786 816//785 
f 758//727 816//785 815//784 
f 757//726 815//784 814//783 
f 756//725 814//783 813//782 
f 697//666 755//724 812//781 
f 754//723 812//781 811//780 
f 753//722 811//780 810//779 
f 752//721 810//779 809//778 
f 751//720 809//778 808//777 
f 750//719 808//777 807//776 
f 749//718 807//776 806//775 
f 748//717 806//775 805//774 
f 747//716 805//774 804//773 
f 746//715 804//773 803//772 
f 745//714 803//772 802//771 
f 744//713 802//771 801//770 
f 743//712 801//770 800//769 
f 742//711 800//769 799//768 
f 741//710 799//768 798//767 
f 740//709 798//767 797//766 
f 739//708 797//766 796//765 
f 738//707 796//765 795//764 
f 737//706 795//764 794//763 
f 736//705 794//763 793//762 
f 735//704 793//762 792//761 
f 734//703 792//761 791//760 
f 733//702 791//760 790//759 
f 732//701 790//759 789//758 
f 731//700 789//758 788//757 
f 730//699 788//757 787//756 
f 729//698 787//756 786//755 
f 728//697 786//755 785//754 
f 727//696 785//754 784//753 
f 726//695 784//753 783//752 
f 725//694 783//752 782//751 
f 724//693 782//751 781//750 
f 723//692 781//750 780//749 
f 722//691 780//749 779//748 
f 721//690 779//748 778//747 
f 720//689 778//747 777//746 
f 719//688 777//746 776//745 
f 718//687 776//745 775//744 
f 717//686 775//744 774//743 
f 716//685 774//743 773//742 
f 715//684 773//742 772//741 
f 714//683 772//741 771//740 
f 713//682 771//740 770//739 
f 712//681 770//739 769//738 
f 711//680 769//738 768//737 
f 710//679 768//737 767//736 
f 709//678 767//736 766//735 
f 708//677 766//735 765//734 
f 707//676 765//734 764//733 
f 706//675 764//733 763//732 
f 705//674 763//732 762//731 
f 704//673 762//731 761//730 
f 703//672 761//730 760//729 
f 702//671 760//729 759//728 
f 701//670 759//728 758//727 
f 700//669 758//727 757//726 
f 699//668 757//726 756//725 
f 698//667 756//725 755//724 
f 639//608 697//666 754//723 
f 696//665 754//723 753//722 
f 695//664 753//722 752//721 
f 694//663 752//721 751//720 
f 693//662 751//720 750//719 
f 692//661 750//719 749//718 
f 691//660 749//718 748//717 
f 690//659 748//717 747//716 
f 689//658 747//716 746//715 
f 688//657 746//715 745//714 
f 687//656 745//714 744//713 
f 686//655 744//713 743//712 
f 685//654 743//712 742//711 
f 684//653 742//711 741//710 
f 683//652 741//710 740//709 
f 682//651 740//709 739//708 
f 681//650 739//708 738//707 
f 680//649 738//707 737//706 
f 679//648 737//706 736//705 
f 678//647 736//705 735//704 
f 677//646 735//704 734//703 
f 676//645 734//703 733//702 
f 675//644 733//702 732//701 
f 674//643 732//701 731//700 
f 673//642 731//700 730//699 
f 672//641 730//699 729//698 
f 671//640 729//698 728//697 
f 670//639 728//697 727//696 
f 669//638 727//696 726//695 
f 668//637 726//695 725//694 
f 667//636 725//694 724//693 
f 666//635 724//693 723//692 
f 665//634 723//692 722//691 
f 664//633 722//691 721//690 
f 663//632 721//690 720//689 
f 662//631 720//689 719//688 
f 661//630 719//688 718//687 
f 660//629 718//687 717//686 
f 659//628 717//686 716//685 
f 658//627 716//685 715//684 
f 657//626 715//684 714//683 
f 656//625 714//683 713//682 
f 655//624 713//682 712//681 
f 654//623 712//681 711//680 
f 653//622 711//680 710//679 
f 652//621 710//679 709//678 
f 651//620 709//678 708//677 
f 650//619 708//677 707//676 
f 649//618 707//676 706//675 
f 648//617 706//675 705//674 
f 647//616 705//674 704//673 
f 646//615 704//673 703//672 
f 645//614 703//672 702//671 
f 644//613 702//671 701//670 
f 643//612 701//670 700//669 
f 642//611 700//669 699//668 
f 641//610 699//668 698//667 
f 640//609 698//667 697//666 
f 581//550 639//608 696//665 
f 638//607 696//665 695//664 
f 637//606 695//664 694//663 
f 636//605 694//663 693//662 
f 635//604 693//662 692//661 
f 634//603 692//661 691//660 
f 633//602 691//660 690//659 
f 632//601 690//659 689//658 
f 631//600 689//658 688//657 
f 630//599 688//657 687//656 
f 629//598 687//656 686//655 
f 628//597 686//655 685//654 
f 627//596 685//654 684//653 
f 626//595 684//653 683//652 
f 625//594 683//652 682//651 
f 624//593 682//651 681//650 
f 623//592 681//650 680//649 
f 622//591 680//649 679//648 
f 621//590 679//648 678//647 
f 620//589 678//647 677//646 
f 619//588 677//646 676//645 
f 618//587 676//645 675//644 
f 617//586 675//644 674//643 
f 616//585 674//643 673//642 
f 615//584 673//642 672//641 
f 614//583 672//641 671//640 
f 613//582 671//640 670//639 
f 612//581 670//639 669//638 
f 611//580 669//638 668//637 
f 610//579 668//637 667//636 
f 609//578 667//636 666//635 
f 608//577 666//635 665//634 
f 607//576 665//634 664//633 
f 606//575 664//633 663//632 
f 605//574 663//632 662//631 
f 604//573 662//631 661//630 
f 603//572 661//630 660//629 
f 602//571 660//629 659//628 
f 601//570 659//628 658//627 
f 600//569 658//627 657//626 
f 599//568 657//626 656//625 
f 598//567 656//625 655//624 
f 597//566 655//624 654//623 
f 596//565 654//623 653//622 
f 595//564 653//622 652//621 
f 594//563 652//621 651//620 
f 593//562 651//620 650//619 
f 592//561 650//619 649//618 
f 591//560 649//618 648//617 
f 590//559 648//617 647//616 
f 589//558 647//616 646//615 
f 588//557 646//615 645//614 
f 587//556 645//614 644//613 
f 586//555 644//613 643//612 
f 585//554 643//612 642//611 
f 584//553 642//611 641//610 
f 583//552 641//610 640//609 
f 582//551 640//609 639//608 
f 523//492 581//550 638//607 
f 580//549 638//607 637//606 
f 579//548 637//606 636//605 
f 578//547 636//605 635//604 
f 577//546 635//604 634//603 
f 576//545 634//603 633//602 
f 575//544 633//602 632//601 
f 574//543 632//601 631//600 
f 573//542 631//600 630//599 
f 572//541 630//599 629//598 
f 571//540 629//598 628//597 
f 570//539 628//597 627//596 
f 569//538 627//596 626//595 
f 568//537 626//595 625//594 
f 567//536 625//594 624//593 
f 566//535 624//593 623//592 
f 565//534 623//592 622//591 
f 564//533 622//591 621//590 
f 563//532 621//590 620//589 
f 562//531 620//589 619//588 
f 561//530 619//588 618//587 
f 560//529 618//587 617//586 
f 559//528 617//586 616//585 
f 558//527 616//585 615//584 
f 557//526 615//584 614//583 
f 556//525 614//583 613//582 
f 555//524 613//582 612//581 
f 554//523 612//581 611//580 
f 553//522 611//580 610//579 
f 552//521 610//579 609//578 
f 551//520 609//578 608//577 
f 550//519 608//577 607//576 
f 549//518 607//576 606//575 
f 548//517 606//575 605//574 
f 547//516 605//574 604//573 
f 546//515 604//573 603//572 
f 545//514 603//572 602//571 
f 544//513 602//571 601//570 
f 543//512 601//570 600//569 
f 542//511 600//569 599//568 
f 541//510 599//568 598//567 
f 540//509 598//567 597//566 
f 539//508 597//566 596//565 
f 538//507 596//565 595//564 
f 537//506 595//564 594//563 
f 536//505 594//563 593//562 
f 535//504 593//562 592//561 
f 534//503 592//561 591//560 
f 533//502 591//560 590//559 
f 532//501 590//559 589//558 
f 531//500 589//558 588//557 
f 530//499 588//557 587//556 
f 529//498 587//556 586//555 
f 528//497 586//555 585//554 
f 527//496 585//554 584//553 
f 526//495 584//553 583//552 
f 525//494 583//552 582//551 
f 524//493 582//551 581//550 
f 465//434 523//492 580//549 
f 522//491 580//549 579//548 
f 521//490 579//548 578//547 
f 520//489 578//547 577//546 
f 519//488 577//546 576//545 
f 518//487 576//545 575//544 
f 517//486 575//544 574//543 
f 516//485 574//543 573//542 
f 515//484 573//542 572//541 
f 514//483 572//541 571//540 
f 513//482 571//540 570//539 
f 512//481 570//539 569//538 
f 511//480 569//538 568//537 
f 510//479 568//537 567//536 
f 509//478 567//536 566//535 
f 508//477 566//535 565//534 
f 507//476 565//534 564//533 
f 506//475 564//533 563//532 
f 505//474 563//532 562//531 
f 504//473 562//531 561//530 
f 503//472 561//530 560//529 
f 502//471 560//529 559//528 
f 501//470 559//528 558//527 
f 500//469 558//527 557//526 
f 499//468 557//526 556//525 
f 498//467 556//525 555//524 
f 497//466 555//524 554//523 
f 496//465 554//523 553//522 
f 495//464 553//522 552//521 
f 494//463 552//521 551//520 
f 493//462 551//520 550//519 
f 492//461 550//519 549//518 
f 491//460 549//518 548//517 
f 490//459 548//517 547//516 
f 489//458 547//516 546//515 
f 488//457 546//515 545//514 
f 487//456 545//514 544//513 
f 486//455 544//513 543//512 
f 485//454 543//512 542//511 
f 484//453 542//511 541//510 
f 483//452 541//510 540//509 
f 482//451 540//509 539//508 
f 481//450 539//508 538//507 
f 480//449 538//507 537//506 
f 479//448 537//506 536//505 
f 478//447 536//505 535//504 
f 477//446 535//504 534//503 
f 476//445 534//503 533//502 
f 475//444 533//502 532//501 
f 474//443 532//501 531//500 
f 473//442 531//500 530//499 
f 472//441 530//499 529//498 
f 471//440 529//498 528//497 
f 470//439 528//497 527//496 
f 469//438 527//496 526//495 
f 468//437 526//495 525//494 
f 467//436 525//494 524//493 
f 466//435 524//493 523//492 
f 407//376 465//434 522//491 
f 464//433 522//491 521//490 
f 463//432 521//490 520//489 
f 462//431 520//489 519//488 
f 461//430 519//488 518//487 
f 460//429 518//487 517//486 
f 459//428 517//486 516//485 
f 458//427 516//485 515//484 
f 457//426 515//484 514//483 
f 456//425 514//483 513//482 
f 455//424 513//482 512//481 
f 454//423 512//481 511//480 
f 453//422 511//480 510//479 
f 452//421 510//479 509//478 
f 451//420 509//478 508//477 
f 450//419 508//477 507//476 
f 449//418 507//476 506//475 
f 448//417 506//475 505//474 
f 447//416 505//474 504//473 
f 446//415 504//473 503//472 
f 445//414 503//472 502//471 
f 444//413 502//471 501//470 
f 443//412 501//470 500//469 
f 442//411 500//469 499//468 
f 441//410 499//468 498//467 
f 440//409 498//467 497//466 
f 439//408 497//466 496//465 
f 438//407 496//465 495//464 
f 437//406 495//464 494//463 
f 436//405 494//463 493//462 
f 435//404 493//462 492//461 
f 434//403 492//461 491//460 
f 433//402 491//460 490//459 
f 432//401 490//459 489//458 
f 431//400 489//458 488//457 
f 430//399 488//457 487//456 
f 429//398 487//456 486//455 
f 428//397 486//455 485//454 
f 427//396 485//454 484//453 
f 426//395 484//453 483//452 
f 425//394 483//452 482//451 
f 424//393 482//451 481//450 
f 423//392 481//450 480//449 
f 422//391 480//449 479//448 
f 421//390 479//448 478//447 
f 420//389 478//447 477//446 
f 419//388 477//446 476//445 
f 418//387 476//445 475//444 
f 417//386 475//444 474//443 
f 416//385 474//443 473//442 
f 415//384 473//442 472//441 
f 414//383 472//441 471//440 
f 413//382 471//440 470//439 
f 412//381 470//439 469//438 
f 411//380 469//438 468//437 
f 410//379 468//437 467//436 
f 409//378 467//436 466//435 
f 408//377 466//435 465//434 
f 349//318 407//376 464//433 
f 406//375 464//433 463//432 
f 405//374 463//432 462//431 
f 404//373 462//431 461//430 
f 403//372 461//430 460//429 
f 402//371 460//429 459//428 
f 401//370 459//428 458//427 
f 400//369 458//427 457//426 
f 399//368 457//426 456//425 
f 398//367 456//425 455//424 
f 397//366 455//424 454//423 
f 396//365 454//423 453//422 
f 395//364 453//422 452//421 
f 394//363 452//421 451//420 
f 393//362 451//420 450//419 
f 392//361 450//419 449//418 
f 391//360 449//418 448//417 
f 390//359 448//417 447//416 
f 389//358 447//416 446//415 
f 388//357 446//415 445//414 
f 387//356 445//414 444//413 
f 386//355 444//413 443//412 
f 385//354 443//412 442//411 
f 384//353 442//411 441//410 
f 383//352 441//410 440//409 
f 382//351 440//409 439//408 
f 381//350 439//408 438//407 
f 380//349 438//407 437//406 
f 379//348 437//406 436//405 
f 378//347 436//405 435//404 
f 377//346 435//404 434//403 
f 376//345 434//403 433//402 
f 375//344 433//402 432//401 
f 374//343 432//401 431//400 
f 373//342 431//400 430//399 
f 372//341 430//399 429//398 
f 371//340 429//398 428//397 
f 370//339 428//397 427//396 
f 369//338 427//396 426//395 
f 368//337 426//395 425//394 
f 367//336 425//394 424//393 
f 366//335 424//393 423//392 
f 365//334 423//392 422//391 
f 364//333 422//391 421//390 
f 363//332 421//390 420//389 
f 362//331 420//389 419//388 
f 361//330 419//388 418//387 
f 360//329 418//387 417//386 
f 359//328 417//386 416//385 
f 358//327 416//385 415//384 
f 357//326 415//384 414//383 
f 356//325 414//383 413//382 
f 355//324 413//382 412//381 
f 354//323 412//381 411//380 
f 353//322 411//380 410//379 
f 352//321 410//379 409//378 
f 351//320 409//378 408//377 
f 350//319 408//377 407//376 
f 291//260 349//318 406//375 
f 348//317 406//375 405//374 
f 347//316 405//374 404//373 
f 346//315 404//373 403//372 
f 345//314 403//372 402//371 
f 344//313 402//371 401//370 
f 343//312 401//370 400//369 
f 342//311 400//369 399//368 
f 341//310 399//368 398//367 
f 340//309 398//367 397//366 
f 339//308 397//366 396//365 
f 338//307 396//365 395//364 
f 337//306 395//364 394//363 
f 336//305 394//363 393//362 
f 335//304 393//362 392//361 
f 334//303 392//361 391//360 
f 333//302 391//360 390//359 
f 332//301 390//359 389//358 
f 331//300 389//358 388//357 
f 330//299 388//357 387//356 
f 329//298 387//356 386//355 
f 328//297 386//355 385//354 
f 327//296 385//354 384//353 
f 326//295 384//353 383//352 
f 325//294 383//352 382//351 
f 324//293 382//351 381//350 
f 323//292 381//350 380//349 
f 322//291 380//349 379//348 
f 321//290 379//348 378//347 
f 320//289 378//347 377//346 
f 319//288 377//346 376//345 
f 318//287 376//345 375//344 
f 317//286 375//344 374//343 
f 316//285 374//343 373//342 
f 315//284 373//342 372//341 
f 314//283 372//341 371//340 
f 313//282 371//340 370//339 
f 312//281 370//339 369//338 
f 311//280 369//338 368//337 
f 310//279 368//337 367//336 
f 309//278 367//336 366//335 
f 308//277 366//335 365//334 
f 307//276 365//334 364//333 
f 306//275 364//333 363//332 
f 305//274 363//332 362//331 
f 304//273 362//331 361//330 
f 303//272 361//330 360//329 
f 302//271 360//329 359//328 
f 301//270 359//328 358//327 
f 300//269 358//327 357//326 
f 299//268 357//326 356//325 
f 298//267 356//325 355//324 
f 297//266 355//324 354//323 
f 296//265 354//323 353//322 
f 295//264 353//322 352//321 
f 294//263 352//321 351//320 
f 293//262 351//320 350//319 
f 292//261 350//319 349//318 
f 233//202 291//260 348//317 
f 290//259 348//317 347//316 
f 289//258 347//316 346//315 
f 288//257 346//315 345//314 
f 287//256 345//314 344//313 
f 286//255 344//313 343//312 
f 285//254 343//312 342//311 
f 284//253 342//311 341//310 
f 283//252 341//310 340//309 
f 282//251 340//309 339//308 
f 281//250 339//308 338//307 
f 280//249 338//307 337//306 
f 279//248 337//306 336//305 
f 278//247 336//305 335//304 
f 277//246 335//304 334//303 
f 276//245 334//303 333//302 
f 275//244 333//302 332//301 
f 274//243 332//301 331//300 
f 273//242 331//300 330//299 
f 272//241 330//299 329//298 
f 271//240 329//298 328//297 
f 270//239 328//297 327//296 
f 269//238 327//296 326//295 
f 268//237 326//295 325//294 
f 267//236 325//294 324//293 
f 266//235 324//293 323//292 
f 265//234 323//292 322//291 
f 264//233 322//291 321//290 
f 263//232 321//290 320//289 
f 262//231 320//289 319//288 
f 261//230 319//288 318//287 
f 260//229 318//287 317//286 
f 259//228 317//286 316//285 
f 258//227 316//285 315//284 
f 257//226 315//284 314//283 
f 256//225 314//283 313//282 
f 255//224 313//282 312//281 
f 254//223 312//281 311//280 
f 253//222 311//280 310//279 
f 252//221 310//279 309//278 
f 251//220 309//278 308//277 
f 250//219 308//277 307//276 
f 249//218 307//276 306//275 
f 248//217 306//275 305//274 
f 247//216 305//274 304//273 
f 246//215 304//273 303//272 
f 245//214 303//272 302//271 
f 244//213 302//271 301//270 
f 243//212 301//270 300//269 
f 242//211 300//269 299//268 
f 241//210 299//268 298//267 
f 240//209 298//267 297//266 
f 239//208 297//266 296//265 
f 238//207 296//265 295//264 
f 237//206 295//264 294//263 
f 236//205 294//263 293//262 
f 235//204 293//262 292//261 
f 234//203 292//261 291//260 
f 175//115 233//202 290//259 
f 232//201 290//259 289//258 
f 231//199 289//258 288//257 
f 230//198 288//257 287//256 
f 229//196 287//256 286//255 
f 228//195 286//255 285//254 
f 227//193 285//254 284//253 
f 226//192 284//253 283//252 
f 225//190 283//252 282//251 
f 224//189 282//251 281//250 
f 223//187 281//250 280//249 
f 222//186 280//249 279//248 
f 221//184 279//248 278//247 
f 220//183 278//247 277//246 
f 219//181 277//246 276//245 
f 218//180 276//245 275//244 
f 217//178 275//244 274//243 
f 216//177 274//243 273//242 
f 215//175 273//242 272//241 
f 214//174 272//241 271//240 
f 213//172 271//240 270//239 
f 212//171 270//239 269//238 
f 211//169 269//238 268//237 
f 210//168 268//237 267//236 
f 209//166 267//236 266//235 
f 208//165 266//235 265//234 
f 207//163 265//234 264//233 
f 206//162 264//233 263//232 
f 205//160 263//232 262//231 
f 204//159 262//231 261//230 
f 203//157 261//230 260//229 
f 202//156 260//229 259//228 
f 201//154 259//228 258//227 
f 200//153 258//227 257//226 
f 199//151 257//226 256//225 
f 198//150 256//225 255//224 
f 197//148 255//224 254//223 
f 196//147 254//223 253//222 
f 195//145 253//222 252//221 
f 194//144 252//221 251//220 
f 193//142 251//220 250//219 
f 192//141 250//219 249//218 
f 191//139 249//218 248//217 
f 190//138 248//217 247//216 
f 189//136 247//216 246//215 
f 188//135 246//215 245//214 
f 187//133 245//214 244//213 
f 186//132 244//213 243//212 
f 185//130 243//212 242//211 
f 184//129 242//211 241//210 
f 183//127 241//210 240//209 
f 182//126 240//209 239//208 
f 181//124 239//208 238//207 
f 180//123 238//207 237//206 
f 179//121 237//206 236//205 
f 178//120 236//205 235//204 
f 177//118 235//204 234//203 
f 176//117 234//203 233//202 
f 117//116 175//115 232//201 
f 174//200 232//201 231//199 
f 173//197 231//199 230//198 
f 172//197 230//198 229//196 
f 171//194 229//196 228//195 
f 170//194 228//195 227//193 
f 169//191 227//193 226//192 
f 168//191 226//192 225//190 
f 167//188 225//190 224//189 
f 166//188 224//189 223//187 
f 165//185 223//187 222//186 
f 164//185 222//186 221//184 
f 163//182 221//184 220//183 
f 162//182 220//183 219//181 
f 161//179 219//181 218//180 
f 160//179 218//180 217//178 
f 159//176 217//178 216//177 
f 158//176 216//177 215//175 
f 157//173 215//175 214//174 
f 156//173 214//174 213//172 
f 155//170 213//172 212//171 
f 154//170 212//171 211//169 
f 153//167 211//169 210//168 
f 152//167 210//168 209//166 
f 151//164 209//166 208//165 
f 150//164 208//165 207//163 
f 149//161 207//163 206//162 
f 148//161 206//162 205//160 
f 147//158 205//160 204//159 
f 146//158 204//159 203//157 
f 145//155 203//157 202//156 
f 144//155 202//156 201//154 
f 143//152 201//154 200//153 
f 142//152 200//153 199//151 
f 141//149 199//151 198//150 
f 140//149 198//150 197//148 
f 139//146 197//148 196//147 
f 138//146 196//147 195//145 
f 137//143 195//145 194//144 
f 136//143 194//144 193//142 
f 135//140 193//142 192//141 
f 134//140 192//141 191//139 
f 133//137 191//139 190//138 
f 132//137 190//138 189//136 
f 131//134 189//136 188//135 
f 130//134 188//135 187//133 
f 129//131 187//133 186//132 
f 128//131 186//132 185//130 
f 127//128 185//130 184//129 
f 126//128 184//129 183//127 
f 125//125 183//127 182//126 
f 124//125 182//126 181//124 
f 123//122 181//124 180//123 
f 122//122 180//123 179//121 
f 121//119 179//121 178//120 
f 120//119 178//120 177//118 
f 119//116 177//118 176//117 
f 118//116 176//117 175//115 
o mesh2
f 987//1014 131//1014 130//1014 
f 987//1014 988//1014 132//1014 
f 989//1014 990//1014 129//1014 
f 991//1014 130//1014 129//1014 
f 132//1014 131//1014 987//1014 
f 988//1014 992//1014 133//1014 
f 993//1014 158//1014 157//1014 
f 994//1014 159//1014 158//1014 
f 995//1014 162//1014 161//1014 
f 995//1014 996//1014 163//1014 
f 997//1014 125//1014 124//1014 
f 997//1014 998//1014 126//1014 
f 999//1014 127//1014 126//1014 
f 999//1014 989//1014 128//1014 
f 129//1014 990//1014 991//1014 
f 133//1014 132//1014 988//1014 
f 1000//1014 156//1014 155//1014 
f 1001//1014 157//1014 156//1014 
f 158//1014 993//1014 994//1014 
f 1002//1014 160//1014 159//1014 
f 1003//1014 161//1014 160//1014 
f 163//1014 162//1014 995//1014 
f 996//1014 1004//1014 164//1014 
f 1004//1014 1005//1014 165//1014 
f 1006//1014 121//1014 120//1014 
f 1006//1014 1007//1014 122//1014 
f 1008//1014 124//1014 123//1014 
f 126//1014 125//1014 997//1014 
f 128//1014 127//1014 999//1014 
f 130//1014 991//1014 987//1014 
f 1009//1014 1010//1014 137//1014 
f 1010//1014 1011//1014 138//1014 
f 1012//1014 153//1014 152//1014 
f 1012//1014 1013//1014 154//1014 
f 156//1014 1000//1014 1001//1014 
f 159//1014 994//1014 1002//1014 
f 161//1014 1003//1014 995//1014 
f 165//1014 164//1014 1004//1014 
f 122//1014 121//1014 1006//1014 
f 1007//1014 1014//1014 123//1014 
f 124//1014 1008//1014 997//1014 
f 129//1014 128//1014 989//1014 
f 1015//1014 134//1014 133//1014 
f 1015//1014 1016//1014 135//1014 
f 1009//1014 136//1014 135//1014 
f 138//1014 137//1014 1010//1014 
f 154//1014 153//1014 1012//1014 
f 1013//1014 1017//1014 155//1014 
f 157//1014 1001//1014 993//1014 
f 164//1014 163//1014 996//1014 
f 1018//1014 1019//1014 172//1014 
f 1019//1014 1020//1014 173//1014 
f 1021//1014 119//1014 118//1014 
f 1021//1014 1022//1014 120//1014 
f 123//1014 122//1014 1007//1014 
f 126//1014 998//1014 999//1014 
f 135//1014 134//1014 1015//1014 
f 137//1014 136//1014 1009//1014 
f 1023//1014 151//1014 150//1014 
f 1023//1014 1024//1014 152//1014 
f 155//1014 154//1014 1013//1014 
f 160//1014 1002//1014 1003//1014 
f 1025//1014 167//1014 166//1014 
f 1025//1014 1026//1014 168//1014 
f 1027//1014 169//1014 168//1014 
f 1027//1014 1028//1014 170//1014 
f 1028//1014 1018//1014 171//1014 
f 173//1014 172//1014 1019//1014 
f 1029//1014 1030//1014 118//1014 
f 120//1014 119//1014 1021//1014 
f 123//1014 1014//1014 1008//1014 
f 135//1014 1016//1014 1009//1014 
f 1031//1014 140//1014 139//1014 
f 1031//1014 1032//1014 141//1014 
f 1033//1014 145//1014 144//1014 
f 1034//1014 146//1014 145//1014 
f 1035//1014 148//1014 147//1014 
f 1035//1014 1036//1014 149//1014 
f 152//1014 151//1014 1023//1014 
f 155//1014 1017//1014 1000//1014 
f 1037//1014 166//1014 165//1014 
f 168//1014 167//1014 1025//1014 
f 170//1014 169//1014 1027//1014 
f 172//1014 171//1014 1018//1014 
f 1038//1014 174//1014 173//1014 
f 1038//1014 1029//1014 117//1014 
f 118//1014 1030//1014 1021//1014 
f 133//1014 992//1014 1015//1014 
f 1039//1014 139//1014 138//1014 
f 141//1014 140//1014 1031//1014 
f 1040//1014 143//1014 142//1014 
f 1040//1014 1041//1014 144//1014 
f 145//1014 1033//1014 1034//1014 
f 1042//1014 147//1014 146//1014 
f 149//1014 148//1014 1035//1014 
f 1036//1014 1043//1014 150//1014 
f 152//1014 1024//1014 1012//1014 
f 166//1014 1037//1014 1025//1014 
f 171//1014 170//1014 1028//1014 
f 117//1014 174//1014 1038//1014 
f 120//1014 1022//1014 1006//1014 
f 139//1014 1039//1014 1031//1014 
f 1044//1014 142//1014 141//1014 
f 144//1014 143//1014 1040//1014 
f 146//1014 1034//1014 1042//1014 
f 150//1014 149//1014 1036//1014 
f 165//1014 1005//1014 1037//1014 
f 173//1014 1020//1014 1038//1014 
f 138//1014 1011//1014 1039//1014 
f 142//1014 1044//1014 1040//1014 
f 147//1014 1042//1014 1035//1014 
f 168//1014 1026//1014 1027//1014 
f 141//1014 1032//1014 1044//1014 
f 150//1014 1043//1014 1023//1014 
f 144//1014 1041//1014 1033//1014 
f 118//1014 117//1014 1029//1014 
o mesh3
f 1148//1015 1045//1016 1046//1017 
f 1149//1018 1046//1017 1047//1019 
f 1150//1020 1047//1019 1048//1021 
f 1151//1022 1048//1021 1049//1023 
f 1152//1024 1049//1023 1050//1025 
f 1153//1026 1050//1025 1051//1027 
f 1154//1028 1051//1027 1052//1029 
f 1155//1030 1156//1031 1053//1032 
f 1156//1031 1052//1029 1053//1032 
f 1157//1033 1155//1030 1054//1034 
f 1155//1030 1055//1035 1054//1034 
f 1158//1036 1157//1033 1056//1037 
f 1157//1033 1057//1038 1056//1037 
f 1159//1039 1158//1036 1058//1040 
f 1158//1036 1059//1041 1058//1040 
f 1160//1042 1159//1039 1060//1043 
f 1159//1039 1061//1044 1060//1043 
f 1161//1045 1160//1042 1062//1046 
f 1160//1042 1063//1047 1062//1046 
f 1162//1048 1161//1045 1064//1049 
f 1161//1045 1065//1050 1064//1049 
f 1163//1051 1162//1048 1066//1052 
f 1162//1048 1067//1053 1066//1052 
f 1164//1054 1163//1051 1068//1055 
f 1163//1051 1069//1056 1068//1055 
f 1165//1057 1164//1054 1070//1058 
f 1164//1054 1071//1059 1070//1058 
f 1166//1060 1165//1057 1072//1061 
f 1165//1057 1073//1062 1072//1061 
f 1167//1063 1166//1060 1074//1064 
f 1166//1060 1075//1065 1074//1064 
f 1168//1066 1167//1063 1076//1067 
f 1167//1063 1077//1068 1076//1067 
f 1169//1069 1168//1066 1078//1070 
f 1168//1066 1079//1071 1078//1070 
f 1170//1072 1169//1069 1080//1073 
f 1169//1069 1081//1074 1080//1073 
f 1171//1075 1170//1072 1082//1076 
f 1170//1072 1083//1077 1082//1076 
f 1172//1078 1171//1075 1084//1079 
f 1171//1075 1085//1080 1084//1079 
f 1173//1081 1172//1078 1086//1082 
f 1172//1078 1087//1083 1086//1082 
f 1174//1084 1173//1081 1088//1085 
f 1173//1081 1089//1086 1088//1085 
f 1175//1087 1174//1084 1090//1088 
f 1174//1084 1091//1089 1090//1088 
f 1176//1090 1175//1087 1092//1091 
f 1175//1087 1093//1092 1092//1091 
f 1177//1093 1176//1090 1094//1094 
f 1176//1090 1095//1095 1094//1094 
f 1178//1096 1177//1093 1096//1097 
f 1177//1093 1097//1098 1096//1097 
f 1179//1099 1178//1096 1098//1100 
f 1178//1096 1099//1101 1098//1100 
f 1180//1102 1179//1099 1100//1103 
f 1179//1099 1101//1104 1100//1103 
f 1181//1105 1180//1102 1102//1106 
f 1180//1102 1103//1107 1102//1106 
f 1182//1108 1181//1105 1104//1109 
f 1181//1105 1105//1110 1104//1109 
f 1183//1111 1182//1108 1106//1112 
f 1182//1108 1107//1113 1106//1112 
f 1184//1114 1183//1111 1108//1115 
f 1183//1111 1109//1116 1108//1115 
f 1185//1117 1184//1114 1110//1118 
f 1184//1114 1111//1119 1110//1118 
f 1186//1120 1185//1117 1112//1121 
f 1185//1117 1113//1122 1112//1121 
f 1187//1123 1186//1120 1114//1124 
f 1186//1120 1115//1125 1114//1124 
f 1188//1126 1187//1123 1116//1127 
f 1187//1123 1117//1128 1116//1127 
f 1189//1129 1188//1126 1118//1130 
f 1188//1126 1119//1131 1118//1130 
f 1190//1132 1189//1129 1120//1133 
f 1189//1129 1121//1134 1120//1133 
f 1191//1135 1190//1132 1122//1136 
f 1190//1132 1123//1137 1122//1136 
f 1192//1138 1191//1135 1124//1139 
f 1191//1135 1125//1140 1124//1139 
f 1193//1141 1192//1138 1126//1142 
f 1192//1138 1127//1143 1126//1142 
f 1194//1144 1193//1141 1128//1145 
f 1193//1141 1129//1146 1128//1145 
f 1195//1147 1194//1144 1130//1148 
f 1194//1144 1131//1149 1130//1148 
f 1196//1150 1195//1147 1132//1151 
f 1195//1147 1133//1152 1132//1151 
f 1197//1153 1196//1150 1134//1154 
f 1196//1150 1135//1155 1134//1154 
f 1198//1156 1197//1153 1136//1157 
f 1197//1153 1137//1158 1136//1157 
f 1199//1159 1198//1156 1138//1160 
f 1198//1156 1139//1161 1138//1160 
f 1200//1162 1199//1159 1140//1163 
f 1199//1159 1141//1164 1140//1163 
f 1200//1162 1142//1165 1143//1166 
f 1201//1167 1143//1166 1144//1168 
f 1202//1169 1144//1168 1145//1170 
f 1203//1171 1145//1170 1146//1172 
f 1204//1173 1146//1172 1147//1174 
f 1205//1175 1147//1174 1045//1016 
f 1206//1176 1148//1015 1149//1018 
f 1207//1177 1149//1018 1150//1020 
f 1208//1178 1150//1020 1151//1022 
f 1209//1179 1151//1022 1152//1024 
f 1210//1180 1152//1024 1153//1026 
f 1211//1181 1153//1026 1154//1028 
f 1212//1182 1154//1028 1156//1031 
f 1213//1183 1156//1031 1155//1030 
f 1214//1184 1155//1030 1157//1033 
f 1215//1185 1157//1033 1158//1036 
f 1216//1186 1158//1036 1159//1039 
f 1217//1187 1159//1039 1160//1042 
f 1218//1188 1160//1042 1161//1045 
f 1219//1189 1161//1045 1162//1048 
f 1220//1190 1162//1048 1163//1051 
f 1221//1191 1163//1051 1164//1054 
f 1222//1192 1164//1054 1165//1057 
f 1223//1193 1165//1057 1166//1060 
f 1224//1194 1166//1060 1167//1063 
f 1225//1195 1167//1063 1168//1066 
f 1226//1196 1168//1066 1169//1069 
f 1227//1197 1169//1069 1170//1072 
f 1228//1198 1170//1072 1171//1075 
f 1229//1199 1171//1075 1172//1078 
f 1230//1200 1172//1078 1173//1081 
f 1231//1201 1173//1081 1174//1084 
f 1232//1202 1174//1084 1175//1087 
f 1233//1203 1175//1087 1176//1090 
f 1234//1204 1176//1090 1177//1093 
f 1235//1205 1177//1093 1178//1096 
f 1236//1206 1178//1096 1179//1099 
f 1237//1207 1179//1099 1180//1102 
f 1238//1208 1180//1102 1181//1105 
f 1239//1209 1181//1105 1182//1108 
f 1240//1210 1182//1108 1183//1111 
f 1241//1211 1183//1111 1184//1114 
f 1242//1212 1184//1114 1185//1117 
f 1243//1213 1185//1117 1186//1120 
f 1244//1214 1186//1120 1187//1123 
f 1245//1215 1187//1123 1188//1126 
f 1246//1216 1188//1126 1189//1129 
f 1247//1217 1189//1129 1190//1132 
f 1248//1218 1190//1132 1191//1135 
f 1249//1219 1191//1135 1192//1138 
f 1250//1220 1192//1138 1193//1141 
f 1251//1221 1193//1141 1194//1144 
f 1252//1222 1194//1144 1195//1147 
f 1253//1223 1195//1147 1196//1150 
f 1254//1224 1196//1150 1197//1153 
f 1255//1225 1197//1153 1198//1156 
f 1256//1226 1198//1156 1199//1159 
f 1257//1227 1199//1159 1200//1162 
f 1258//1228 1200//1162 1201//1167 
f 1259//1229 1201//1167 1202//1169 
f 1260//1230 1202//1169 1203//1171 
f 1261//1231 1203//1171 1204//1173 
f 1262//1232 1204//1173 1205//1175 
f 1263//1233 1205//1175 1148//1015 
f 1264//1234 1206//1176 1207//1177 
f 1265//1235 1207//1177 1208//1178 
f 1266//1236 1208//1178 1209//1179 
f 1267//1237 1209//1179 1210//1180 
f 1268//1238 1210//1180 1211//1181 
f 1269//1239 1211//1181 1212//1182 
f 1270//1240 1212//1182 1213//1183 
f 1271//1241 1213//1183 1214//1184 
f 1272//1242 1214//1184 1215//1185 
f 1273//1243 1215//1185 1216//1186 
f 1274//1244 1216//1186 1217//1187 
f 1275//1245 1217//1187 1218//1188 
f 1276//1246 1218//1188 1219//1189 
f 1277//1247 1219//1189 1220//1190 
f 1278//1248 1220//1190 1221//1191 
f 1279//1249 1221//1191 1222//1192 
f 1280//1250 1222//1192 1223//1193 
f 1281//1251 1223//1193 1224//1194 
f 1282//1252 1224//1194 1225//1195 
f 1283//1253 1225//1195 1226//1196 
f 1284//1254 1226//1196 1227//1197 
f 1285//1255 1227//1197 1228//1198 
f 1286//1256 1228//1198 1229//1199 
f 1287//1257 1229//1199 1230//1200 
f 1288//1258 1230//1200 1231//1201 
f 1289//1259 1231//1201 1232//1202 
f 1290//1260 1232//1202 1233//1203 
f 1291//1261 1233//1203 1234//1204 
f 1292//1262 1234//1204 1235//1205 
f 1293//1263 1235//1205 1236//1206 
f 1294//1264 1236//1206 1237//1207 
f 1295//1265 1237//1207 1238//1208 
f 1296//1266 1238//1208 1239//1209 
f 1297//1267 1239//1209 1240//1210 
f 1298//1268 1240//1210 1241//1211 
f 1299//1269 1241//1211 1242//1212 
f 1300//1270 1242//1212 1243//1213 
f 1301//1271 1243//1213 1244//1214 
f 1302//1272 1244//1214 1245//1215 
f 1303//1273 1245//1215 1246//1216 
f 1304//1274 1246//1216 1247//1217 
f 1305//1275 1247//1217 1248//1218 
f 1306//1276 1248//1218 1249//1219 
f 1307//1277 1249//1219 1250//1220 
f 1308//1278 1250//1220 1251//1221 
f 1309//1279 1251//1221 1252//1222 
f 1310//1280 1252//1222 1253//1223 
f 1311//1281 1253//1223 1254//1224 
f 1312//1282 1254//1224 1255//1225 
f 1313//1283 1255//1225 1256//1226 
f 1314//1284 1256//1226 1257//1227 
f 1315//1285 1257//1227 1258//1228 
f 1316//1286 1258//1228 1259//1229 
f 1317//1287 1259//1229 1260//1230 
f 1318//1288 1260//1230 1261//1231 
f 1319//1289 1261//1231 1262//1232 
f 1320//1290 1262//1232 1263//1233 
f 1321//1291 1263//1233 1206//1176 
f 1322//1292 1264//1234 1265//1235 
f 1323//1293 1265//1235 1266//1236 
f 1324//1294 1266//1236 1267//1237 
f 1325//1295 1267//1237 1268//1238 
f 1326//1296 1268//1238 1269//1239 
f 1327//1297 1269//1239 1270//1240 
f 1328//1298 1270//1240 1271//1241 
f 1329//1299 1271//1241 1272//1242 
f 1330//1300 1272//1242 1273//1243 
f 1331//1301 1273//1243 1274//1244 
f 1332//1302 1274//1244 1275//1245 
f 1333//1303 1275//1245 1276//1246 
f 1334//1304 1276//1246 1277//1247 
f 1335//1305 1277//1247 1278//1248 
f 1336//1306 1278//1248 1279//1249 
f 1337//1307 1279//1249 1280//1250 
f 1338//1308 1280//1250 1281//1251 
f 1339//1309 1281//1251 1282//1252 
f 1340//1310 1282//1252 1283//1253 
f 1341//1311 1283//1253 1284//1254 
f 1342//1312 1284//1254 1285//1255 
f 1343//1313 1285//1255 1286//1256 
f 1344//1314 1286//1256 1287//1257 
f 1345//1315 1287//1257 1288//1258 
f 1346//1316 1288//1258 1289//1259 
f 1347//1317 1289//1259 1290//1260 
f 1348//1318 1290//1260 1291//1261 
f 1349//1319 1291//1261 1292//1262 
f 1350//1320 1292//1262 1293//1263 
f 1351//1321 1293//1263 1294//1264 
f 1352//1322 1294//1264 1295//1265 
f 1353//1323 1295//1265 1296//1266 
f 1354//1324 1296//1266 1297//1267 
f 1355//1325 1297//1267 1298//1268 
f 1356//1326 1298//1268 1299//1269 
f 1357//1327 1299//1269 1300//1270 
f 1358//1328 1300//1270 1301//1271 
f 1359//1329 1301//1271 1302//1272 
f 1360//1330 1302//1272 1303//1273 
f 1361//1331 1303//1273 1304//1274 
f 1362//1332 1304//1274 1305//1275 
f 1363//1333 1305//1275 1306//1276 
f 1364//1334 1306//1276 1307//1277 
f 1365//1335 1307//1277 1308//1278 
f 1366//1336 1308//1278 1309//1279 
f 1367//1337 1309//1279 1310//1280 
f 1368//1338 1310//1280 1311//1281 
f 1369//1339 1311//1281 1312//1282 
f 1370//1340 1312//1282 1313//1283 
f 1371//1341 1313//1283 1314//1284 
f 1372//1342 1314//1284 1315//1285 
f 1373//1343 1315//1285 1316//1286 
f 1374//1344 1316//1286 1317//1287 
f 1375//1345 1317//1287 1318//1288 
f 1376//1346 1318//1288 1319//1289 
f 1377//1347 1319//1289 1320//1290 
f 1378//1348 1320//1290 1321//1291 
f 1379//1349 1321//1291 1264//1234 
f 1380//1350 1322//1292 1323//1293 
f 1381//1351 1323//1293 1324//1294 
f 1382//1352 1324//1294 1325//1295 
f 1383//1353 1325//1295 1326//1296 
f 1384//1354 1326//1296 1327//1297 
f 1385//1355 1327//1297 1328//1298 
f 1386//1356 1328//1298 1329//1299 
f 1387//1357 1329//1299 1330//1300 
f 1388//1358 1330//1300 1331//1301 
f 1389//1359 1331//1301 1332//1302 
f 1390//1360 1332//1302 1333//1303 
f 1391//1361 1333//1303 1334//1304 
f 1392//1362 1334//1304 1335//1305 
f 1393//1363 1335//1305 1336//1306 
f 1394//1364 1336//1306 1337//1307 
f 1395//1365 1337//1307 1338//1308 
f 1396//1366 1338//1308 1339//1309 
f 1397//1367 1339//1309 1340//1310 
f 1398//1368 1340//1310 1341//1311 
f 1399//1369 1341//1311 1342//1312 
f 1400//1370 1342//1312 1343//1313 
f 1401//1371 1343//1313 1344//1314 
f 1402//1372 1344//1314 1345//1315 
f 1403//1373 1345//1315 1346//1316 
f 1404//1374 1346//1316 1347//1317 
f 1405//1375 1347//1317 1348//1318 
f 1406//1376 1348//1318 1349//1319 
f 1407//1377 1349//1319 1350//1320 
f 1408//1378 1350//1320 1351//1321 
f 1409//1379 1351//1321 1352//1322 
f 1410//1380 1352//1322 1353//1323 
f 1411//1381 1353//1323 1354//1324 
f 1412//1382 1354//1324 1355//1325 
f 1413//1383 1355//1325 1356//1326 
f 1414//1384 1356//1326 1357//1327 
f 1415//1385 1357//1327 1358//1328 
f 1416//1386 1358//1328 1359//1329 
f 1417//1387 1359//1329 1360//1330 
f 1418//1388 1360//1330 1361//1331 
f 1419//1389 1361//1331 1362//1332 
f 1420//1390 1362//1332 1363//1333 
f 1421//1391 1363//1333 1364//1334 
f 1422//1392 1364//1334 1365//1335 
f 1423//1393 1365//1335 1366//1336 
f 1424//1394 1366//1336 1367//1337 
f 1425//1395 1367//1337 1368//1338 
f 1426//1396 1368//1338 1369//1339 
f 1427//1397 1369//1339 1370//1340 
f 1428//1398 1370//1340 1371//1341 
f 1429//1399 1371//1341 1372//1342 
f 1430//1400 1372//1342 1373//1343 
f 1431//1401 1373//1343 1374//1344 
f 1432//1402 1374//1344 1375//1345 
f 1433//1403 1375//1345 1376//1346 
f 1434//1404 1376//1346 1377//1347 
f 1435//1405 1377//1347 1378//1348 
f 1436//1406 1378//1348 1379//1349 
f 1437//1407 1379//1349 1322//1292 
f 1438//1408 1380//1350 1381//1351 
f 1439//1409 1381//1351 1382//1352 
f 1440//1410 1382//1352 1383//1353 
f 1441//1411 1383//1353 1384//1354 
f 1442//1412 1384//1354 1385//1355 
f 1443//1413 1385//1355 1386//1356 
f 1444//1414 1386//1356 1387//1357 
f 1445//1415 1387//1357 1388//1358 
f 1446//1416 1388//1358 1389//1359 
f 1447//1417 1389//1359 1390//1360 
f 1448//1418 1390//1360 1391//1361 
f 1449//1419 1391//1361 1392//1362 
f 1450//1420 1392//1362 1393//1363 
f 1451//1421 1393//1363 1394//1364 
f 1452//1422 1394//1364 1395//1365 
f 1453//1423 1395//1365 1396//1366 
f 1454//1424 1396//1366 1397//1367 
f 1455//1425 1397//1367 1398//1368 
f 1456//1426 1398//1368 1399//1369 
f 1457//1427 1399//1369 1400//1370 
f 1458//1428 1400//1370 1401//1371 
f 1459//1429 1401//1371 1402//1372 
f 1460//1430 1402//1372 1403//1373 
f 1461//1431 1403//1373 1404//1374 
f 1462//1432 1404//1374 1405//1375 
f 1463//1433 1405//1375 1406//1376 
f 1464//1434 1406//1376 1407//1377 
f 1465//1435 1407//1377 1408//1378 
f 1466//1436 1408//1378 1409//1379 
f 1467//1437 1409//1379 1410//1380 
f 1468//1438 1410//1380 1411//1381 
f 1469//1439 1411//1381 1412//1382 
f 1470//1440 1412//1382 1413//1383 
f 1471//1441 1413//1383 1414//1384 
f 1472//1442 1414//1384 1415//1385 
f 1473//1443 1415//1385 1416//1386 
f 1474//1444 1416//1386 1417//1387 
f 1475//1445 1417//1387 1418//1388 
f 1476//1446 1418//1388 1419//1389 
f 1477//1447 1419//1389 1420//1390 
f 1478//1448 1420//1390 1421//1391 
f 1479//1449 1421//1391 1422//1392 
f 1480//1450 1422//1392 1423//1393 
f 1481//1451 1423//1393 1424//1394 
f 1482//1452 1424//1394 1425//1395 
f 1483//1453 1425//1395 1426//1396 
f 1484//1454 1426//1396 1427//1397 
f 1485//1455 1427//1397 1428//1398 
f 1486//1456 1428//1398 1429//1399 
f 1487//1457 1429//1399 1430//1400 
f 1488//1458 1430//1400 1431//1401 
f 1489//1459 1431//1401 1432//1402 
f 1490//1460 1432//1402 1433//1403 
f 1491//1461 1433//1403 1434//1404 
f 1492//1462 1434//1404 1435//1405 
f 1493//1463 1435//1405 1436//1406 
f 1494//1464 1436//1406 1437//1407 
f 1495//1465 1437//1407 1380//1350 
f 1496//1466 1438//1408 1439//1409 
f 1497//1467 1439//1409 1440//1410 
f 1498//1468 1440//1410 1441//1411 
f 1499//1469 1441//1411 1442//1412 
f 1500//1470 1442//1412 1443//1413 
f 1501//1471 1443//1413 1444//1414 
f 1502//1472 1444//1414 1445//1415 
f 1503//1473 1445//1415 1446//1416 
f 1504//1474 1446//1416 1447//1417 
f 1505//1475 1447//1417 1448//1418 
f 1506//1476 1448//1418 1449//1419 
f 1507//1477 1449//1419 1450//1420 
f 1508//1478 1450//1420 1451//1421 
f 1509//1479 1451//1421 1452//1422 
f 1510//1480 1452//1422 1453//1423 
f 1511//1481 1453//1423 1454//1424 
f 1512//1482 1454//1424 1455//1425 
f 1513//1483 1455//1425 1456//1426 
f 1514//1484 1456//1426 1457//1427 
f 1515//1485 1457//1427 1458//1428 
f 1516//1486 1458//1428 1459//1429 
f 1517//1487 1459//1429 1460//1430 
f 1518//1488 1460//1430 1461//1431 
f 1519//1489 1461//1431 1462//1432 
f 1520//1490 1462//1432 1463//1433 
f 1521//1491 1463//1433 1464//1434 
f 1522//1492 1464//1434 1465//1435 
f 1523//1493 1465//1435 1466//1436 
f 1524//1494 1466//1436 1467//1437 
f 1525//1495 1467//1437 1468//1438 
f 1526//1496 1468//1438 1469//1439 
f 1527//1497 1469//1439 1470//1440 
f 1528//1498 1470//1440 1471//1441 
f 1529//1499 1471//1441 1472//1442 
f 1530//1500 1472//1442 1473//1443 
f 1531//1501 1473//1443 1474//1444 
f 1532//1502 1474//1444 1475//1445 
f 1533//1503 1475//1445 1476//1446 
f 1534//1504 1476//1446 1477//1447 
f 1535//1505 1477//1447 1478//1448 
f 1536//1506 1478//1448 1479//1449 
f 1537//1507 1479//1449 1480//1450 
f 1538//1508 1480//1450 1481//1451 
f 1539//1509 1481//1451 1482//1452 
f 1540//1510 1482//1452 1483//1453 
f 1541//1511 1483//1453 1484//1454 
f 1542//1512 1484//1454 1485//1455 
f 1543//1513 1485//1455 1486//1456 
f 1544//1514 1486//1456 1487//1457 
f 1545//1515 1487//1457 1488//1458 
f 1546//1516 1488//1458 1489//1459 
f 1547//1517 1489//1459 1490//1460 
f 1548//1518 1490//1460 1491//1461 
f 1549//1519 1491//1461 1492//1462 
f 1550//1520 1492//1462 1493//1463 
f 1551//1521 1493//1463 1494//1464 
f 1552//1522 1494//1464 1495//1465 
f 1553//1523 1495//1465 1438//1408 
f 1554//1524 1496//1466 1497//1467 
f 1555//1525 1497//1467 1498//1468 
f 1556//1526 1498//1468 1499//1469 
f 1557//1527 1499//1469 1500//1470 
f 1558//1528 1500//1470 1501//1471 
f 1559//1529 1501//1471 1502//1472 
f 1560//1530 1502//1472 1503//1473 
f 1561//1531 1503//1473 1504//1474 
f 1562//1532 1504//1474 1505//1475 
f 1563//1533 1505//1475 1506//1476 
f 1564//1534 1506//1476 1507//1477 
f 1565//1535 1507//1477 1508//1478 
f 1566//1536 1508//1478 1509//1479 
f 1567//1537 1509//1479 1510//1480 
f 1568//1538 1510//1480 1511//1481 
f 1569//1539 1511//1481 1512//1482 
f 1570//1540 1512//1482 1513//1483 
f 1571//1541 1513//1483 1514//1484 
f 1572//1542 1514//1484 1515//1485 
f 1573//1543 1515//1485 1516//1486 
f 1574//1544 1516//1486 1517//1487 
f 1575//1545 1517//1487 1518//1488 
f 1576//1546 1518//1488 1519//1489 
f 1577//1547 1519//1489 1520//1490 
f 1578//1548 1520//1490 1521//1491 
f 1579//1549 1521//1491 1522//1492 
f 1580//1550 1522//1492 1523//1493 
f 1581//1551 1523//1493 1524//1494 
f 1582//1552 1524//1494 1525//1495 
f 1583//1553 1525//1495 1526//1496 
f 1584//1554 1526//1496 1527//1497 
f 1585//1555 1527//1497 1528//1498 
f 1586//1556 1528//1498 1529//1499 
f 1587//1557 1529//1499 1530//1500 
f 1588//1558 1530//1500 1531//1501 
f 1589//1559 1531//1501 1532//1502 
f 1590//1560 1532//1502 1533//1503 
f 1591//1561 1533//1503 1534//1504 
f 1592//1562 1534//1504 1535//1505 
f 1593//1563 1535//1505 1536//1506 
f 1594//1564 1536//1506 1537//1507 
f 1595//1565 1537//1507 1538//1508 
f 1596//1566 1538//1508 1539//1509 
f 1597//1567 1539//1509 1540//1510 
f 1598//1568 1540//1510 1541//1511 
f 1599//1569 1541//1511 1542//1512 
f 1600//1570 1542//1512 1543//1513 
f 1601//1571 1543//1513 1544//1514 
f 1602//1572 1544//1514 1545//1515 
f 1603//1573 1545//1515 1546//1516 
f 1604//1574 1546//1516 1547//1517 
f 1605//1575 1547//1517 1548//1518 
f 1606//1576 1548//1518 1549//1519 
f 1607//1577 1549//1519 1550//1520 
f 1608//1578 1550//1520 1551//1521 
f 1609//1579 1551//1521 1552//1522 
f 1610//1580 1552//1522 1553//1523 
f 1611//1581 1553//1523 1496//1466 
f 1612//1582 1554//1524 1555//1525 
f 1613//1583 1555//1525 1556//1526 
f 1614//1584 1556//1526 1557//1527 
f 1615//1585 1557//1527 1558//1528 
f 1616//1586 1558//1528 1559//1529 
f 1617//1587 1559//1529 1560//1530 
f 1618//1588 1560//1530 1561//1531 
f 1619//1589 1561//1531 1562//1532 
f 1620//1590 1562//1532 1563//1533 
f 1621//1591 1563//1533 1564//1534 
f 1622//1592 1564//1534 1565//1535 
f 1623//1593 1565//1535 1566//1536 
f 1624//1594 1566//1536 1567//1537 
f 1625//1595 1567//1537 1568//1538 
f 1626//1596 1568//1538 1569//1539 
f 1627//1597 1569//1539 1570//1540 
f 1628//1598 1570//1540 1571//1541 
f 1629//1599 1571//1541 1572//1542 
f 1630//1600 1572//1542 1573//1543 
f 1631//1601 1573//1543 1574//1544 
f 1632//1602 1574//1544 1575//1545 
f 1633//1603 1575//1545 1576//1546 
f 1634//1604 1576//1546 1577//1547 
f 1635//1605 1577//1547 1578//1548 
f 1636//1606 1578//1548 1579//1549 
f 1637//1607 1579//1549 1580//1550 
f 1638//1608 1580//1550 1581//1551 
f 1639//1609 1581//1551 1582//1552 
f 1640//1610 1582//1552 1583//1553 
f 1641//1611 1583//1553 1584//1554 
f 1642//1612 1584//1554 1585//1555 
f 1643//1613 1585//1555 1586//1556 
f 1644//1614 1586//1556 1587//1557 
f 1645//1615 1587//1557 1588//1558 
f 1646//1616 1588//1558 1589//1559 
f 1647//1617 1589//1559 1590//1560 
f 1648//1618 1590//1560 1591//1561 
f 1649//1619 1591//1561 1592//1562 
f 1650//1620 1592//1562 1593//1563 
f 1651//1621 1593//1563 1594//1564 
f 1652//1622 1594//1564 1595//1565 
f 1653//1623 1595//1565 1596//1566 
f 1654//1624 1596//1566 1597//1567 
f 1655//1625 1597//1567 1598//1568 
f 1656//1626 1598//1568 1599//1569 
f 1657//1627 1599//1569 1600//1570 
f 1658//1628 1600//1570 1601//1571 
f 1659//1629 1601//1571 1602//1572 
f 1660//1630 1602//1572 1603//1573 
f 1661//1631 1603//1573 1604//1574 
f 1662//1632 1604//1574 1605//1575 
f 1663//1633 1605//1575 1606//1576 
f 1664//1634 1606//1576 1607//1577 
f 1665//1635 1607//1577 1608//1578 
f 1666//1636 1608//1578 1609//1579 
f 1667//1637 1609//1579 1610//1580 
f 1668//1638 1610//1580 1611//1581 
f 1669//1639 1611//1581 1554//1524 
f 1670//1640 1612//1582 1613//1583 
f 1671//1641 1613//1583 1614//1584 
f 1672//1642 1614//1584 1615//1585 
f 1673//1643 1615//1585 1616//1586 
f 1674//1644 1616//1586 1617//1587 
f 1675//1645 1617//1587 1618//1588 
f 1676//1646 1618//1588 1619//1589 
f 1677//1647 1619//1589 1620//1590 
f 1678//1648 1620//1590 1621//1591 
f 1679//1649 1621//1591 1622//1592 
f 1680//1650 1622//1592 1623//1593 
f 1681//1651 1623//1593 1624//1594 
f 1682//1652 1624//1594 1625//1595 
f 1683//1653 1625//1595 1626//1596 
f 1684//1654 1626//1596 1627//1597 
f 1685//1655 1627//1597 1628//1598 
f 1686//1656 1628//1598 1629//1599 
f 1687//1657 1629//1599 1630//1600 
f 1688//1658 1630//1600 1631//1601 
f 1689//1659 1631//1601 1632//1602 
f 1690//1660 1632//1602 1633//1603 
f 1691//1661 1633//1603 1634//1604 
f 1692//1662 1634//1604 1635//1605 
f 1693//1663 1635//1605 1636//1606 
f 1694//1664 1636//1606 1637//1607 
f 1695//1665 1637//1607 1638//1608 
f 1696//1666 1638//1608 1639//1609 
f 1697//1667 1639//1609 1640//1610 
f 1698//1668 1640//1610 1641//1611 
f 1699//1669 1641//1611 1642//1612 
f 1700//1670 1642//1612 1643//1613 
f 1701//1671 1643//1613 1644//1614 
f 1702//1672 1644//1614 1645//1615 
f 1703//1673 1645//1615 1646//1616 
f 1704//1674 1646//1616 1647//1617 
f 1705//1675 1647//1617 1648//1618 
f 1706//1676 1648//1618 1649//1619 
f 1707//1677 1649//1619 1650//1620 
f 1708//1678 1650//1620 1651//1621 
f 1709//1679 1651//1621 1652//1622 
f 1710//1680 1652//1622 1653//1623 
f 1711//1681 1653//1623 1654//1624 
f 1712//1682 1654//1624 1655//1625 
f 1713//1683 1655//1625 1656//1626 
f 1714//1684 1656//1626 1657//1627 
f 1715//1685 1657//1627 1658//1628 
f 1716//1686 1658//1628 1659//1629 
f 1717//1687 1659//1629 1660//1630 
f 1718//1688 1660//1630 1661//1631 
f 1719//1689 1661//1631 1662//1632 
f 1720//1690 1662//1632 1663//1633 
f 1721//1691 1663//1633 1664//1634 
f 1722//1692 1664//1634 1665//1635 
f 1723//1693 1665//1635 1666//1636 
f 1724//1694 1666//1636 1667//1637 
f 1725//1695 1667//1637 1668//1638 
f 1726//1696 1668//1638 1669//1639 
f 1727//1697 1669//1639 1612//1582 
f 1728//1698 1670//1640 1671//1641 
f 1729//1699 1671//1641 1672//1642 
f 1730//1700 1672//1642 1673//1643 
f 1731//1701 1673//1643 1674//1644 
f 1732//1702 1674//1644 1675//1645 
f 1733//1703 1675//1645 1676//1646 
f 1734//1704 1676//1646 1677//1647 
f 1735//1705 1677//1647 1678//1648 
f 1736//1706 1678//1648 1679//1649 
f 1737//1707 1679//1649 1680//1650 
f 1738//1708 1680//1650 1681//1651 
f 1739//1709 1681//1651 1682//1652 
f 1740//1710 1682//1652 1683//1653 
f 1741//1711 1683//1653 1684//1654 
f 1742//1712 1684//1654 1685//1655 
f 1743//1713 1685//1655 1686//1656 
f 1744//1714 1686//1656 1687//1657 
f 1745//1715 1687//1657 1688//1658 
f 1746//1716 1688//1658 1689//1659 
f 1747//1717 1689//1659 1690//1660 
f 1748//1718 1690//1660 1691//1661 
f 1749//1719 1691//1661 1692//1662 
f 1750//1720 1692//1662 1693//1663 
f 1751//1721 1693//1663 1694//1664 
f 1752//1722 1694//1664 1695//1665 
f 1753//1723 1695//1665 1696//1666 
f 1754//1724 1696//1666 1697//1667 
f 1755//1725 1697//1667 1698//1668 
f 1756//1726 1698//1668 1699//1669 
f 1757//1727 1699//1669 1700//1670 
f 1758//1728 1700//1670 1701//1671 
f 1759//1729 1701//1671 1702//1672 
f 1760//1730 1702//1672 1703//1673 
f 1761//1731 1703//1673 1704//1674 
f 1762//1732 1704//1674 1705//1675 
f 1763//1733 1705//1675 1706//1676 
f 1764//1734 1706//1676 1707//1677 
f 1765//1735 1707//1677 1708//1678 
f 1766//1736 1708//1678 1709//1679 
f 1767//1737 1709//1679 1710//1680 
f 1768//1738 1710//1680 1711//1681 
f 1769//1739 1711//1681 1712//1682 
f 1770//1740 1712//1682 1713//1683 
f 1771//1741 1713//1683 1714//1684 
f 1772//1742 1714//1684 1715//1685 
f 1773//1743 1715//1685 1716//1686 
f 1774//1744 1716//1686 1717//1687 
f 1775//1745 1717//1687 1718//1688 
f 1776//1746 1718//1688 1719//1689 
f 1777//1747 1719//1689 1720//1690 
f 1778//1748 1720//1690 1721//1691 
f 1779//1749 1721//1691 1722//1692 
f 1780//1750 1722//1692 1723//1693 
f 1781//1751 1723//1693 1724//1694 
f 1782//1752 1724//1694 1725//1695 
f 1783//1753 1725//1695 1726//1696 
f 1784//1754 1726//1696 1727//1697 
f 1785//1755 1727//1697 1670//1640 
f 1786//1756 1728//1698 1729//1699 
f 1787//1757 1729//1699 1730//1700 
f 1788//1758 1730//1700 1731//1701 
f 1789//1759 1731//1701 1732//1702 
f 1790//1760 1732//1702 1733//1703 
f 1791//1761 1733//1703 1734//1704 
f 1792//1762 1734//1704 1735//1705 
f 1793//1763 1735//1705 1736//1706 
f 1794//1764 1736//1706 1737//1707 
f 1795//1765 1737//1707 1738//1708 
f 1796//1766 1738//1708 1739//1709 
f 1797//1767 1739//1709 1740//1710 
f 1798//1768 1740//1710 1741//1711 
f 1799//1769 1741//1711 1742//1712 
f 1800//1770 1742//1712 1743//1713 
f 1801//1771 1743//1713 1744//1714 
f 1802//1772 1744//1714 1745//1715 
f 1803//1773 1745//1715 1746//1716 
f 1804//1774 1746//1716 1747//1717 
f 1805//1775 1747//1717 1748//1718 
f 1806//1776 1748//1718 1749//1719 
f 1807//1777 1749//1719 1750//1720 
f 1808//1778 1750//1720 1751//1721 
f 1809//1779 1751//1721 1752//1722 
f 1810//1780 1752//1722 1753//1723 
f 1811//1781 1753//1723 1754//1724 
f 1812//1782 1754//1724 1755//1725 
f 1813//1783 1755//1725 1756//1726 
f 1814//1784 1756//1726 1757//1727 
f 1815//1785 1757//1727 1758//1728 
f 1816//1786 1758//1728 1759//1729 
f 1817//1787 1759//1729 1760//1730 
f 1818//1788 1760//1730 1761//1731 
f 1819//1789 1761//1731 1762//1732 
f 1820//1790 1762//1732 1763//1733 
f 1821//1791 1763//1733 1764//1734 
f 1822//1792 1764//1734 1765//1735 
f 1823//1793 1765//1735 1766//1736 
f 1824//1794 1766//1736 1767//1737 
f 1825//1795 1767//1737 1768//1738 
f 1826//1796 1768//1738 1769//1739 
f 1827//1797 1769//1739 1770//1740 
f 1828//1798 1770//1740 1771//1741 
f 1829//1799 1771//1741 1772//1742 
f 1830//1800 1772//1742 1773//1743 
f 1831//1801 1773//1743 1774//1744 
f 1832//1802 1774//1744 1775//1745 
f 1833//1803 1775//1745 1776//1746 
f 1834//1804 1776//1746 1777//1747 
f 1835//1805 1777//1747 1778//1748 
f 1836//1806 1778//1748 1779//1749 
f 1837//1807 1779//1749 1780//1750 
f 1838//1808 1780//1750 1781//1751 
f 1839//1809 1781//1751 1782//1752 
f 1840//1810 1782//1752 1783//1753 
f 1841//1811 1783//1753 1784//1754 
f 1842//1812 1784//1754 1785//1755 
f 1843//1813 1785//1755 1728//1698 
f 1844//1814 1786//1756 1787//1757 
f 1845//1815 1787//1757 1788//1758 
f 1846//1816 1788//1758 1789//1759 
f 1847//1817 1789//1759 1790//1760 
f 1848//1818 1790//1760 1791//1761 
f 1849//1819 1791//1761 1792//1762 
f 1850//1820 1792//1762 1793//1763 
f 1851//1821 1793//1763 1794//1764 
f 1852//1822 1794//1764 1795//1765 
f 1853//1823 1795//1765 1796//1766 
f 1854//1824 1796//1766 1797//1767 
f 1855//1825 1797//1767 1798//1768 
f 1856//1826 1798//1768 1799//1769 
f 1857//1827 1799//1769 1800//1770 
f 1858//1828 1800//1770 1801//1771 
f 1859//1829 1801//1771 1802//1772 
f 1860//1830 1802//1772 1803//1773 
f 1861//1831 1803//1773 1804//1774 
f 1862//1832 1804//1774 1805//1775 
f 1863//1833 1805//1775 1806//1776 
f 1864//1834 1806//1776 1807//1777 
f 1865//1835 1807//1777 1808//1778 
f 1866//1836 1808//1778 1809//1779 
f 1867//1837 1809//1779 1810//1780 
f 1868//1838 1810//1780 1811//1781 
f 1869//1839 1811//1781 1812//1782 
f 1870//1840 1812//1782 1813//1783 
f 1871//1841 1813//1783 1814//1784 
f 1872//1842 1814//1784 1815//1785 
f 1873//1843 1815//1785 1816//1786 
f 1874//1844 1816//1786 1817//1787 
f 1875//1845 1817//1787 1818//1788 
f 1876//1846 1818//1788 1819//1789 
f 1877//1847 1819//1789 1820//1790 
f 1878//1848 1820//1790 1821//1791 
f 1879//1849 1821//1791 1822//1792 
f 1880//1850 1822//1792 1823//1793 
f 1881//1851 1823//1793 1824//1794 
f 1882//1852 1824//1794 1825//1795 
f 1883//1853 1825//1795 1826//1796 
f 1884//1854 1826//1796 1827//1797 
f 1885//1855 1827//1797 1828//1798 
f 1886//1856 1828//1798 1829//1799 
f 1887//1857 1829//1799 1830//1800 
f 1888//1858 1830//1800 1831//1801 
f 1889//1859 1831//1801 1832//1802 
f 1890//1860 1832//1802 1833//1803 
f 1891//1861 1833//1803 1834//1804 
f 1892//1862 1834//1804 1835//1805 
f 1893//1863 1835//1805 1836//1806 
f 1894//1864 1836//1806 1837//1807 
f 1895//1865 1837//1807 1838//1808 
f 1896//1866 1838//1808 1839//1809 
f 1897//1867 1839//1809 1840//1810 
f 1898//1868 1840//1810 1841//1811 
f 1899//1869 1841//1811 1842//1812 
f 1900//1870 1842//1812 1843//1813 
f 1901//1871 1843//1813 1786//1756 
f 1902//1872 1844//1814 1845//1815 
f 1903//1873 1845//1815 1846//1816 
f 1904//1874 1846//1816 1847//1817 
f 1905//1875 1847//1817 1848//1818 
f 1906//1876 1848//1818 1849//1819 
f 1907//1877 1849//1819 1850//1820 
f 1908//1878 1850//1820 1851//1821 
f 1909//1879 1851//1821 1852//1822 
f 1910//1880 1852//1822 1853//1823 
f 1911//1881 1853//1823 1854//1824 
f 1912//1882 1854//1824 1855//1825 
f 1913//1883 1855//1825 1856//1826 
f 1914//1884 1856//1826 1857//1827 
f 1915//1885 1857//1827 1858//1828 
f 1916//1886 1858//1828 1859//1829 
f 1917//1887 1859//1829 1860//1830 
f 1918//1888 1860//1830 1861//1831 
f 1919//1889 1861//1831 1862//1832 
f 1920//1890 1862//1832 1863//1833 
f 1921//1891 1863//1833 1864//1834 
f 1922//1892 1864//1834 1865//1835 
f 1923//1893 1865//1835 1866//1836 
f 1924//1894 1866//1836 1867//1837 
f 1925//1895 1867//1837 1868//1838 
f 1926//1896 1868//1838 1869//1839 
f 1927//1897 1869//1839 1870//1840 
f 1928//1898 1870//1840 1871//1841 
f 1929//1899 1871//1841 1872//1842 
f 1930//1900 1872//1842 1873//1843 
f 1931//1901 1873//1843 1874//1844 
f 1932//1902 1874//1844 1875//1845 
f 1933//1903 1875//1845 1876//1846 
f 1934//1904 1876//1846 1877//1847 
f 1935//1905 1877//1847 1878//1848 
f 1936//1906 1878//1848 1879//1849 
f 1937//1907 1879//1849 1880//1850 
f 1938//1908 1880//1850 1881//1851 
f 1939//1909 1881//1851 1882//1852 
f 1940//1910 1882//1852 1883//1853 
f 1941//1911 1883//1853 1884//1854 
f 1942//1912 1884//1854 1885//1855 
f 1943//1913 1885//1855 1886//1856 
f 1944//1914 1886//1856 1887//1857 
f 1945//1915 1887//1857 1888//1858 
f 1946//1916 1888//1858 1889//1859 
f 1947//1917 1889//1859 1890//1860 
f 1948//1918 1890//1860 1891//1861 
f 1949//1919 1891//1861 1892//1862 
f 1950//1920 1892//1862 1893//1863 
f 1951//1921 1893//1863 1894//1864 
f 1952//1922 1894//1864 1895//1865 
f 1953//1923 1895//1865 1896//1866 
f 1954//1924 1896//1866 1897//1867 
f 1955//1925 1897//1867 1898//1868 
f 1956//1926 1898//1868 1899//1869 
f 1957//1927 1899//1869 1900//1870 
f 1958//1928 1900//1870 1901//1871 
f 1959//1929 1901//1871 1844//1814 
f 1029//1930 1902//1872 1903//1873 
f 1030//1930 1903//1873 1904//1874 
f 1021//1930 1904//1874 1905//1875 
f 1022//1930 1905//1875 1906//1876 
f 1006//1930 1906//1876 1907//1877 
f 1007//1930 1907//1877 1908//1878 
f 1014//1930 1908//1878 1909//1879 
f 1008//1930 1909//1879 1910//1880 
f 997//1930 1910//1880 1911//1881 
f 998//1930 1911//1881 1912//1882 
f 999//1930 1912//1882 1913//1883 
f 989//1930 1913//1883 1914//1884 
f 990//1930 1914//1884 1915//1885 
f 991//1930 1915//1885 1916//1886 
f 987//1930 1916//1886 1917//1887 
f 988//1930 1917//1887 1918//1888 
f 992//1930 1918//1888 1919//1889 
f 1015//1930 1919//1889 1920//1890 
f 1016//1930 1920//1890 1921//1891 
f 1009//1930 1921//1891 1922//1892 
f 1010//1930 1922//1892 1923//1893 
f 1011//1930 1923//1893 1924//1894 
f 1039//1930 1924//1894 1925//1895 
f 1031//1930 1925//1895 1926//1896 
f 1032//1930 1926//1896 1927//1897 
f 1044//1930 1927//1897 1928//1898 
f 1040//1930 1928//1898 1929//1899 
f 1041//1930 1929//1899 1930//1900 
f 1033//1930 1930//1900 1931//1901 
f 1034//1930 1931//1901 1932//1902 
f 1042//1930 1932//1902 1933//1903 
f 1035//1930 1933//1903 1934//1904 
f 1036//1930 1934//1904 1935//1905 
f 1043//1930 1935//1905 1936//1906 
f 1023//1930 1936//1906 1937//1907 
f 1024//1930 1937//1907 1938//1908 
f 1012//1930 1938//1908 1939//1909 
f 1013//1930 1939//1909 1940//1910 
f 1017//1930 1940//1910 1941//1911 
f 1000//1930 1941//1911 1942//1912 
f 1001//1930 1942//1912 1943//1913 
f 993//1930 1943//1913 1944//1914 
f 994//1930 1944//1914 1945//1915 
f 1002//1930 1945//1915 1946//1916 
f 1003//1930 1946//1916 1947//1917 
f 995//1930 1947//1917 1948//1918 
f 996//1930 1948//1918 1949//1919 
f 1004//1930 1949//1919 1950//1920 
f 1005//1930 1950//1920 1951//1921 
f 1037//1930 1951//1921 1952//1922 
f 1025//1930 1952//1922 1953//1923 
f 1026//1930 1953//1923 1954//1924 
f 1027//1930 1954//1924 1955//1925 
f 1028//1930 1955//1925 1956//1926 
f 1018//1930 1956//1926 1957//1927 
f 1019//1930 1957//1927 1958//1928 
f 1020//1930 1958//1928 1959//1929 
f 1038//1930 1959//1929 1902//1872 
f 1902//1872 1029//1930 1038//1930 
f 1959//1929 1038//1930 1020//1930 
f 1958//1928 1020//1930 1019//1930 
f 1957//1927 1019//1930 1018//1930 
f 1956//1926 1018//1930 1028//1930 
f 1955//1925 1028//1930 1027//1930 
f 1954//1924 1027//1930 1026//1930 
f 1953//1923 1026//1930 1025//1930 
f 1952//1922 1025//1930 1037//1930 
f 1951//1921 1037//1930 1005//1930 
f 1950//1920 1005//1930 1004//1930 
f 1949//1919 1004//1930 996//1930 
f 1948//1918 996//1930 995//1930 
f 1947//1917 995//1930 1003//1930 
f 1946//1916 1003//1930 1002//1930 
f 1945//1915 1002//1930 994//1930 
f 1944//1914 994//1930 993//1930 
f 1943//1913 993//1930 1001//1930 
f 1942//1912 1001//1930 1000//1930 
f 1941//1911 1000//1930 1017//1930 
f 1940//1910 1017//1930 1013//1930 
f 1939//1909 1013//1930 1012//1930 
f 1938//1908 1012//1930 1024//1930 
f 1937//1907 1024//1930 1023//1930 
f 1936//1906 1023//1930 1043//1930 
f 1935//1905 1043//1930 1036//1930 
f 1934//1904 1036//1930 1035//1930 
f 1933//1903 1035//1930 1042//1930 
f 1932//1902 1042//1930 1034//1930 
f 1931//1901 1034//1930 1033//1930 
f 1930//1900 1033//1930 1041//1930 
f 1929//1899 1041//1930 1040//1930 
f 1928//1898 1040//1930 1044//1930 
f 1927//1897 1044//1930 1032//1930 
f 1926//1896 1032//1930 1031//1930 
f 1925//1895 1031//1930 1039//1930 
f 1924//1894 1039//1930 1011//1930 
f 1923//1893 1011//1930 1010//1930 
f 1922//1892 1010//1930 1009//1930 
f 1921//1891 1009//1930 1016//1930 
f 1920//1890 1016//1930 1015//1930 
f 1919//1889 1015//1930 992//1930 
f 1918//1888 992//1930 988//1930 
f 1917//1887 988//1930 987//1930 
f 1916//1886 987//1930 991//1930 
f 1915//1885 991//1930 990//1930 
f 1914//1884 990//1930 989//1930 
f 1913//1883 989//1930 999//1930 
f 1912//1882 999//1930 998//1930 
f 1911//1881 998//1930 997//1930 
f 1910//1880 997//1930 1008//1930 
f 1909//1879 1008//1930 1014//1930 
f 1908//1878 1014//1930 1007//1930 
f 1907//1877 1007//1930 1006//1930 
f 1906//1876 1006//1930 1022//1930 
f 1905//1875 1022//1930 1021//1930 
f 1904//1874 1021//1930 1030//1930 
f 1903//1873 1030//1930 1029//1930 
f 1844//1814 1902//1872 1959//1929 
f 1901//1871 1959//1929 1958//1928 
f 1900//1870 1958//1928 1957//1927 
f 1899//1869 1957//1927 1956//1926 
f 1898//1868 1956//1926 1955//1925 
f 1897//1867 1955//1925 1954//1924 
f 1896//1866 1954//1924 1953//1923 
f 1895//1865 1953//1923 1952//1922 
f 1894//1864 1952//1922 1951//1921 
f 1893//1863 1951//1921 1950//1920 
f 1892//1862 1950//1920 1949//1919 
f 1891//1861 1949//1919 1948//1918 
f 1890//1860 1948//1918 1947//1917 
f 1889//1859 1947//1917 1946//1916 
f 1888//1858 1946//1916 1945//1915 
f 1887//1857 1945//1915 1944//1914 
f 1886//1856 1944//1914 1943//1913 
f 1885//1855 1943//1913 1942//1912 
f 1884//1854 1942//1912 1941//1911 
f 1883//1853 1941//1911 1940//1910 
f 1882//1852 1940//1910 1939//1909 
f 1881//1851 1939//1909 1938//1908 
f 1880//1850 1938//1908 1937//1907 
f 1879//1849 1937//1907 1936//1906 
f 1878//1848 1936//1906 1935//1905 
f 1877//1847 1935//1905 1934//1904 
f 1876//1846 1934//1904 1933//1903 
f 1875//1845 1933//1903 1932//1902 
f 1874//1844 1932//1902 1931//1901 
f 1873//1843 1931//1901 1930//1900 
f 1872//1842 1930//1900 1929//1899 
f 1871//1841 1929//1899 1928//1898 
f 1870//1840 1928//1898 1927//1897 
f 1869//1839 1927//1897 1926//1896 
f 1868//1838 1926//1896 1925//1895 
f 1867//1837 1925//1895 1924//1894 
f 1866//1836 1924//1894 1923//1893 
f 1865//1835 1923//1893 1922//1892 
f 1864//1834 1922//1892 1921//1891 
f 1863//1833 1921//1891 1920//1890 
f 1862//1832 1920//1890 1919//1889 
f 1861//1831 1919//1889 1918//1888 
f 1860//1830 1918//1888 1917//1887 
f 1859//1829 1917//1887 1916//1886 
f 1858//1828 1916//1886 1915//1885 
f 1857//1827 1915//1885 1914//1884 
f 1856//1826 1914//1884 1913//1883 
f 1855//1825 1913//1883 1912//1882 
f 1854//1824 1912//1882 1911//1881 
f 1853//1823 1911//1881 1910//1880 
f 1852//1822 1910//1880 1909//1879 
f 1851//1821 1909//1879 1908//1878 
f 1850//1820 1908//1878 1907//1877 
f 1849//1819 1907//1877 1906//1876 
f 1848//1818 1906//1876 1905//1875 
f 1847//1817 1905//1875 1904//1874 
f 1846//1816 1904//1874 1903//1873 
f 1845//1815 1903//1873 1902//1872 
f 1786//1756 1844//1814 1901//1871 
f 1843//1813 1901//1871 1900//1870 
f 1842//1812 1900//1870 1899//1869 
f 1841//1811 1899//1869 1898//1868 
f 1840//1810 1898//1868 1897//1867 
f 1839//1809 1897//1867 1896//1866 
f 1838//1808 1896//1866 1895//1865 
f 1837//1807 1895//1865 1894//1864 
f 1836//1806 1894//1864 1893//1863 
f 1835//1805 1893//1863 1892//1862 
f 1834//1804 1892//1862 1891//1861 
f 1833//1803 1891//1861 1890//1860 
f 1832//1802 1890//1860 1889//1859 
f 1831//1801 1889//1859 1888//1858 
f 1830//1800 1888//1858 1887//1857 
f 1829//1799 1887//1857 1886//1856 
f 1828//1798 1886//1856 1885//1855 
f 1827//1797 1885//1855 1884//1854 
f 1826//1796 1884//1854 1883//1853 
f 1825//1795 1883//1853 1882//1852 
f 1824//1794 1882//1852 1881//1851 
f 1823//1793 1881//1851 1880//1850 
f 1822//1792 1880//1850 1879//1849 
f 1821//1791 1879//1849 1878//1848 
f 1820//1790 1878//1848 1877//1847 
f 1819//1789 1877//1847 1876//1846 
f 1818//1788 1876//1846 1875//1845 
f 1817//1787 1875//1845 1874//1844 
f 1816//1786 1874//1844 1873//1843 
f 1815//1785 1873//1843 1872//1842 
f 1814//1784 1872//1842 1871//1841 
f 1813//1783 1871//1841 1870//1840 
f 1812//1782 1870//1840 1869//1839 
f 1811//1781 1869//1839 1868//1838 
f 1810//1780 1868//1838 1867//1837 
f 1809//1779 1867//1837 1866//1836 
f 1808//1778 1866//1836 1865//1835 
f 1807//1777 1865//1835 1864//1834 
f 1806//1776 1864//1834 1863//1833 
f 1805//1775 1863//1833 1862//1832 
f 1804//1774 1862//1832 1861//1831 
f 1803//1773 1861//1831 1860//1830 
f 1802//1772 1860//1830 1859//1829 
f 1801//1771 1859//1829 1858//1828 
f 1800//1770 1858//1828 1857//1827 
f 1799//1769 1857//1827 1856//1826 
f 1798//1768 1856//1826 1855//1825 
f 1797//1767 1855//1825 1854//1824 
f 1796//1766 1854//1824 1853//1823 
f 1795//1765 1853//1823 1852//1822 
f 1794//1764 1852//1822 1851//1821 
f 1793//1763 1851//1821 1850//1820 
f 1792//1762 1850//1820 1849//1819 
f 1791//1761 1849//1819 1848//1818 
f 1790//1760 1848//1818 1847//1817 
f 1789//1759 1847//1817 1846//1816 
f 1788//1758 1846//1816 1845//1815 
f 1787//1757 1845//1815 1844//1814 
f 1728//1698 1786//1756 1843//1813 
f 1785//1755 1843//1813 1842//1812 
f 1784//1754 1842//1812 1841//1811 
f 1783//1753 1841//1811 1840//1810 
f 1782//1752 1840//1810 1839//1809 
f 1781//1751 1839//1809 1838//1808 
f 1780//1750 1838//1808 1837//1807 
f 1779//1749 1837//1807 1836//1806 
f 1778//1748 1836//1806 1835//1805 
f 1777//1747 1835//1805 1834//1804 
f 1776//1746 1834//1804 1833//1803 
f 1775//1745 1833//1803 1832//1802 
f 1774//1744 1832//1802 1831//1801 
f 1773//1743 1831//1801 1830//1800 
f 1772//1742 1830//1800 1829//1799 
f 1771//1741 1829//1799 1828//1798 
f 1770//1740 1828//1798 1827//1797 
f 1769//1739 1827//1797 1826//1796 
f 1768//1738 1826//1796 1825//1795 
f 1767//1737 1825//1795 1824//1794 
f 1766//1736 1824//1794 1823//1793 
f 1765//1735 1823//1793 1822//1792 
f 1764//1734 1822//1792 1821//1791 
f 1763//1733 1821//1791 1820//1790 
f 1762//1732 1820//1790 1819//1789 
f 1761//1731 1819//1789 1818//1788 
f 1760//1730 1818//1788 1817//1787 
f 1759//1729 1817//1787 1816//1786 
f 1758//1728 1816//1786 1815//1785 
f 1757//1727 1815//1785 1814//1784 
f 1756//1726 1814//1784 1813//1783 
f 1755//1725 1813//1783 1812//1782 
f 1754//1724 1812//1782 1811//1781 
f 1753//1723 1811//1781 1810//1780 
f 1752//1722 1810//1780 1809//1779 
f 1751//1721 1809//1779 1808//1778 
f 1750//1720 1808//1778 1807//1777 
f 1749//1719 1807//1777 1806//1776 
f 1748//1718 1806//1776 1805//1775 
f 1747//1717 1805//1775 1804//1774 
f 1746//1716 1804//1774 1803//1773 
f 1745//1715 1803//1773 1802//1772 
f 1744//1714 1802//1772 1801//1771 
f 1743//1713 1801//1771 1800//1770 
f 1742//1712 1800//1770 1799//1769 
f 1741//1711 1799//1769 1798//1768 
f 1740//1710 1798//1768 1797//1767 
f 1739//1709 1797//1767 1796//1766 
f 1738//1708 1796//1766 1795//1765 
f 1737//1707 1795//1765 1794//1764 
f 1736//1706 1794//1764 1793//1763 
f 1735//1705 1793//1763 1792//1762 
f 1734//1704 1792//1762 1791//1761 
f 1733//1703 1791//1761 1790//1760 
f 1732//1702 1790//1760 1789//1759 
f 1731//1701 1789//1759 1788//1758 
f 1730//1700 1788//1758 1787//1757 
f 1729//1699 1787//1757 1786//1756 
f 1670//1640 1728//1698 1785//1755 
f 1727//1697 1785//1755 1784//1754 
f 1726//1696 1784//1754 1783//1753 
f 1725//1695 1783//1753 1782//1752 
f 1724//1694 1782//1752 1781//1751 
f 1723//1693 1781//1751 1780//1750 
f 1722//1692 1780//1750 1779//1749 
f 1721//1691 1779//1749 1778//1748 
f 1720//1690 1778//1748 1777//1747 
f 1719//1689 1777//1747 1776//1746 
f 1718//1688 1776//1746 1775//1745 
f 1717//1687 1775//1745 1774//1744 
f 1716//1686 1774//1744 1773//1743 
f 1715//1685 1773//1743 1772//1742 
f 1714//1684 1772//1742 1771//1741 
f 1713//1683 1771//1741 1770//1740 
f 1712//1682 1770//1740 1769//1739 
f 1711//1681 1769//1739 1768//1738 
f 1710//1680 1768//1738 1767//1737 
f 1709//1679 1767//1737 1766//1736 
f 1708//1678 1766//1736 1765//1735 
f 1707//1677 1765//1735 1764//1734 
f 1706//1676 1764//1734 1763//1733 
f 1705//1675 1763//1733 1762//1732 
f 1704//1674 1762//1732 1761//1731 
f 1703//1673 1761//1731 1760//1730 
f 1702//1672 1760//1730 1759//1729 
f 1701//1671 1759//1729 1758//1728 
f 1700//1670 1758//1728 1757//1727 
f 1699//1669 1757//1727 1756//1726 
f 1698//1668 1756//1726 1755//1725 
f 1697//1667 1755//1725 1754//1724 
f 1696//1666 1754//1724 1753//1723 
f 1695//1665 1753//1723 1752//1722 
f 1694//1664 1752//1722 1751//1721 
f 1693//1663 1751//1721 1750//1720 
f 1692//1662 1750//1720 1749//1719 
f 1691//1661 1749//1719 1748//1718 
f 1690//1660 1748//1718 1747//1717 
f 1689//1659 1747//1717 1746//1716 
f 1688//1658 1746//1716 1745//1715 
f 1687//1657 1745//1715 1744//1714 
f 1686//1656 1744//1714 1743//1713 
f 1685//1655 1743//1713 1742//1712 
f 1684//1654 1742//1712 1741//1711 
f 1683//1653 1741//1711 1740//1710 
f 1682//1652 1740//1710 1739//1709 
f 1681//1651 1739//1709 1738//1708 
f 1680//1650 1738//1708 1737//1707 
f 1679//1649 1737//1707 1736//1706 
f 1678//1648 1736//1706 1735//1705 
f 1677//1647 1735//1705 1734//1704 
f 1676//1646 1734//1704 1733//1703 
f 1675//1645 1733//1703 1732//1702 
f 1674//1644 1732//1702 1731//1701 
f 1673//1643 1731//1701 1730//1700 
f 1672//1642 1730//1700 1729//1699 
f 1671//1641 1729//1699 1728//1698 
f 1612//1582 1670//1640 1727//1697 
f 1669//1639 1727//1697 1726//1696 
f 1668//1638 1726//1696 1725//1695 
f 1667//1637 1725//1695 1724//1694 
f 1666//1636 1724//1694 1723//1693 
f 1665//1635 1723//1693 1722//1692 
f 1664//1634 1722//1692 1721//1691 
f 1663//1633 1721//1691 1720//1690 
f 1662//1632 1720//1690 1719//1689 
f 1661//1631 1719//1689 1718//1688 
f 1660//1630 1718//1688 1717//1687 
f 1659//1629 1717//1687 1716//1686 
f 1658//1628 1716//1686 1715//1685 
f 1657//1627 1715//1685 1714//1684 
f 1656//1626 1714//1684 1713//1683 
f 1655//1625 1713//1683 1712//1682 
f 1654//1624 1712//1682 1711//1681 
f 1653//1623 1711//1681 1710//1680 
f 1652//1622 1710//1680 1709//1679 
f 1651//1621 1709//1679 1708//1678 
f 1650//1620 1708//1678 1707//1677 
f 1649//1619 1707//1677 1706//1676 
f 1648//1618 1706//1676 1705//1675 
f 1647//1617 1705//1675 1704//1674 
f 1646//1616 1704//1674 1703//1673 
f 1645//1615 1703//1673 1702//1672 
f 1644//1614 1702//1672 1701//1671 
f 1643//1613 1701//1671 1700//1670 
f 1642//1612 1700//1670 1699//1669 
f 1641//1611 1699//1669 1698//1668 
f 1640//1610 1698//1668 1697//1667 
f 1639//1609 1697//1667 1696//1666 
f 1638//1608 1696//1666 1695//1665 
f 1637//1607 1695//1665 1694//1664 
f 1636//1606 1694//1664 1693//1663 
f 1635//1605 1693//1663 1692//1662 
f 1634//1604 1692//1662 1691//1661 
f 1633//1603 1691//1661 1690//1660 
f 1632//1602 1690//1660 1689//1659 
f 1631//1601 1689//1659 1688//1658 
f 1630//1600 1688//1658 1687//1657 
f 1629//1599 1687//1657 1686//1656 
f 1628//1598 1686//1656 1685//1655 
f 1627//1597 1685//1655 1684//1654 
f 1626//1596 1684//1654 1683//1653 
f 1625//1595 1683//1653 1682//1652 
f 1624//1594 1682//1652 1681//1651 
f 1623//1593 1681//1651 1680//1650 
f 1622//1592 1680//1650 1679//1649 
f 1621//1591 1679//1649 1678//1648 
f 1620//1590 1678//1648 1677//1647 
f 1619//1589 1677//1647 1676//1646 
f 1618//1588 1676//1646 1675//1645 
f 1617//1587 1675//1645 1674//1644 
f 1616//1586 1674//1644 1673//1643 
f 1615//1585 1673//1643 1672//1642 
f 1614//1584 1672//1642 1671//1641 
f 1613//1583 1671//1641 1670//1640 
f 1554//1524 1612//1582 1669//1639 
f 1611//1581 1669//1639 1668//1638 
f 1610//1580 1668//1638 1667//1637 
f 1609//1579 1667//1637 1666//1636 
f 1608//1578 1666//1636 1665//1635 
f 1607//1577 1665//1635 1664//1634 
f 1606//1576 1664//1634 1663//1633 
f 1605//1575 1663//1633 1662//1632 
f 1604//1574 1662//1632 1661//1631 
f 1603//1573 1661//1631 1660//1630 
f 1602//1572 1660//1630 1659//1629 
f 1601//1571 1659//1629 1658//1628 
f 1600//1570 1658//1628 1657//1627 
f 1599//1569 1657//1627 1656//1626 
f 1598//1568 1656//1626 1655//1625 
f 1597//1567 1655//1625 1654//1624 
f 1596//1566 1654//1624 1653//1623 
f 1595//1565 1653//1623 1652//1622 
f 1594//1564 1652//1622 1651//1621 
f 1593//1563 1651//1621 1650//1620 
f 1592//1562 1650//1620 1649//1619 
f 1591//1561 1649//1619 1648//1618 
f 1590//1560 1648//1618 1647//1617 
f 1589//1559 1647//1617 1646//1616 
f 1588//1558 1646//1616 1645//1615 
f 1587//1557 1645//1615 1644//1614 
f 1586//1556 1644//1614 1643//1613 
f 1585//1555 1643//1613 1642//1612 
f 1584//1554 1642//1612 1641//1611 
f 1583//1553 1641//1611 1640//1610 
f 1582//1552 1640//1610 1639//1609 
f 1581//1551 1639//1609 1638//1608 
f 1580//1550 1638//1608 1637//1607 
f 1579//1549 1637//1607 1636//1606 
f 1578//1548 1636//1606 1635//1605 
f 1577//1547 1635//1605 1634//1604 
f 1576//1546 1634//1604 1633//1603 
f 1575//1545 1633//1603 1632//1602 
f 1574//1544 1632//1602 1631//1601 
f 1573//1543 1631//1601 1630//1600 
f 1572//1542 1630//1600 1629//1599 
f 1571//1541 1629//1599 1628//1598 
f 1570//1540 1628//1598 1627//1597 
f 1569//1539 1627//1597 1626//1596 
f 1568//1538 1626//1596 1625//1595 
f 1567//1537 1625//1595 1624//1594 
f 1566//1536 1624//1594 1623//1593 
f 1565//1535 1623//1593 1622//1592 
f 1564//1534 1622//1592 1621//1591 
f 1563//1533 1621//1591 1620//1590 
f 1562//1532 1620//1590 1619//1589 
f 1561//1531 1619//1589 1618//1588 
f 1560//1530 1618//1588 1617//1587 
f 1559//1529 1617//1587 1616//1586 
f 1558//1528 1616//1586 1615//1585 
f 1557//1527 1615//1585 1614//1584 
f 1556//1526 1614//1584 1613//1583 
f 1555//1525 1613//1583 1612//1582 
f 1496//1466 1554//1524 1611//1581 
f 1553//1523 1611//1581 1610//1580 
f 1552//1522 1610//1580 1609//1579 
f 1551//1521 1609//1579 1608//1578 
f 1550//1520 1608//1578 1607//1577 
f 1549//1519 1607//1577 1606//1576 
f 1548//1518 1606//1576 1605//1575 
f 1547//1517 1605//1575 1604//1574 
f 1546//1516 1604//1574 1603//1573 
f 1545//1515 1603//1573 1602//1572 
f 1544//1514 1602//1572 1601//1571 
f 1543//1513 1601//1571 1600//1570 
f 1542//1512 1600//1570 1599//1569 
f 1541//1511 1599//1569 1598//1568 
f 1540//1510 1598//1568 1597//1567 
f 1539//1509 1597//1567 1596//1566 
f 1538//1508 1596//1566 1595//1565 
f 1537//1507 1595//1565 1594//1564 
f 1536//1506 1594//1564 1593//1563 
f 1535//1505 1593//1563 1592//1562 
f 1534//1504 1592//1562 1591//1561 
f 1533//1503 1591//1561 1590//1560 
f 1532//1502 1590//1560 1589//1559 
f 1531//1501 1589//1559 1588//1558 
f 1530//1500 1588//1558 1587//1557 
f 1529//1499 1587//1557 1586//1556 
f 1528//1498 1586//1556 1585//1555 
f 1527//1497 1585//1555 1584//1554 
f 1526//1496 1584//1554 1583//1553 
f 1525//1495 1583//1553 1582//1552 
f 1524//1494 1582//1552 1581//1551 
f 1523//1493 1581//1551 1580//1550 
f 1522//1492 1580//1550 1579//1549 
f 1521//1491 1579//1549 1578//1548 
f 1520//1490 1578//1548 1577//1547 
f 1519//1489 1577//1547 1576//1546 
f 1518//1488 1576//1546 1575//1545 
f 1517//1487 1575//1545 1574//1544 
f 1516//1486 1574//1544 1573//1543 
f 1515//1485 1573//1543 1572//1542 
f 1514//1484 1572//1542 1571//1541 
f 1513//1483 1571//1541 1570//1540 
f 1512//1482 1570//1540 1569//1539 
f 1511//1481 1569//1539 1568//1538 
f 1510//1480 1568//1538 1567//1537 
f 1509//1479 1567//1537 1566//1536 
f 1508//1478 1566//1536 1565//1535 
f 1507//1477 1565//1535 1564//1534 
f 1506//1476 1564//1534 1563//1533 
f 1505//1475 1563//1533 1562//1532 
f 1504//1474 1562//1532 1561//1531 
f 1503//1473 1561//1531 1560//1530 
f 1502//1472 1560//1530 1559//1529 
f 1501//1471 1559//1529 1558//1528 
f 1500//1470 1558//1528 1557//1527 
f 1499//1469 1557//1527 1556//1526 
f 1498//1468 1556//1526 1555//1525 
f 1497//1467 1555//1525 1554//1524 
f 1438//1408 1496//1466 1553//1523 
f 1495//1465 1553//1523 1552//1522 
f 1494//1464 1552//1522 1551//1521 
f 1493//1463 1551//1521 1550//1520 
f 1492//1462 1550//1520 1549//1519 
f 1491//1461 1549//1519 1548//1518 
f 1490//1460 1548//1518 1547//1517 
f 1489//1459 1547//1517 1546//1516 
f 1488//1458 1546//1516 1545//1515 
f 1487//1457 1545//1515 1544//1514 
f 1486//1456 1544//1514 1543//1513 
f 1485//1455 1543//1513 1542//1512 
f 1484//1454 1542//1512 1541//1511 
f 1483//1453 1541//1511 1540//1510 
f 1482//1452 1540//1510 1539//1509 
f 1481//1451 1539//1509 1538//1508 
f 1480//1450 1538//1508 1537//1507 
f 1479//1449 1537//1507 1536//1506 
f 1478//1448 1536//1506 1535//1505 
f 1477//1447 1535//1505 1534//1504 
f 1476//1446 1534//1504 1533//1503 
f 1475//1445 1533//1503 1532//1502 
f 1474//1444 1532//1502 1531//1501 
f 1473//1443 1531//1501 1530//1500 
f 1472//1442 1530//1500 1529//1499 
f 1471//1441 1529//1499 1528//1498 
f 1470//1440 1528//1498 1527//1497 
f 1469//1439 1527//1497 1526//1496 
f 1468//1438 1526//1496 1525//1495 
f 1467//1437 1525//1495 1524//1494 
f 1466//1436 1524//1494 1523//1493 
f 1465//1435 1523//1493 1522//1492 
f 1464//1434 1522//1492 1521//1491 
f 1463//1433 1521//1491 1520//1490 
f 1462//1432 1520//1490 1519//1489 
f 1461//1431 1519//1489 1518//1488 
f 1460//1430 1518//1488 1517//1487 
f 1459//1429 1517//1487 1516//1486 
f 1458//1428 1516//1486 1515//1485 
f 1457//1427 1515//1485 1514//1484 
f 1456//1426 1514//1484 1513//1483 
f 1455//1425 1513//1483 1512//1482 
f 1454//1424 1512//1482 1511//1481 
f 1453//1423 1511//1481 1510//1480 
f 1452//1422 1510//1480 1509//1479 
f 1451//1421 1509//1479 1508//1478 
f 1450//1420 1508//1478 1507//1477 
f 1449//1419 1507//1477 1506//1476 
f 1448//1418 1506//1476 1505//1475 
f 1447//1417 1505//1475 1504//1474 
f 1446//1416 1504//1474 1503//1473 
f 1445//1415 1503//1473 1502//1472 
f 1444//1414 1502//1472 1501//1471 
f 1443//1413 1501//1471 1500//1470 
f 1442//1412 1500//1470 1499//1469 
f 1441//1411 1499//1469 1498//1468 
f 1440//1410 1498//1468 1497//1467 
f 1439//1409 1497//1467 1496//1466 
f 1380//1350 1438//1408 1495//1465 
f 1437//1407 1495//1465 1494//1464 
f 1436//1406 1494//1464 1493//1463 
f 1435//1405 1493//1463 1492//1462 
f 1434//1404 1492//1462 1491//1461 
f 1433//1403 1491//1461 1490//1460 
f 1432//1402 1490//1460 1489//1459 
f 1431//1401 1489//1459 1488//1458 
f 1430//1400 1488//1458 1487//1457 
f 1429//1399 1487//1457 1486//1456 
f 1428//1398 1486//1456 1485//1455 
f 1427//1397 1485//1455 1484//1454 
f 1426//1396 1484//1454 1483//1453 
f 1425//1395 1483//1453 1482//1452 
f 1424//1394 1482//1452 1481//1451 
f 1423//1393 1481//1451 1480//1450 
f 1422//1392 1480//1450 1479//1449 
f 1421//1391 1479//1449 1478//1448 
f 1420//1390 1478//1448 1477//1447 
f 1419//1389 1477//1447 1476//1446 
f 1418//1388 1476//1446 1475//1445 
f 1417//1387 1475//1445 1474//1444 
f 1416//1386 1474//1444 1473//1443 
f 1415//1385 1473//1443 1472//1442 
f 1414//1384 1472//1442 1471//1441 
f 1413//1383 1471//1441 1470//1440 
f 1412//1382 1470//1440 1469//1439 
f 1411//1381 1469//1439 1468//1438 
f 1410//1380 1468//1438 1467//1437 
f 1409//1379 1467//1437 1466//1436 
f 1408//1378 1466//1436 1465//1435 
f 1407//1377 1465//1435 1464//1434 
f 1406//1376 1464//1434 1463//1433 
f 1405//1375 1463//1433 1462//1432 
f 1404//1374 1462//1432 1461//1431 
f 1403//1373 1461//1431 1460//1430 
f 1402//1372 1460//1430 1459//1429 
f 1401//1371 1459//1429 1458//1428 
f 1400//1370 1458//1428 1457//1427 
f 1399//1369 1457//1427 1456//1426 
f 1398//1368 1456//1426 1455//1425 
f 1397//1367 1455//1425 1454//1424 
f 1396//1366 1454//1424 1453//1423 
f 1395//1365 1453//1423 1452//1422 
f 1394//1364 1452//1422 1451//1421 
f 1393//1363 1451//1421 1450//1420 
f 1392//1362 1450//1420 1449//1419 
f 1391//1361 1449//1419 1448//1418 
f 1390//1360 1448//1418 1447//1417 
f 1389//1359 1447//1417 1446//1416 
f 1388//1358 1446//1416 1445//1415 
f 1387//1357 1445//1415 1444//1414 
f 1386//1356 1444//1414 1443//1413 
f 1385//1355 1443//1413 1442//1412 
f 1384//1354 1442//1412 1441//1411 
f 1383//1353 1441//1411 1440//1410 
f 1382//1352 1440//1410 1439//1409 
f 1381//1351 1439//1409 1438//1408 
f 1322//1292 1380//1350 1437//1407 
f 1379//1349 1437//1407 1436//1406 
f 1378//1348 1436//1406 1435//1405 
f 1377//1347 1435//1405 1434//1404 
f 1376//1346 1434//1404 1433//1403 
f 1375//1345 1433//1403 1432//1402 
f 1374//1344 1432//1402 1431//1401 
f 1373//1343 1431//1401 1430//1400 
f 1372//1342 1430//1400 1429//1399 
f 1371//1341 1429//1399 1428//1398 
f 1370//1340 1428//1398 1427//1397 
f 1369//1339 1427//1397 1426//1396 
f 1368//1338 1426//1396 1425//1395 
f 1367//1337 1425//1395 1424//1394 
f 1366//1336 1424//1394 1423//1393 
f 1365//1335 1423//1393 1422//1392 
f 1364//1334 1422//1392 1421//1391 
f 1363//1333 1421//1391 1420//1390 
f 1362//1332 1420//1390 1419//1389 
f 1361//1331 1419//1389 1418//1388 
f 1360//1330 1418//1388 1417//1387 
f 1359//1329 1417//1387 1416//1386 
f 1358//1328 1416//1386 1415//1385 
f 1357//1327 1415//1385 1414//1384 
f 1356//1326 1414//1384 1413//1383 
f 1355//1325 1413//1383 1412//1382 
f 1354//1324 1412//1382 1411//1381 
f 1353//1323 1411//1381 1410//1380 
f 1352//1322 1410//1380 1409//1379 
f 1351//1321 1409//1379 1408//1378 
f 1350//1320 1408//1378 1407//1377 
f 1349//1319 1407//1377 1406//1376 
f 1348//1318 1406//1376 1405//1375 
f 1347//1317 1405//1375 1404//1374 
f 1346//1316 1404//1374 1403//1373 
f 1345//1315 1403//1373 1402//1372 
f 1344//1314 1402//1372 1401//1371 
f 1343//1313 1401//1371 1400//1370 
f 1342//1312 1400//1370 1399//1369 
f 1341//1311 1399//1369 1398//1368 
f 1340//1310 1398//1368 1397//1367 
f 1339//1309 1397//1367 1396//1366 
f 1338//1308 1396//1366 1395//1365 
f 1337//1307 1395//1365 1394//1364 
f 1336//1306 1394//1364 1393//1363 
f 1335//1305 1393//1363 1392//1362 
f 1334//1304 1392//1362 1391//1361 
f 1333//1303 1391//1361 1390//1360 
f 1332//1302 1390//1360 1389//1359 
f 1331//1301 1389//1359 1388//1358 
f 1330//1300 1388//1358 1387//1357 
f 1329//1299 1387//1357 1386//1356 
f 1328//1298 1386//1356 1385//1355 
f 1327//1297 1385//1355 1384//1354 
f 1326//1296 1384//1354 1383//1353 
f 1325//1295 1383//1353 1382//1352 
f 1324//1294 1382//1352 1381//1351 
f 1323//1293 1381//1351 1380//1350 
f 1264//1234 1322//1292 1379//1349 
f 1321//1291 1379//1349 1378//1348 
f 1320//1290 1378//1348 1377//1347 
f 1319//1289 1377//1347 1376//1346 
f 1318//1288 1376//1346 1375//1345 
f 1317//1287 1375//1345 1374//1344 
f 1316//1286 1374//1344 1373//1343 
f 1315//1285 1373//1343 1372//1342 
f 1314//1284 1372//1342 1371//1341 
f 1313//1283 1371//1341 1370//1340 
f 1312//1282 1370//1340 1369//1339 
f 1311//1281 1369//1339 1368//1338 
f 1310//1280 1368//1338 1367//1337 
f 1309//1279 1367//1337 1366//1336 
f 1308//1278 1366//1336 1365//1335 
f 1307//1277 1365//1335 1364//1334 
f 1306//1276 1364//1334 1363//1333 
f 1305//1275 1363//1333 1362//1332 
f 1304//1274 1362//1332 1361//1331 
f 1303//1273 1361//1331 1360//1330 
f 1302//1272 1360//1330 1359//1329 
f 1301//1271 1359//1329 1358//1328 
f 1300//1270 1358//1328 1357//1327 
f 1299//1269 1357//1327 1356//1326 
f 1298//1268 1356//1326 1355//1325 
f 1297//1267 1355//1325 1354//1324 
f 1296//1266 1354//1324 1353//1323 
f 1295//1265 1353//1323 1352//1322 
f 1294//1264 1352//1322 1351//1321 
f 1293//1263 1351//1321 1350//1320 
f 1292//1262 1350//1320 1349//1319 
f 1291//1261 1349//1319 1348//1318 
f 1290//1260 1348//1318 1347//1317 
f 1289//1259 1347//1317 1346//1316 
f 1288//1258 1346//1316 1345//1315 
f 1287//1257 1345//1315 1344//1314 
f 1286//1256 1344//1314 1343//1313 
f 1285//1255 1343//1313 1342//1312 
f 1284//1254 1342//1312 1341//1311 
f 1283//1253 1341//1311 1340//1310 
f 1282//1252 1340//1310 1339//1309 
f 1281//1251 1339//1309 1338//1308 
f 1280//1250 1338//1308 1337//1307 
f 1279//1249 1337//1307 1336//1306 
f 1278//1248 1336//1306 1335//1305 
f 1277//1247 1335//1305 1334//1304 
f 1276//1246 1334//1304 1333//1303 
f 1275//1245 1333//1303 1332//1302 
f 1274//1244 1332//1302 1331//1301 
f 1273//1243 1331//1301 1330//1300 
f 1272//1242 1330//1300 1329//1299 
f 1271//1241 1329//1299 1328//1298 
f 1270//1240 1328//1298 1327//1297 
f 1269//1239 1327//1297 1326//1296 
f 1268//1238 1326//1296 1325//1295 
f 1267//1237 1325//1295 1324//1294 
f 1266//1236 1324//1294 1323//1293 
f 1265//1235 1323//1293 1322//1292 
f 1206//1176 1264//1234 1321//1291 
f 1263//1233 1321//1291 1320//1290 
f 1262//1232 1320//1290 1319//1289 
f 1261//1231 1319//1289 1318//1288 
f 1260//1230 1318//1288 1317//1287 
f 1259//1229 1317//1287 1316//1286 
f 1258//1228 1316//1286 1315//1285 
f 1257//1227 1315//1285 1314//1284 
f 1256//1226 1314//1284 1313//1283 
f 1255//1225 1313//1283 1312//1282 
f 1254//1224 1312//1282 1311//1281 
f 1253//1223 1311//1281 1310//1280 
f 1252//1222 1310//1280 1309//1279 
f 1251//1221 1309//1279 1308//1278 
f 1250//1220 1308//1278 1307//1277 
f 1249//1219 1307//1277 1306//1276 
f 1248//1218 1306//1276 1305//1275 
f 1247//1217 1305//1275 1304//1274 
f 1246//1216 1304//1274 1303//1273 
f 1245//1215 1303//1273 1302//1272 
f 1244//1214 1302//1272 1301//1271 
f 1243//1213 1301//1271 1300//1270 
f 1242//1212 1300//1270 1299//1269 
f 1241//1211 1299//1269 1298//1268 
f 1240//1210 1298//1268 1297//1267 
f 1239//1209 1297//1267 1296//1266 
f 1238//1208 1296//1266 1295//1265 
f 1237//1207 1295//1265 1294//1264 
f 1236//1206 1294//1264 1293//1263 
f 1235//1205 1293//1263 1292//1262 
f 1234//1204 1292//1262 1291//1261 
f 1233//1203 1291//1261 1290//1260 
f 1232//1202 1290//1260 1289//1259 
f 1231//1201 1289//1259 1288//1258 
f 1230//1200 1288//1258 1287//1257 
f 1229//1199 1287//1257 1286//1256 
f 1228//1198 1286//1256 1285//1255 
f 1227//1197 1285//1255 1284//1254 
f 1226//1196 1284//1254 1283//1253 
f 1225//1195 1283//1253 1282//1252 
f 1224//1194 1282//1252 1281//1251 
f 1223//1193 1281//1251 1280//1250 
f 1222//1192 1280//1250 1279//1249 
f 1221//1191 1279//1249 1278//1248 
f 1220//1190 1278//1248 1277//1247 
f 1219//1189 1277//1247 1276//1246 
f 1218//1188 1276//1246 1275//1245 
f 1217//1187 1275//1245 1274//1244 
f 1216//1186 1274//1244 1273//1243 
f 1215//1185 1273//1243 1272//1242 
f 1214//1184 1272//1242 1271//1241 
f 1213//1183 1271//1241 1270//1240 
f 1212//1182 1270//1240 1269//1239 
f 1211//1181 1269//1239 1268//1238 
f 1210//1180 1268//1238 1267//1237 
f 1209//1179 1267//1237 1266//1236 
f 1208//1178 1266//1236 1265//1235 
f 1207//1177 1265//1235 1264//1234 
f 1148//1015 1206//1176 1263//1233 
f 1205//1175 1263//1233 1262//1232 
f 1204//1173 1262//1232 1261//1231 
f 1203//1171 1261//1231 1260//1230 
f 1202//1169 1260//1230 1259//1229 
f 1201//1167 1259//1229 1258//1228 
f 1200//1162 1258//1228 1257//1227 
f 1199//1159 1257//1227 1256//1226 
f 1198//1156 1256//1226 1255//1225 
f 1197//1153 1255//1225 1254//1224 
f 1196//1150 1254//1224 1253//1223 
f 1195//1147 1253//1223 1252//1222 
f 1194//1144 1252//1222 1251//1221 
f 1193//1141 1251//1221 1250//1220 
f 1192//1138 1250//1220 1249//1219 
f 1191//1135 1249//1219 1248//1218 
f 1190//1132 1248//1218 1247//1217 
f 1189//1129 1247//1217 1246//1216 
f 1188//1126 1246//1216 1245//1215 
f 1187//1123 1245//1215 1244//1214 
f 1186//1120 1244//1214 1243//1213 
f 1185//1117 1243//1213 1242//1212 
f 1184//1114 1242//1212 1241//1211 
f 1183//1111 1241//1211 1240//1210 
f 1182//1108 1240//1210 1239//1209 
f 1181//1105 1239//1209 1238//1208 
f 1180//1102 1238//1208 1237//1207 
f 1179//1099 1237//1207 1236//1206 
f 1178//1096 1236//1206 1235//1205 
f 1177//1093 1235//1205 1234//1204 
f 1176//1090 1234//1204 1233//1203 
f 1175//1087 1233//1203 1232//1202 
f 1174//1084 1232//1202 1231//1201 
f 1173//1081 1231//1201 1230//1200 
f 1172//1078 1230//1200 1229//1199 
f 1171//1075 1229//1199 1228//1198 
f 1170//1072 1228//1198 1227//1197 
f 1169//1069 1227//1197 1226//1196 
f 1168//1066 1226//1196 1225//1195 
f 1167//1063 1225//1195 1224//1194 
f 1166//1060 1224//1194 1223//1193 
f 1165//1057 1223//1193 1222//1192 
f 1164//1054 1222//1192 1221//1191 
f 1163//1051 1221//1191 1220//1190 
f 1162//1048 1220//1190 1219//1189 
f 1161//1045 1219//1189 1218//1188 
f 1160//1042 1218//1188 1217//1187 
f 1159//1039 1217//1187 1216//1186 
f 1158//1036 1216//1186 1215//1185 
f 1157//1033 1215//1185 1214//1184 
f 1155//1030 1214//1184 1213//1183 
f 1156//1031 1213//1183 1212//1182 
f 1154//1028 1212//1182 1211//1181 
f 1153//1026 1211//1181 1210//1180 
f 1152//1024 1210//1180 1209//1179 
f 1151//1022 1209//1179 1208//1178 
f 1150//1020 1208//1178 1207//1177 
f 1149//1018 1207//1177 1206//1176 
f 1045//1016 1148//1015 1205//1175 
f 1147//1174 1205//1175 1204//1173 
f 1146//1172 1204//1173 1203//1171 
f 1145//1170 1203//1171 1202//1169 
f 1144//1168 1202//1169 1201//1167 
f 1143//1166 1201//1167 1200//1162 
f 1140//1163 1142//1165 1200//1162 
f 1138//1160 1141//1164 1199//1159 
f 1136//1157 1139//1161 1198//1156 
f 1134//1154 1137//1158 1197//1153 
f 1132//1151 1135//1155 1196//1150 
f 1130//1148 1133//1152 1195//1147 
f 1128//1145 1131//1149 1194//1144 
f 1126//1142 1129//1146 1193//1141 
f 1124//1139 1127//1143 1192//1138 
f 1122//1136 1125//1140 1191//1135 
f 1120//1133 1123//1137 1190//1132 
f 1118//1130 1121//1134 1189//1129 
f 1116//1127 1119//1131 1188//1126 
f 1114//1124 1117//1128 1187//1123 
f 1112//1121 1115//1125 1186//1120 
f 1110//1118 1113//1122 1185//1117 
f 1108//1115 1111//1119 1184//1114 
f 1106//1112 1109//1116 1183//1111 
f 1104//1109 1107//1113 1182//1108 
f 1102//1106 1105//1110 1181//1105 
f 1100//1103 1103//1107 1180//1102 
f 1098//1100 1101//1104 1179//1099 
f 1096//1097 1099//1101 1178//1096 
f 1094//1094 1097//1098 1177//1093 
f 1092//1091 1095//1095 1176//1090 
f 1090//1088 1093//1092 1175//1087 
f 1088//1085 1091//1089 1174//1084 
f 1086//1082 1089//1086 1173//1081 
f 1084//1079 1087//1083 1172//1078 
f 1082//1076 1085//1080 1171//1075 
f 1080//1073 1083//1077 1170//1072 
f 1078//1070 1081//1074 1169//1069 
f 1076//1067 1079//1071 1168//1066 
f 1074//1064 1077//1068 1167//1063 
f 1072//1061 1075//1065 1166//1060 
f 1070//1058 1073//1062 1165//1057 
f 1068//1055 1071//1059 1164//1054 
f 1066//1052 1069//1056 1163//1051 
f 1064//1049 1067//1053 1162//1048 
f 1062//1046 1065//1050 1161//1045 
f 1060//1043 1063//1047 1160//1042 
f 1058//1040 1061//1044 1159//1039 
f 1056//1037 1059//1041 1158//1036 
f 1054//1034 1057//1038 1157//1033 
f 1053//1032 1055//1035 1155//1030 
f 1052//1029 1156//1031 1154//1028 
f 1051//1027 1154//1028 1153//1026 
f 1050//1025 1153//1026 1152//1024 
f 1049//1023 1152//1024 1151//1022 
f 1048//1021 1151//1022 1150//1020 
f 1047//1019 1150//1020 1149//1018 
f 1046//1017 1149//1018 1148//1015 
o mesh4
f 1960//1931 1961//1932 1141//1933 
f 1961//1932 1140//1932 1141//1933 
f 1962//1934 1960//1931 1139//1935 
f 1960//1931 1138//1936 1139//1935 
f 1963//1937 1962//1934 1137//1938 
f 1962//1934 1136//1939 1137//1938 
f 1964//1940 1963//1937 1135//1941 
f 1963//1937 1134//1942 1135//1941 
f 1965//1943 1964//1940 1133//1944 
f 1964//1940 1132//1945 1133//1944 
f 1966//1946 1965//1943 1131//1947 
f 1965//1943 1130//1948 1131//1947 
f 1967//1949 1966//1946 1129//1950 
f 1966//1946 1128//1951 1129//1950 
f 1968//1952 1967//1949 1127//1953 
f 1967//1949 1126//1954 1127//1953 
f 1969//1955 1968//1952 1125//1956 
f 1968//1952 1124//1957 1125//1956 
f 1970//1958 1969//1955 1123//1959 
f 1969//1955 1122//1960 1123//1959 
f 1971//1961 1970//1958 1121//1962 
f 1970//1958 1120//1963 1121//1962 
f 1972//1964 1971//1961 1119//1965 
f 1971//1961 1118//1966 1119//1965 
f 1973//1967 1972//1964 1117//1968 
f 1972//1964 1116//1969 1117//1968 
f 1974//1970 1973//1967 1115//1971 
f 1973//1967 1114//1972 1115//1971 
f 1975//1973 1974//1970 1113//1974 
f 1974//1970 1112//1975 1113//1974 
f 1976//1976 1975//1973 1111//1977 
f 1975//1973 1110//1978 1111//1977 
f 1977//1979 1976//1976 1109//1980 
f 1976//1976 1108//1981 1109//1980 
f 1978//1982 1977//1979 1107//1983 
f 1977//1979 1106//1984 1107//1983 
f 1979//1985 1978//1982 1105//1986 
f 1978//1982 1104//1987 1105//1986 
f 1980//1988 1979//1985 1103//1989 
f 1979//1985 1102//1990 1103//1989 
f 1981//1991 1980//1988 1101//1992 
f 1980//1988 1100//1993 1101//1992 
f 1982//1994 1981//1991 1099//1995 
f 1981//1991 1098//1996 1099//1995 
f 1983//1997 1982//1994 1097//1998 
f 1982//1994 1096//1999 1097//1998 
f 1984//2000 1983//1997 1095//2001 
f 1983//1997 1094//2002 1095//2001 
f 1985//2003 1984//2000 1093//2004 
f 1984//2000 1092//2005 1093//2004 
f 1986//2006 1985//2003 1091//2007 
f 1985//2003 1090//2008 1091//2007 
f 1987//2009 1986//2006 1089//2010 
f 1986//2006 1088//2011 1089//2010 
f 1988//2012 1987//2009 1087//2013 
f 1987//2009 1086//2014 1087//2013 
f 1989//2015 1988//2012 1085//2016 
f 1988//2012 1084//2017 1085//2016 
f 1990//2018 1989//2015 1083//2019 
f 1989//2015 1082//2020 1083//2019 
f 1991//2021 1990//2018 1081//2022 
f 1990//2018 1080//2023 1081//2022 
f 1992//2024 1991//2021 1079//2025 
f 1991//2021 1078//2026 1079//2025 
f 1993//2027 1992//2024 1077//2028 
f 1992//2024 1076//2029 1077//2028 
f 1994//2030 1993//2027 1075//2031 
f 1993//2027 1074//2032 1075//2031 
f 1995//2033 1994//2030 1073//2034 
f 1994//2030 1072//2035 1073//2034 
f 1996//2036 1995//2033 1071//2037 
f 1995//2033 1070//2038 1071//2037 
f 1997//2039 1996//2036 1069//2040 
f 1996//2036 1068//2041 1069//2040 
f 1998//2042 1997//2039 1067//2043 
f 1997//2039 1066//2044 1067//2043 
f 1999//2045 1998//2042 1065//2046 
f 1998//2042 1064//2047 1065//2046 
f 2000//2048 1999//2045 1063//2049 
f 1999//2045 1062//2050 1063//2049 
f 2001//2051 2000//2048 1061//2052 
f 2000//2048 1060//2053 1061//2052 
f 2002//2054 2001//2051 1059//2055 
f 2001//2051 1058//2056 1059//2055 
f 2003//2057 2002//2054 1057//2058 
f 2002//2054 1056//2059 1057//2058 
f 2004//2060 2003//2057 1055//2061 
f 2003//2057 1054//2062 1055//2061 
f 1055//2061 1053//2063 2004//2060 
f 1057//2058 1054//2062 2003//2057 
f 1059//2055 1056//2059 2002//2054 
f 1061//2052 1058//2056 2001//2051 
f 1063//2049 1060//2053 2000//2048 
f 1065//2046 1062//2050 1999//2045 
f 1067//2043 1064//2047 1998//2042 
f 1069//2040 1066//2044 1997//2039 
f 1071//2037 1068//2041 1996//2036 
f 1073//2034 1070//2038 1995//2033 
f 1075//2031 1072//2035 1994//2030 
f 1077//2028 1074//2032 1993//2027 
f 1079//2025 1076//2029 1992//2024 
f 1081//2022 1078//2026 1991//2021 
f 1083//2019 1080//2023 1990//2018 
f 1085//2016 1082//2020 1989//2015 
f 1087//2013 1084//2017 1988//2012 
f 1089//2010 1086//2014 1987//2009 
f 1091//2007 1088//2011 1986//2006 
f 1093//2004 1090//2008 1985//2003 
f 1095//2001 1092//2005 1984//2000 
f 1097//1998 1094//2002 1983//1997 
f 1099//1995 1096//1999 1982//1994 
f 1101//1992 1098//1996 1981//1991 
f 1103//1989 1100//1993 1980//1988 
f 1105//1986 1102//1990 1979//1985 
f 1107//1983 1104//1987 1978//1982 
f 1109//1980 1106//1984 1977//1979 
f 1111//1977 1108//1981 1976//1976 
f 1113//1974 1110//1978 1975//1973 
f 1115//1971 1112//1975 1974//1970 
f 1117//1968 1114//1972 1973//1967 
f 1119//1965 1116//1969 1972//1964 
f 1121//1962 1118//1966 1971//1961 
f 1123//1959 1120//1963 1970//1958 
f 1125//1956 1122//1960 1969//1955 
f 1127//1953 1124//1957 1968//1952 
f 1129//1950 1126//1954 1967//1949 
f 1131//1947 1128//1951 1966//1946 
f 1133//1944 1130//1948 1965//1943 
f 1135//1941 1132//1945 1964//1940 
f 1137//1938 1134//1942 1963//1937 
f 1139//1935 1136//1939 1962//1934 
f 1141//1933 1138//1936 1960//1931 
o mesh5
f 2005//2064 2004//2064 1053//2064 
f 1053//2064 2006//2064 2005//2064 
o mesh6
f 1140//2065 1961//2065 2007//2065 
f 2007//2065 2008//2065 1140//2065 
o mesh7
f 2008//2066 1146//2066 1145//2066 
f 2006//2066 1046//2066 1045//2066 
f 2006//2066 1050//2066 1049//2066 
f 2008//2066 1143//2066 1142//2066 
f 1145//2066 1144//2066 2008//2066 
f 2006//2066 1047//2066 1046//2066 
f 1049//2066 1048//2066 2006//2066 
f 2006//2066 1053//2066 1052//2066 
f 1144//2066 1143//2066 2008//2066 
f 2008//2066 1045//2066 1147//2066 
f 1048//2066 1047//2066 2006//2066 
f 1052//2066 1051//2066 2006//2066 
f 1147//2066 1146//2066 2008//2066 
f 1051//2066 1050//2066 2006//2066 
f 1045//2066 2008//2066 2006//2066 
f 1142//2066 1140//2066 2008//2066 
o mesh8
f 2008//2067 2009//2067 2010//2067 
f 2010//2067 2006//2067 2008//2067 
f 2008//2067 2011//2067 2009//2067 
f 2008//2067 2012//2067 2011//2067 
f 2006//2067 2013//2067 2014//2067 
f 2010//2067 2015//2067 2006//2067 
f 2006//2067 2016//2067 2017//2067 
f 2015//2067 2013//2067 2006//2067 
f 2008//2067 2018//2067 2019//2067 
f 2008//2067 2020//2067 2021//2067 
f 2007//2067 2022//2067 2023//2067 
f 2006//2067 2024//2067 2025//2067 
f 2014//2067 2016//2067 2006//2067 
f 2021//2067 2018//2067 2008//2067 
f 2023//2067 2008//2067 2007//2067 
f 2006//2067 2026//2067 2024//2067 
f 2006//2067 2027//2067 2028//2067 
f 2019//2067 2012//2067 2008//2067 
f 2008//2067 2029//2067 2030//2067 
f 2008//2067 2031//2067 2032//2067 
f 2007//2067 2033//2067 2022//2067 
f 2028//2067 2026//2067 2006//2067 
f 2030//2067 2020//2067 2008//2067 
f 2008//2067 2034//2067 2031//2067 
f 2007//2067 2035//2067 2033//2067 
f 2005//2067 2006//2067 2036//2067 
f 2017//2067 2027//2067 2006//2067 
f 2023//2067 2034//2067 2008//2067 
f 2006//2067 2037//2067 2036//2067 
f 2032//2067 2029//2067 2008//2067 
f 2005//2067 2038//2067 2039//2067 
f 2025//2067 2037//2067 2006//2067 
f 2036//2067 2038//2067 2005//2067 
f 2039//2067 2040//2067 2005//2067 
o mesh9
f 2033//2068 2035//2069 2041//2069 
f 2041//2069 2042//2070 2033//2068 
f 2022//2071 2033//2068 2043//2072 
f 2043//2072 2044//2073 2022//2071 
f 2023//2074 2022//2071 2045//2075 
f 2045//2075 2046//2076 2023//2074 
f 2034//2077 2023//2074 2047//2078 
f 2047//2078 2048//2079 2034//2077 
f 2031//2080 2034//2077 2049//2081 
f 2049//2081 2050//2082 2031//2080 
f 2032//2083 2031//2080 2051//2084 
f 2051//2084 2052//2085 2032//2083 
f 2029//2086 2032//2083 2053//2087 
f 2030//2088 2029//2086 2054//2089 
f 2020//2090 2030//2088 2055//2091 
f 2021//2092 2020//2090 2056//2093 
f 2018//2094 2021//2092 2057//2095 
f 2019//2096 2018//2094 2058//2097 
f 2012//2098 2019//2096 2059//2099 
f 2011//2100 2012//2098 2060//2101 
f 2009//2102 2011//2100 2061//2103 
f 2061//2103 2062//2102 2009//2102 
f 2060//2101 2061//2103 2011//2100 
f 2059//2099 2060//2101 2012//2098 
f 2058//2097 2059//2099 2019//2096 
f 2057//2095 2058//2097 2018//2094 
f 2056//2093 2057//2095 2021//2092 
f 2055//2091 2056//2093 2020//2090 
f 2054//2089 2055//2091 2030//2088 
f 2053//2087 2054//2089 2029//2086 
f 2052//2085 2053//2087 2032//2083 
f 2050//2082 2051//2084 2031//2080 
f 2048//2079 2049//2081 2034//2077 
f 2046//2076 2047//2078 2023//2074 
f 2044//2073 2045//2075 2022//2071 
f 2042//2070 2043//2072 2033//2068 
o mesh10
f 2063//2102 2062//2102 2061//2104 
f 2064//2104 2061//2104 2060//2105 
f 2065//2105 2060//2105 2059//2106 
f 2066//2106 2059//2106 2058//2107 
f 2067//2107 2058//2107 2057//2108 
f 2068//2108 2057//2108 2056//2109 
f 2069//2109 2056//2109 2055//2110 
f 2070//2110 2055//2110 2054//2111 
f 2071//2111 2054//2111 2053//2112 
f 2072//2112 2052//2113 2051//2114 
f 2072//2112 2053//2112 2052//2113 
f 2073//2114 2050//2115 2049//2116 
f 2073//2114 2051//2114 2050//2115 
f 2074//2116 2048//2117 2047//2118 
f 2074//2116 2049//2116 2048//2117 
f 2075//2118 2046//2119 2045//2120 
f 2075//2118 2047//2118 2046//2119 
f 2076//2120 2044//2121 2043//2122 
f 2076//2120 2045//2120 2044//2121 
f 2077//2122 2042//2123 2041//2124 
f 2077//2122 2043//2122 2042//2123 
f 2041//2124 2078//2124 2077//2122 
f 2043//2122 2077//2122 2076//2120 
f 2045//2120 2076//2120 2075//2118 
f 2047//2118 2075//2118 2074//2116 
f 2049//2116 2074//2116 2073//2114 
f 2051//2114 2073//2114 2072//2112 
f 2053//2112 2072//2112 2071//2111 
f 2054//2111 2071//2111 2070//2110 
f 2055//2110 2070//2110 2069//2109 
f 2056//2109 2069//2109 2068//2108 
f 2057//2108 2068//2108 2067//2107 
f 2058//2107 2067//2107 2066//2106 
f 2059//2106 2066//2106 2065//2105 
f 2060//2105 2065//2105 2064//2104 
f 2061//2104 2064//2104 2063//2102 
o mesh11
f 2077//2125 2078//2124 2079//2126 
f 2151//2127 2079//2126 2080//2128 
f 2152//2129 2080//2128 2081//2130 
f 2153//2131 2081//2130 2082//2132 
f 2154//2133 2082//2132 2083//2134 
f 2155//2135 2083//2134 2084//2136 
f 2156//2137 2084//2136 2085//2138 
f 2157//2139 2085//2138 2086//2140 
f 2158//2141 2086//2140 2087//2142 
f 2159//2143 2087//2142 2088//2144 
f 2160//2145 2088//2144 2089//2146 
f 2161//2147 2089//2146 2090//2148 
f 2162//2149 2090//2148 2091//2150 
f 2163//2151 2091//2150 2092//2152 
f 2164//2153 2092//2152 2093//2154 
f 2165//2155 2093//2154 2094//2156 
f 2166//2157 2094//2156 2095//2158 
f 2167//2159 2095//2158 2096//2160 
f 2168//2161 2096//2160 2097//2162 
f 2169//2163 2097//2162 2098//2164 
f 2170//2165 2098//2164 2099//2166 
f 2171//2167 2099//2166 2100//2168 
f 2172//2169 2100//2168 2101//2170 
f 2173//2171 2101//2170 2102//2172 
f 2174//2173 2102//2172 2103//2174 
f 2175//2175 2103//2174 2104//2176 
f 2176//2177 2104//2176 2105//2178 
f 2177//2179 2105//2178 2106//2180 
f 2178//2181 2106//2180 2107//2182 
f 2076//2183 2077//2125 2151//2127 
f 2179//2184 2151//2127 2152//2129 
f 2180//2185 2152//2129 2153//2131 
f 2181//2186 2153//2131 2154//2133 
f 2182//2187 2154//2133 2155//2135 
f 2183//2188 2155//2135 2156//2137 
f 2184//2189 2156//2137 2157//2139 
f 2185//2190 2157//2139 2158//2141 
f 2186//2191 2158//2141 2159//2143 
f 2187//2192 2159//2143 2160//2145 
f 2188//2193 2160//2145 2161//2147 
f 2189//2194 2161//2147 2162//2149 
f 2190//2195 2162//2149 2163//2151 
f 2191//2196 2163//2151 2164//2153 
f 2192//2197 2164//2153 2165//2155 
f 2193//2198 2165//2155 2166//2157 
f 2194//2199 2166//2157 2167//2159 
f 2195//2200 2167//2159 2168//2161 
f 2196//2201 2168//2161 2169//2163 
f 2197//2202 2169//2163 2170//2165 
f 2198//2203 2170//2165 2171//2167 
f 2199//2204 2171//2167 2172//2169 
f 2200//2205 2172//2169 2173//2171 
f 2201//2206 2173//2171 2174//2173 
f 2202//2207 2174//2173 2175//2175 
f 2203//2208 2175//2175 2176//2177 
f 2204//2209 2176//2177 2177//2179 
f 2205//2210 2177//2179 2178//2181 
f 2206//2211 2178//2181 2108//2212 
f 2075//2213 2076//2183 2179//2184 
f 2207//2214 2179//2184 2180//2185 
f 2208//2215 2180//2185 2181//2186 
f 2209//2216 2181//2186 2182//2187 
f 2210//2217 2182//2187 2183//2188 
f 2211//2218 2183//2188 2184//2189 
f 2212//2219 2184//2189 2185//2190 
f 2213//2220 2185//2190 2186//2191 
f 2214//2221 2186//2191 2187//2192 
f 2215//2222 2187//2192 2188//2193 
f 2216//2223 2188//2193 2189//2194 
f 2217//2224 2189//2194 2190//2195 
f 2218//2225 2190//2195 2191//2196 
f 2219//2226 2191//2196 2192//2197 
f 2220//2227 2192//2197 2193//2198 
f 2221//2228 2193//2198 2194//2199 
f 2222//2229 2194//2199 2195//2200 
f 2223//2230 2195//2200 2196//2201 
f 2224//2231 2196//2201 2197//2202 
f 2225//2232 2197//2202 2198//2203 
f 2226//2233 2198//2203 2199//2204 
f 2227//2234 2199//2204 2200//2205 
f 2228//2235 2200//2205 2201//2206 
f 2229//2236 2201//2206 2202//2207 
f 2230//2237 2202//2207 2203//2208 
f 2231//2238 2203//2208 2204//2209 
f 2232//2239 2204//2209 2205//2210 
f 2233//2240 2205//2210 2206//2211 
f 2234//2241 2206//2211 2109//2242 
f 2074//2243 2075//2213 2207//2214 
f 2235//2244 2207//2214 2208//2215 
f 2236//2245 2208//2215 2209//2216 
f 2237//2246 2209//2216 2210//2217 
f 2238//2247 2210//2217 2211//2218 
f 2239//2248 2211//2218 2212//2219 
f 2240//2249 2212//2219 2213//2220 
f 2241//2250 2213//2220 2214//2221 
f 2242//2251 2214//2221 2215//2222 
f 2243//2252 2215//2222 2216//2223 
f 2244//2253 2216//2223 2217//2224 
f 2245//2254 2217//2224 2218//2225 
f 2246//2255 2218//2225 2219//2226 
f 2247//2256 2219//2226 2220//2227 
f 2248//2257 2220//2227 2221//2228 
f 2249//2258 2221//2228 2222//2229 
f 2250//2259 2222//2229 2223//2230 
f 2251//2260 2223//2230 2224//2231 
f 2252//2261 2224//2231 2225//2232 
f 2253//2262 2225//2232 2226//2233 
f 2254//2263 2226//2233 2227//2234 
f 2255//2264 2227//2234 2228//2235 
f 2256//2265 2228//2235 2229//2236 
f 2257//2266 2229//2236 2230//2237 
f 2258//2267 2230//2237 2231//2238 
f 2259//2268 2231//2238 2232//2239 
f 2260//2269 2232//2239 2233//2240 
f 2261//2270 2233//2240 2234//2241 
f 2262//2271 2234//2241 2110//2272 
f 2073//2273 2074//2243 2235//2244 
f 2263//2274 2235//2244 2236//2245 
f 2264//2275 2236//2245 2237//2246 
f 2265//2276 2237//2246 2238//2247 
f 2266//2277 2238//2247 2239//2248 
f 2267//2278 2239//2248 2240//2249 
f 2268//2279 2240//2249 2241//2250 
f 2269//2280 2241//2250 2242//2251 
f 2270//2281 2242//2251 2243//2252 
f 2271//2282 2243//2252 2244//2253 
f 2272//2283 2244//2253 2245//2254 
f 2273//2284 2245//2254 2246//2255 
f 2274//2285 2246//2255 2247//2256 
f 2275//2286 2247//2256 2248//2257 
f 2276//2287 2248//2257 2249//2258 
f 2277//2288 2249//2258 2250//2259 
f 2278//2289 2250//2259 2251//2260 
f 2279//2290 2251//2260 2252//2261 
f 2280//2291 2252//2261 2253//2262 
f 2281//2292 2253//2262 2254//2263 
f 2282//2293 2254//2263 2255//2264 
f 2283//2294 2255//2264 2256//2265 
f 2284//2295 2256//2265 2257//2266 
f 2285//2296 2257//2266 2258//2267 
f 2286//2297 2258//2267 2259//2268 
f 2287//2298 2259//2268 2260//2269 
f 2288//2299 2260//2269 2261//2270 
f 2289//2300 2261//2270 2262//2271 
f 2290//2301 2262//2271 2111//2302 
f 2072//2303 2073//2273 2263//2274 
f 2291//2304 2263//2274 2264//2275 
f 2292//2305 2264//2275 2265//2276 
f 2293//2306 2265//2276 2266//2277 
f 2294//2307 2266//2277 2267//2278 
f 2295//2308 2267//2278 2268//2279 
f 2296//2309 2268//2279 2269//2280 
f 2297//2310 2269//2280 2270//2281 
f 2298//2311 2270//2281 2271//2282 
f 2299//2312 2271//2282 2272//2283 
f 2300//2313 2272//2283 2273//2284 
f 2301//2314 2273//2284 2274//2285 
f 2302//2315 2274//2285 2275//2286 
f 2303//2316 2275//2286 2276//2287 
f 2304//2317 2276//2287 2277//2288 
f 2305//2318 2277//2288 2278//2289 
f 2306//2319 2278//2289 2279//2290 
f 2307//2320 2279//2290 2280//2291 
f 2308//2321 2280//2291 2281//2292 
f 2309//2322 2281//2292 2282//2293 
f 2310//2323 2282//2293 2283//2294 
f 2311//2324 2283//2294 2284//2295 
f 2312//2325 2284//2295 2285//2296 
f 2313//2326 2285//2296 2286//2297 
f 2314//2327 2286//2297 2287//2298 
f 2315//2328 2287//2298 2288//2299 
f 2316//2329 2288//2299 2289//2300 
f 2317//2330 2289//2300 2290//2301 
f 2318//2331 2290//2301 2112//2332 
f 2071//2333 2072//2303 2291//2304 
f 2319//2334 2291//2304 2292//2305 
f 2320//2335 2292//2305 2293//2306 
f 2321//2336 2293//2306 2294//2307 
f 2322//2337 2294//2307 2295//2308 
f 2323//2338 2295//2308 2296//2309 
f 2324//2339 2296//2309 2297//2310 
f 2325//2340 2297//2310 2298//2311 
f 2326//2341 2298//2311 2299//2312 
f 2327//2342 2299//2312 2300//2313 
f 2328//2343 2300//2313 2301//2314 
f 2329//2344 2301//2314 2302//2315 
f 2330//2345 2302//2315 2303//2316 
f 2331//2346 2303//2316 2304//2317 
f 2332//2347 2304//2317 2305//2318 
f 2333//2348 2305//2318 2306//2319 
f 2334//2349 2306//2319 2307//2320 
f 2335//2350 2307//2320 2308//2321 
f 2336//2351 2308//2321 2309//2322 
f 2337//2352 2309//2322 2310//2323 
f 2338//2353 2310//2323 2311//2324 
f 2339//2354 2311//2324 2312//2325 
f 2340//2355 2312//2325 2313//2326 
f 2341//2356 2313//2326 2314//2327 
f 2342//2357 2314//2327 2315//2328 
f 2343//2358 2315//2328 2316//2329 
f 2344//2359 2316//2329 2317//2330 
f 2345//2360 2317//2330 2318//2331 
f 2346//2361 2318//2331 2113//2362 
f 2070//2363 2071//2333 2319//2334 
f 2347//2364 2319//2334 2320//2335 
f 2348//2365 2320//2335 2321//2336 
f 2349//2366 2321//2336 2322//2337 
f 2350//2367 2322//2337 2323//2338 
f 2351//2368 2323//2338 2324//2339 
f 2352//2369 2324//2339 2325//2340 
f 2353//2370 2325//2340 2326//2341 
f 2354//2371 2326//2341 2327//2342 
f 2355//2372 2327//2342 2328//2343 
f 2356//2373 2328//2343 2329//2344 
f 2357//2374 2329//2344 2330//2345 
f 2358//2375 2330//2345 2331//2346 
f 2359//2376 2331//2346 2332//2347 
f 2360//2377 2332//2347 2333//2348 
f 2361//2378 2333//2348 2334//2349 
f 2362//2379 2334//2349 2335//2350 
f 2363//2380 2335//2350 2336//2351 
f 2364//2381 2336//2351 2337//2352 
f 2365//2382 2337//2352 2338//2353 
f 2366//2383 2338//2353 2339//2354 
f 2367//2384 2339//2354 2340//2355 
f 2368//2385 2340//2355 2341//2356 
f 2369//2386 2341//2356 2342//2357 
f 2370//2387 2342//2357 2343//2358 
f 2371//2388 2343//2358 2344//2359 
f 2372//2389 2344//2359 2345//2360 
f 2373//2390 2345//2360 2346//2361 
f 2374//2391 2346//2361 2114//2392 
f 2069//2393 2070//2363 2347//2364 
f 2375//2394 2347//2364 2348//2365 
f 2376//2395 2348//2365 2349//2366 
f 2377//2396 2349//2366 2350//2367 
f 2378//2397 2350//2367 2351//2368 
f 2379//2398 2351//2368 2352//2369 
f 2380//2399 2352//2369 2353//2370 
f 2381//2400 2353//2370 2354//2371 
f 2382//2401 2354//2371 2355//2372 
f 2383//2402 2355//2372 2356//2373 
f 2384//2403 2356//2373 2357//2374 
f 2385//2404 2357//2374 2358//2375 
f 2386//2405 2358//2375 2359//2376 
f 2387//2406 2359//2376 2360//2377 
f 2388//2407 2360//2377 2361//2378 
f 2389//2408 2361//2378 2362//2379 
f 2390//2409 2362//2379 2363//2380 
f 2391//2410 2363//2380 2364//2381 
f 2392//2411 2364//2381 2365//2382 
f 2393//2412 2365//2382 2366//2383 
f 2394//2413 2366//2383 2367//2384 
f 2395//2414 2367//2384 2368//2385 
f 2396//2415 2368//2385 2369//2386 
f 2397//2416 2369//2386 2370//2387 
f 2398//2417 2370//2387 2371//2388 
f 2399//2418 2371//2388 2372//2389 
f 2400//2419 2372//2389 2373//2390 
f 2401//2420 2373//2390 2374//2391 
f 2402//2421 2374//2391 2115//2422 
f 2068//2423 2069//2393 2375//2394 
f 2403//2424 2375//2394 2376//2395 
f 2404//2425 2376//2395 2377//2396 
f 2405//2426 2377//2396 2378//2397 
f 2406//2427 2378//2397 2379//2398 
f 2407//2428 2379//2398 2380//2399 
f 2408//2429 2380//2399 2381//2400 
f 2409//2430 2381//2400 2382//2401 
f 2410//2431 2382//2401 2383//2402 
f 2411//2432 2383//2402 2384//2403 
f 2412//2433 2384//2403 2385//2404 
f 2413//2434 2385//2404 2386//2405 
f 2414//2435 2386//2405 2387//2406 
f 2415//2436 2387//2406 2388//2407 
f 2416//2437 2388//2407 2389//2408 
f 2417//2438 2389//2408 2390//2409 
f 2418//2439 2390//2409 2391//2410 
f 2419//2440 2391//2410 2392//2411 
f 2420//2441 2392//2411 2393//2412 
f 2421//2442 2393//2412 2394//2413 
f 2422//2443 2394//2413 2395//2414 
f 2423//2444 2395//2414 2396//2415 
f 2424//2445 2396//2415 2397//2416 
f 2425//2446 2397//2416 2398//2417 
f 2426//2447 2398//2417 2399//2418 
f 2427//2448 2399//2418 2400//2419 
f 2428//2449 2400//2419 2401//2420 
f 2429//2450 2401//2420 2402//2421 
f 2430//2451 2402//2421 2116//2452 
f 2067//2453 2068//2423 2403//2424 
f 2431//2454 2403//2424 2404//2425 
f 2432//2455 2404//2425 2405//2426 
f 2433//2456 2405//2426 2406//2427 
f 2434//2457 2406//2427 2407//2428 
f 2435//2458 2407//2428 2408//2429 
f 2436//2459 2408//2429 2409//2430 
f 2437//2460 2409//2430 2410//2431 
f 2438//2461 2410//2431 2411//2432 
f 2439//2462 2411//2432 2412//2433 
f 2440//2463 2412//2433 2413//2434 
f 2441//2464 2413//2434 2414//2435 
f 2442//2465 2414//2435 2415//2436 
f 2443//2466 2415//2436 2416//2437 
f 2444//2467 2416//2437 2417//2438 
f 2445//2468 2417//2438 2418//2439 
f 2446//2469 2418//2439 2419//2440 
f 2447//2470 2419//2440 2420//2441 
f 2448//2471 2420//2441 2421//2442 
f 2449//2472 2421//2442 2422//2443 
f 2450//2473 2422//2443 2423//2444 
f 2451//2474 2423//2444 2424//2445 
f 2452//2475 2424//2445 2425//2446 
f 2453//2476 2425//2446 2426//2447 
f 2454//2477 2426//2447 2427//2448 
f 2455//2478 2427//2448 2428//2449 
f 2456//2479 2428//2449 2429//2450 
f 2457//2480 2429//2450 2430//2451 
f 2458//2481 2430//2451 2117//2482 
f 2066//2483 2067//2453 2431//2454 
f 2459//2484 2431//2454 2432//2455 
f 2460//2485 2432//2455 2433//2456 
f 2461//2486 2433//2456 2434//2457 
f 2462//2487 2434//2457 2435//2458 
f 2463//2488 2435//2458 2436//2459 
f 2464//2489 2436//2459 2437//2460 
f 2465//2490 2437//2460 2438//2461 
f 2466//2491 2438//2461 2439//2462 
f 2467//2492 2439//2462 2440//2463 
f 2468//2493 2440//2463 2441//2464 
f 2469//2494 2441//2464 2442//2465 
f 2470//2495 2442//2465 2443//2466 
f 2471//2496 2443//2466 2444//2467 
f 2472//2497 2444//2467 2445//2468 
f 2473//2498 2445//2468 2446//2469 
f 2474//2499 2446//2469 2447//2470 
f 2475//2500 2447//2470 2448//2471 
f 2476//2501 2448//2471 2449//2472 
f 2477//2502 2449//2472 2450//2473 
f 2478//2503 2450//2473 2451//2474 
f 2479//2504 2451//2474 2452//2475 
f 2480//2505 2452//2475 2453//2476 
f 2481//2506 2453//2476 2454//2477 
f 2482//2507 2454//2477 2455//2478 
f 2483//2508 2455//2478 2456//2479 
f 2484//2509 2456//2479 2457//2480 
f 2485//2510 2457//2480 2458//2481 
f 2486//2511 2458//2481 2118//2512 
f 2065//2513 2066//2483 2459//2484 
f 2487//2514 2459//2484 2460//2485 
f 2488//2515 2460//2485 2461//2486 
f 2489//2516 2461//2486 2462//2487 
f 2490//2517 2462//2487 2463//2488 
f 2491//2518 2463//2488 2464//2489 
f 2492//2519 2464//2489 2465//2490 
f 2493//2520 2465//2490 2466//2491 
f 2494//2521 2466//2491 2467//2492 
f 2495//2522 2467//2492 2468//2493 
f 2496//2523 2468//2493 2469//2494 
f 2497//2524 2469//2494 2470//2495 
f 2498//2525 2470//2495 2471//2496 
f 2499//2526 2471//2496 2472//2497 
f 2500//2527 2472//2497 2473//2498 
f 2501//2528 2473//2498 2474//2499 
f 2502//2529 2474//2499 2475//2500 
f 2503//2530 2475//2500 2476//2501 
f 2504//2531 2476//2501 2477//2502 
f 2505//2532 2477//2502 2478//2503 
f 2506//2533 2478//2503 2479//2504 
f 2507//2534 2479//2504 2480//2505 
f 2508//2535 2480//2505 2481//2506 
f 2509//2536 2481//2506 2482//2507 
f 2510//2537 2482//2507 2483//2508 
f 2511//2538 2483//2508 2484//2509 
f 2512//2539 2484//2509 2485//2510 
f 2513//2540 2485//2510 2486//2511 
f 2514//2541 2486//2511 2119//2542 
f 2064//2543 2065//2513 2487//2514 
f 2515//2544 2487//2514 2488//2515 
f 2516//2545 2488//2515 2489//2516 
f 2517//2546 2489//2516 2490//2517 
f 2518//2547 2490//2517 2491//2518 
f 2519//2548 2491//2518 2492//2519 
f 2520//2549 2492//2519 2493//2520 
f 2521//2550 2493//2520 2494//2521 
f 2522//2551 2494//2521 2495//2522 
f 2523//2552 2495//2522 2496//2523 
f 2524//2553 2496//2523 2497//2524 
f 2525//2554 2497//2524 2498//2525 
f 2526//2555 2498//2525 2499//2526 
f 2527//2556 2499//2526 2500//2527 
f 2528//2557 2500//2527 2501//2528 
f 2529//2558 2501//2528 2502//2529 
f 2530//2559 2502//2529 2503//2530 
f 2531//2560 2503//2530 2504//2531 
f 2532//2561 2504//2531 2505//2532 
f 2533//2562 2505//2532 2506//2533 
f 2534//2563 2506//2533 2507//2534 
f 2535//2564 2507//2534 2508//2535 
f 2536//2565 2508//2535 2509//2536 
f 2537//2566 2509//2536 2510//2537 
f 2538//2567 2510//2537 2511//2538 
f 2539//2568 2511//2538 2512//2539 
f 2540//2569 2512//2539 2513//2540 
f 2541//2570 2513//2540 2514//2541 
f 2542//2571 2514//2541 2120//2572 
f 2063//2573 2064//2543 2515//2544 
f 2121//2573 2515//2544 2516//2545 
f 2122//2573 2516//2545 2517//2546 
f 2123//2573 2517//2546 2518//2547 
f 2124//2573 2518//2547 2519//2548 
f 2125//2573 2519//2548 2520//2549 
f 2126//2573 2520//2549 2521//2550 
f 2127//2573 2521//2550 2522//2551 
f 2128//2573 2522//2551 2523//2552 
f 2129//2573 2523//2552 2524//2553 
f 2130//2573 2524//2553 2525//2554 
f 2131//2573 2525//2554 2526//2555 
f 2132//2573 2526//2555 2527//2556 
f 2133//2573 2527//2556 2528//2557 
f 2134//2573 2528//2557 2529//2558 
f 2135//2573 2529//2558 2530//2559 
f 2136//2573 2530//2559 2531//2560 
f 2137//2573 2531//2560 2532//2561 
f 2138//2573 2532//2561 2533//2562 
f 2139//2573 2533//2562 2534//2563 
f 2140//2573 2534//2563 2535//2564 
f 2141//2573 2535//2564 2536//2565 
f 2142//2573 2536//2565 2537//2566 
f 2143//2573 2537//2566 2538//2567 
f 2144//2573 2538//2567 2539//2568 
f 2145//2573 2539//2568 2540//2569 
f 2146//2573 2540//2569 2541//2570 
f 2147//2573 2541//2570 2542//2571 
f 2148//2573 2542//2571 2149//2574 
f 2149//2574 2150//2573 2148//2573 
f 2542//2571 2148//2573 2147//2573 
f 2541//2570 2147//2573 2146//2573 
f 2540//2569 2146//2573 2145//2573 
f 2539//2568 2145//2573 2144//2573 
f 2538//2567 2144//2573 2143//2573 
f 2537//2566 2143//2573 2142//2573 
f 2536//2565 2142//2573 2141//2573 
f 2535//2564 2141//2573 2140//2573 
f 2534//2563 2140//2573 2139//2573 
f 2533//2562 2139//2573 2138//2573 
f 2532//2561 2138//2573 2137//2573 
f 2531//2560 2137//2573 2136//2573 
f 2530//2559 2136//2573 2135//2573 
f 2529//2558 2135//2573 2134//2573 
f 2528//2557 2134//2573 2133//2573 
f 2527//2556 2133//2573 2132//2573 
f 2526//2555 2132//2573 2131//2573 
f 2525//2554 2131//2573 2130//2573 
f 2524//2553 2130//2573 2129//2573 
f 2523//2552 2129//2573 2128//2573 
f 2522//2551 2128//2573 2127//2573 
f 2521//2550 2127//2573 2126//2573 
f 2520//2549 2126//2573 2125//2573 
f 2519//2548 2125//2573 2124//2573 
f 2518//2547 2124//2573 2123//2573 
f 2517//2546 2123//2573 2122//2573 
f 2516//2545 2122//2573 2121//2573 
f 2515//2544 2121//2573 2063//2573 
f 2120//2572 2149//2574 2542//2571 
f 2514//2541 2542//2571 2541//2570 
f 2513//2540 2541//2570 2540//2569 
f 2512//2539 2540//2569 2539//2568 
f 2511//2538 2539//2568 2538//2567 
f 2510//2537 2538//2567 2537//2566 
f 2509//2536 2537//2566 2536//2565 
f 2508//2535 2536//2565 2535//2564 
f 2507//2534 2535//2564 2534//2563 
f 2506//2533 2534//2563 2533//2562 
f 2505//2532 2533//2562 2532//2561 
f 2504//2531 2532//2561 2531//2560 
f 2503//2530 2531//2560 2530//2559 
f 2502//2529 2530//2559 2529//2558 
f 2501//2528 2529//2558 2528//2557 
f 2500//2527 2528//2557 2527//2556 
f 2499//2526 2527//2556 2526//2555 
f 2498//2525 2526//2555 2525//2554 
f 2497//2524 2525//2554 2524//2553 
f 2496//2523 2524//2553 2523//2552 
f 2495//2522 2523//2552 2522//2551 
f 2494//2521 2522//2551 2521//2550 
f 2493//2520 2521//2550 2520//2549 
f 2492//2519 2520//2549 2519//2548 
f 2491//2518 2519//2548 2518//2547 
f 2490//2517 2518//2547 2517//2546 
f 2489//2516 2517//2546 2516//2545 
f 2488//2515 2516//2545 2515//2544 
f 2487//2514 2515//2544 2064//2543 
f 2119//2542 2120//2572 2514//2541 
f 2486//2511 2514//2541 2513//2540 
f 2485//2510 2513//2540 2512//2539 
f 2484//2509 2512//2539 2511//2538 
f 2483//2508 2511//2538 2510//2537 
f 2482//2507 2510//2537 2509//2536 
f 2481//2506 2509//2536 2508//2535 
f 2480//2505 2508//2535 2507//2534 
f 2479//2504 2507//2534 2506//2533 
f 2478//2503 2506//2533 2505//2532 
f 2477//2502 2505//2532 2504//2531 
f 2476//2501 2504//2531 2503//2530 
f 2475//2500 2503//2530 2502//2529 
f 2474//2499 2502//2529 2501//2528 
f 2473//2498 2501//2528 2500//2527 
f 2472//2497 2500//2527 2499//2526 
f 2471//2496 2499//2526 2498//2525 
f 2470//2495 2498//2525 2497//2524 
f 2469//2494 2497//2524 2496//2523 
f 2468//2493 2496//2523 2495//2522 
f 2467//2492 2495//2522 2494//2521 
f 2466//2491 2494//2521 2493//2520 
f 2465//2490 2493//2520 2492//2519 
f 2464//2489 2492//2519 2491//2518 
f 2463//2488 2491//2518 2490//2517 
f 2462//2487 2490//2517 2489//2516 
f 2461//2486 2489//2516 2488//2515 
f 2460//2485 2488//2515 2487//2514 
f 2459//2484 2487//2514 2065//2513 
f 2118//2512 2119//2542 2486//2511 
f 2458//2481 2486//2511 2485//2510 
f 2457//2480 2485//2510 2484//2509 
f 2456//2479 2484//2509 2483//2508 
f 2455//2478 2483//2508 2482//2507 
f 2454//2477 2482//2507 2481//2506 
f 2453//2476 2481//2506 2480//2505 
f 2452//2475 2480//2505 2479//2504 
f 2451//2474 2479//2504 2478//2503 
f 2450//2473 2478//2503 2477//2502 
f 2449//2472 2477//2502 2476//2501 
f 2448//2471 2476//2501 2475//2500 
f 2447//2470 2475//2500 2474//2499 
f 2446//2469 2474//2499 2473//2498 
f 2445//2468 2473//2498 2472//2497 
f 2444//2467 2472//2497 2471//2496 
f 2443//2466 2471//2496 2470//2495 
f 2442//2465 2470//2495 2469//2494 
f 2441//2464 2469//2494 2468//2493 
f 2440//2463 2468//2493 2467//2492 
f 2439//2462 2467//2492 2466//2491 
f 2438//2461 2466//2491 2465//2490 
f 2437//2460 2465//2490 2464//2489 
f 2436//2459 2464//2489 2463//2488 
f 2435//2458 2463//2488 2462//2487 
f 2434//2457 2462//2487 2461//2486 
f 2433//2456 2461//2486 2460//2485 
f 2432//2455 2460//2485 2459//2484 
f 2431//2454 2459//2484 2066//2483 
f 2117//2482 2118//2512 2458//2481 
f 2430//2451 2458//2481 2457//2480 
f 2429//2450 2457//2480 2456//2479 
f 2428//2449 2456//2479 2455//2478 
f 2427//2448 2455//2478 2454//2477 
f 2426//2447 2454//2477 2453//2476 
f 2425//2446 2453//2476 2452//2475 
f 2424//2445 2452//2475 2451//2474 
f 2423//2444 2451//2474 2450//2473 
f 2422//2443 2450//2473 2449//2472 
f 2421//2442 2449//2472 2448//2471 
f 2420//2441 2448//2471 2447//2470 
f 2419//2440 2447//2470 2446//2469 
f 2418//2439 2446//2469 2445//2468 
f 2417//2438 2445//2468 2444//2467 
f 2416//2437 2444//2467 2443//2466 
f 2415//2436 2443//2466 2442//2465 
f 2414//2435 2442//2465 2441//2464 
f 2413//2434 2441//2464 2440//2463 
f 2412//2433 2440//2463 2439//2462 
f 2411//2432 2439//2462 2438//2461 
f 2410//2431 2438//2461 2437//2460 
f 2409//2430 2437//2460 2436//2459 
f 2408//2429 2436//2459 2435//2458 
f 2407//2428 2435//2458 2434//2457 
f 2406//2427 2434//2457 2433//2456 
f 2405//2426 2433//2456 2432//2455 
f 2404//2425 2432//2455 2431//2454 
f 2403//2424 2431//2454 2067//2453 
f 2116//2452 2117//2482 2430//2451 
f 2402//2421 2430//2451 2429//2450 
f 2401//2420 2429//2450 2428//2449 
f 2400//2419 2428//2449 2427//2448 
f 2399//2418 2427//2448 2426//2447 
f 2398//2417 2426//2447 2425//2446 
f 2397//2416 2425//2446 2424//2445 
f 2396//2415 2424//2445 2423//2444 
f 2395//2414 2423//2444 2422//2443 
f 2394//2413 2422//2443 2421//2442 
f 2393//2412 2421//2442 2420//2441 
f 2392//2411 2420//2441 2419//2440 
f 2391//2410 2419//2440 2418//2439 
f 2390//2409 2418//2439 2417//2438 
f 2389//2408 2417//2438 2416//2437 
f 2388//2407 2416//2437 2415//2436 
f 2387//2406 2415//2436 2414//2435 
f 2386//2405 2414//2435 2413//2434 
f 2385//2404 2413//2434 2412//2433 
f 2384//2403 2412//2433 2411//2432 
f 2383//2402 2411//2432 2410//2431 
f 2382//2401 2410//2431 2409//2430 
f 2381//2400 2409//2430 2408//2429 
f 2380//2399 2408//2429 2407//2428 
f 2379//2398 2407//2428 2406//2427 
f 2378//2397 2406//2427 2405//2426 
f 2377//2396 2405//2426 2404//2425 
f 2376//2395 2404//2425 2403//2424 
f 2375//2394 2403//2424 2068//2423 
f 2115//2422 2116//2452 2402//2421 
f 2374//2391 2402//2421 2401//2420 
f 2373//2390 2401//2420 2400//2419 
f 2372//2389 2400//2419 2399//2418 
f 2371//2388 2399//2418 2398//2417 
f 2370//2387 2398//2417 2397//2416 
f 2369//2386 2397//2416 2396//2415 
f 2368//2385 2396//2415 2395//2414 
f 2367//2384 2395//2414 2394//2413 
f 2366//2383 2394//2413 2393//2412 
f 2365//2382 2393//2412 2392//2411 
f 2364//2381 2392//2411 2391//2410 
f 2363//2380 2391//2410 2390//2409 
f 2362//2379 2390//2409 2389//2408 
f 2361//2378 2389//2408 2388//2407 
f 2360//2377 2388//2407 2387//2406 
f 2359//2376 2387//2406 2386//2405 
f 2358//2375 2386//2405 2385//2404 
f 2357//2374 2385//2404 2384//2403 
f 2356//2373 2384//2403 2383//2402 
f 2355//2372 2383//2402 2382//2401 
f 2354//2371 2382//2401 2381//2400 
f 2353//2370 2381//2400 2380//2399 
f 2352//2369 2380//2399 2379//2398 
f 2351//2368 2379//2398 2378//2397 
f 2350//2367 2378//2397 2377//2396 
f 2349//2366 2377//2396 2376//2395 
f 2348//2365 2376//2395 2375//2394 
f 2347//2364 2375//2394 2069//2393 
f 2114//2392 2115//2422 2374//2391 
f 2346//2361 2374//2391 2373//2390 
f 2345//2360 2373//2390 2372//2389 
f 2344//2359 2372//2389 2371//2388 
f 2343//2358 2371//2388 2370//2387 
f 2342//2357 2370//2387 2369//2386 
f 2341//2356 2369//2386 2368//2385 
f 2340//2355 2368//2385 2367//2384 
f 2339//2354 2367//2384 2366//2383 
f 2338//2353 2366//2383 2365//2382 
f 2337//2352 2365//2382 2364//2381 
f 2336//2351 2364//2381 2363//2380 
f 2335//2350 2363//2380 2362//2379 
f 2334//2349 2362//2379 2361//2378 
f 2333//2348 2361//2378 2360//2377 
f 2332//2347 2360//2377 2359//2376 
f 2331//2346 2359//2376 2358//2375 
f 2330//2345 2358//2375 2357//2374 
f 2329//2344 2357//2374 2356//2373 
f 2328//2343 2356//2373 2355//2372 
f 2327//2342 2355//2372 2354//2371 
f 2326//2341 2354//2371 2353//2370 
f 2325//2340 2353//2370 2352//2369 
f 2324//2339 2352//2369 2351//2368 
f 2323//2338 2351//2368 2350//2367 
f 2322//2337 2350//2367 2349//2366 
f 2321//2336 2349//2366 2348//2365 
f 2320//2335 2348//2365 2347//2364 
f 2319//2334 2347//2364 2070//2363 
f 2113//2362 2114//2392 2346//2361 
f 2318//2331 2346//2361 2345//2360 
f 2317//2330 2345//2360 2344//2359 
f 2316//2329 2344//2359 2343//2358 
f 2315//2328 2343//2358 2342//2357 
f 2314//2327 2342//2357 2341//2356 
f 2313//2326 2341//2356 2340//2355 
f 2312//2325 2340//2355 2339//2354 
f 2311//2324 2339//2354 2338//2353 
f 2310//2323 2338//2353 2337//2352 
f 2309//2322 2337//2352 2336//2351 
f 2308//2321 2336//2351 2335//2350 
f 2307//2320 2335//2350 2334//2349 
f 2306//2319 2334//2349 2333//2348 
f 2305//2318 2333//2348 2332//2347 
f 2304//2317 2332//2347 2331//2346 
f 2303//2316 2331//2346 2330//2345 
f 2302//2315 2330//2345 2329//2344 
f 2301//2314 2329//2344 2328//2343 
f 2300//2313 2328//2343 2327//2342 
f 2299//2312 2327//2342 2326//2341 
f 2298//2311 2326//2341 2325//2340 
f 2297//2310 2325//2340 2324//2339 
f 2296//2309 2324//2339 2323//2338 
f 2295//2308 2323//2338 2322//2337 
f 2294//2307 2322//2337 2321//2336 
f 2293//2306 2321//2336 2320//2335 
f 2292//2305 2320//2335 2319//2334 
f 2291//2304 2319//2334 2071//2333 
f 2112//2332 2113//2362 2318//2331 
f 2290//2301 2318//2331 2317//2330 
f 2289//2300 2317//2330 2316//2329 
f 2288//2299 2316//2329 2315//2328 
f 2287//2298 2315//2328 2314//2327 
f 2286//2297 2314//2327 2313//2326 
f 2285//2296 2313//2326 2312//2325 
f 2284//2295 2312//2325 2311//2324 
f 2283//2294 2311//2324 2310//2323 
f 2282//2293 2310//2323 2309//2322 
f 2281//2292 2309//2322 2308//2321 
f 2280//2291 2308//2321 2307//2320 
f 2279//2290 2307//2320 2306//2319 
f 2278//2289 2306//2319 2305//2318 
f 2277//2288 2305//2318 2304//2317 
f 2276//2287 2304//2317 2303//2316 
f 2275//2286 2303//2316 2302//2315 
f 2274//2285 2302//2315 2301//2314 
f 2273//2284 2301//2314 2300//2313 
f 2272//2283 2300//2313 2299//2312 
f 2271//2282 2299//2312 2298//2311 
f 2270//2281 2298//2311 2297//2310 
f 2269//2280 2297//2310 2296//2309 
f 2268//2279 2296//2309 2295//2308 
f 2267//2278 2295//2308 2294//2307 
f 2266//2277 2294//2307 2293//2306 
f 2265//2276 2293//2306 2292//2305 
f 2264//2275 2292//2305 2291//2304 
f 2263//2274 2291//2304 2072//2303 
f 2111//2302 2112//2332 2290//2301 
f 2262//2271 2290//2301 2289//2300 
f 2261//2270 2289//2300 2288//2299 
f 2260//2269 2288//2299 2287//2298 
f 2259//2268 2287//2298 2286//2297 
f 2258//2267 2286//2297 2285//2296 
f 2257//2266 2285//2296 2284//2295 
f 2256//2265 2284//2295 2283//2294 
f 2255//2264 2283//2294 2282//2293 
f 2254//2263 2282//2293 2281//2292 
f 2253//2262 2281//2292 2280//2291 
f 2252//2261 2280//2291 2279//2290 
f 2251//2260 2279//2290 2278//2289 
f 2250//2259 2278//2289 2277//2288 
f 2249//2258 2277//2288 2276//2287 
f 2248//2257 2276//2287 2275//2286 
f 2247//2256 2275//2286 2274//2285 
f 2246//2255 2274//2285 2273//2284 
f 2245//2254 2273//2284 2272//2283 
f 2244//2253 2272//2283 2271//2282 
f 2243//2252 2271//2282 2270//2281 
f 2242//2251 2270//2281 2269//2280 
f 2241//2250 2269//2280 2268//2279 
f 2240//2249 2268//2279 2267//2278 
f 2239//2248 2267//2278 2266//2277 
f 2238//2247 2266//2277 2265//2276 
f 2237//2246 2265//2276 2264//2275 
f 2236//2245 2264//2275 2263//2274 
f 2235//2244 2263//2274 2073//2273 
f 2110//2272 2111//2302 2262//2271 
f 2234//2241 2262//2271 2261//2270 
f 2233//2240 2261//2270 2260//2269 
f 2232//2239 2260//2269 2259//2268 
f 2231//2238 2259//2268 2258//2267 
f 2230//2237 2258//2267 2257//2266 
f 2229//2236 2257//2266 2256//2265 
f 2228//2235 2256//2265 2255//2264 
f 2227//2234 2255//2264 2254//2263 
f 2226//2233 2254//2263 2253//2262 
f 2225//2232 2253//2262 2252//2261 
f 2224//2231 2252//2261 2251//2260 
f 2223//2230 2251//2260 2250//2259 
f 2222//2229 2250//2259 2249//2258 
f 2221//2228 2249//2258 2248//2257 
f 2220//2227 2248//2257 2247//2256 
f 2219//2226 2247//2256 2246//2255 
f 2218//2225 2246//2255 2245//2254 
f 2217//2224 2245//2254 2244//2253 
f 2216//2223 2244//2253 2243//2252 
f 2215//2222 2243//2252 2242//2251 
f 2214//2221 2242//2251 2241//2250 
f 2213//2220 2241//2250 2240//2249 
f 2212//2219 2240//2249 2239//2248 
f 2211//2218 2239//2248 2238//2247 
f 2210//2217 2238//2247 2237//2246 
f 2209//2216 2237//2246 2236//2245 
f 2208//2215 2236//2245 2235//2244 
f 2207//2214 2235//2244 2074//2243 
f 2109//2242 2110//2272 2234//2241 
f 2206//2211 2234//2241 2233//2240 
f 2205//2210 2233//2240 2232//2239 
f 2204//2209 2232//2239 2231//2238 
f 2203//2208 2231//2238 2230//2237 
f 2202//2207 2230//2237 2229//2236 
f 2201//2206 2229//2236 2228//2235 
f 2200//2205 2228//2235 2227//2234 
f 2199//2204 2227//2234 2226//2233 
f 2198//2203 2226//2233 2225//2232 
f 2197//2202 2225//2232 2224//2231 
f 2196//2201 2224//2231 2223//2230 
f 2195//2200 2223//2230 2222//2229 
f 2194//2199 2222//2229 2221//2228 
f 2193//2198 2221//2228 2220//2227 
f 2192//2197 2220//2227 2219//2226 
f 2191//2196 2219//2226 2218//2225 
f 2190//2195 2218//2225 2217//2224 
f 2189//2194 2217//2224 2216//2223 
f 2188//2193 2216//2223 2215//2222 
f 2187//2192 2215//2222 2214//2221 
f 2186//2191 2214//2221 2213//2220 
f 2185//2190 2213//2220 2212//2219 
f 2184//2189 2212//2219 2211//2218 
f 2183//2188 2211//2218 2210//2217 
f 2182//2187 2210//2217 2209//2216 
f 2181//2186 2209//2216 2208//2215 
f 2180//2185 2208//2215 2207//2214 
f 2179//2184 2207//2214 2075//2213 
f 2108//2212 2109//2242 2206//2211 
f 2178//2181 2206//2211 2205//2210 
f 2177//2179 2205//2210 2204//2209 
f 2176//2177 2204//2209 2203//2208 
f 2175//2175 2203//2208 2202//2207 
f 2174//2173 2202//2207 2201//2206 
f 2173//2171 2201//2206 2200//2205 
f 2172//2169 2200//2205 2199//2204 
f 2171//2167 2199//2204 2198//2203 
f 2170//2165 2198//2203 2197//2202 
f 2169//2163 2197//2202 2196//2201 
f 2168//2161 2196//2201 2195//2200 
f 2167//2159 2195//2200 2194//2199 
f 2166//2157 2194//2199 2193//2198 
f 2165//2155 2193//2198 2192//2197 
f 2164//2153 2192//2197 2191//2196 
f 2163//2151 2191//2196 2190//2195 
f 2162//2149 2190//2195 2189//2194 
f 2161//2147 2189//2194 2188//2193 
f 2160//2145 2188//2193 2187//2192 
f 2159//2143 2187//2192 2186//2191 
f 2158//2141 2186//2191 2185//2190 
f 2157//2139 2185//2190 2184//2189 
f 2156//2137 2184//2189 2183//2188 
f 2155//2135 2183//2188 2182//2187 
f 2154//2133 2182//2187 2181//2186 
f 2153//2131 2181//2186 2180//2185 
f 2152//2129 2180//2185 2179//2184 
f 2151//2127 2179//2184 2076//2183 
f 2107//2182 2108//2212 2178//2181 
f 2106//2180 2178//2181 2177//2179 
f 2105//2178 2177//2179 2176//2177 
f 2104//2176 2176//2177 2175//2175 
f 2103//2174 2175//2175 2174//2173 
f 2102//2172 2174//2173 2173//2171 
f 2101//2170 2173//2171 2172//2169 
f 2100//2168 2172//2169 2171//2167 
f 2099//2166 2171//2167 2170//2165 
f 2098//2164 2170//2165 2169//2163 
f 2097//2162 2169//2163 2168//2161 
f 2096//2160 2168//2161 2167//2159 
f 2095//2158 2167//2159 2166//2157 
f 2094//2156 2166//2157 2165//2155 
f 2093//2154 2165//2155 2164//2153 
f 2092//2152 2164//2153 2163//2151 
f 2091//2150 2163//2151 2162//2149 
f 2090//2148 2162//2149 2161//2147 
f 2089//2146 2161//2147 2160//2145 
f 2088//2144 2160//2145 2159//2143 
f 2087//2142 2159//2143 2158//2141 
f 2086//2140 2158//2141 2157//2139 
f 2085//2138 2157//2139 2156//2137 
f 2084//2136 2156//2137 2155//2135 
f 2083//2134 2155//2135 2154//2133 
f 2082//2132 2154//2133 2153//2131 
f 2081//2130 2153//2131 2152//2129 
f 2080//2128 2152//2129 2151//2127 
f 2079//2126 2151//2127 2077//2125 
o mesh12
f 2108//2575 2107//2576 2543//2576 
f 2543//2576 2544//2577 2108//2575 
f 2109//2578 2108//2575 2545//2579 
f 2545//2579 2546//2580 2109//2578 
f 2110//2581 2109//2578 2547//2582 
f 2547//2582 2548//2583 2110//2581 
f 2111//2584 2110//2581 2549//2585 
f 2549//2585 2550//2586 2111//2584 
f 2112//2587 2111//2584 2551//2588 
f 2551//2588 2552//2589 2112//2587 
f 2113//2590 2112//2587 2553//2591 
f 2553//2591 2554//2592 2113//2590 
f 2114//2593 2113//2590 2555//2594 
f 2115//2595 2114//2593 2556//2596 
f 2116//2597 2115//2595 2557//2598 
f 2117//2599 2116//2597 2558//2600 
f 2118//2601 2117//2599 2559//2602 
f 2119//2603 2118//2601 2560//2604 
f 2120//2605 2119//2603 2561//2606 
f 2149//2607 2120//2605 2562//2608 
f 2150//2609 2149//2607 2563//2610 
f 2563//2610 2564//2609 2150//2609 
f 2562//2608 2563//2610 2149//2607 
f 2561//2606 2562//2608 2120//2605 
f 2560//2604 2561//2606 2119//2603 
f 2559//2602 2560//2604 2118//2601 
f 2558//2600 2559//2602 2117//2599 
f 2557//2598 2558//2600 2116//2597 
f 2556//2596 2557//2598 2115//2595 
f 2555//2594 2556//2596 2114//2593 
f 2554//2592 2555//2594 2113//2590 
f 2552//2589 2553//2591 2112//2587 
f 2550//2586 2551//2588 2111//2584 
f 2548//2583 2549//2585 2110//2581 
f 2546//2580 2547//2582 2109//2578 
f 2544//2577 2545//2579 2108//2575 
o mesh13
f 2565//2611 2544//2611 2543//2612 
f 2543//2612 2566//2612 2565//2611 
f 2567//2613 2545//2613 2544//2611 
f 2546//2614 2545//2613 2567//2613 
f 2567//2613 2568//2614 2546//2614 
f 2569//2615 2547//2615 2546//2614 
f 2570//2616 2548//2616 2547//2615 
f 2547//2615 2569//2615 2570//2616 
f 2571//2617 2549//2617 2548//2616 
f 2550//2618 2549//2617 2571//2617 
f 2571//2617 2572//2618 2550//2618 
f 2573//2619 2551//2619 2550//2618 
f 2574//2620 2552//2620 2551//2619 
f 2574//2620 2553//2621 2552//2620 
f 2551//2619 2573//2619 2574//2620 
f 2575//2622 2554//2622 2553//2621 
f 2575//2622 2555//2623 2554//2622 
f 2553//2621 2576//2624 2575//2622 
f 2556//2625 2555//2623 2577//2626 
f 2578//2627 2557//2627 2556//2625 
f 2579//2628 2558//2628 2557//2627 
f 2559//2629 2558//2628 2579//2628 
f 2580//2630 2560//2630 2559//2629 
f 2561//2631 2560//2630 2580//2630 
f 2562//2632 2561//2631 2581//2631 
f 2563//2633 2562//2632 2582//2632 
f 2583//2634 2564//2634 2563//2633 
f 2563//2633 2584//2633 2583//2634 
f 2582//2632 2584//2633 2563//2633 
f 2581//2631 2582//2632 2562//2632 
f 2580//2630 2581//2631 2561//2631 
f 2559//2629 2585//2635 2580//2630 
f 2579//2628 2585//2635 2559//2629 
f 2557//2627 2578//2627 2579//2628 
f 2556//2625 2586//2636 2578//2627 
f 2577//2626 2586//2636 2556//2625 
f 2575//2622 2577//2626 2555//2623 
f 2574//2620 2576//2624 2553//2621 
f 2572//2618 2573//2619 2550//2618 
f 2570//2616 2571//2617 2548//2616 
f 2568//2614 2569//2615 2546//2614 
f 2565//2611 2567//2613 2544//2611 
o mesh14
f 2587//2637 2040//2637 2039//2638 
f 2588//2638 2039//2638 2038//2639 
f 2589//2639 2038//2639 2036//2640 
f 2590//2640 2036//2640 2037//2641 
f 2591//2641 2037//2641 2025//2642 
f 2592//2642 2025//2642 2024//2643 
f 2593//2643 2024//2643 2026//2644 
f 2594//2644 2026//2644 2028//2645 
f 2595//2645 2028//2645 2027//2646 
f 2596//2646 2027//2646 2017//2647 
f 2597//2647 2017//2647 2016//2648 
f 2598//2648 2016//2648 2014//2649 
f 2599//2649 2014//2649 2013//2650 
f 2600//2650 2013//2650 2015//2651 
f 2601//2651 2015//2651 2010//2652 
f 2010//2652 2602//2652 2601//2651 
f 2015//2651 2601//2651 2600//2650 
f 2013//2650 2600//2650 2599//2649 
f 2014//2649 2599//2649 2598//2648 
f 2016//2648 2598//2648 2597//2647 
f 2017//2647 2597//2647 2596//2646 
f 2027//2646 2596//2646 2595//2645 
f 2028//2645 2595//2645 2594//2644 
f 2026//2644 2594//2644 2593//2643 
f 2024//2643 2593//2643 2592//2642 
f 2025//2642 2592//2642 2591//2641 
f 2037//2641 2591//2641 2590//2640 
f 2036//2640 2590//2640 2589//2639 
f 2038//2639 2589//2639 2588//2638 
f 2039//2638 2588//2638 2587//2637 
o mesh15
f 2603//2652 2583//2652 2584//2653 
f 2604//2653 2584//2653 2582//2654 
f 2605//2654 2582//2654 2581//2655 
f 2606//2655 2581//2655 2580//2656 
f 2607//2656 2580//2656 2585//2657 
f 2608//2657 2585//2657 2579//2658 
f 2609//2658 2579//2658 2578//2659 
f 2610//2659 2578//2659 2586//2660 
f 2611//2660 2586//2660 2577//2661 
f 2612//2661 2577//2661 2575//2662 
f 2575//2662 2613//2663 2612//2661 
f 2613//2663 2576//2663 2574//2664 
f 2574//2664 2614//2665 2613//2663 
f 2614//2665 2573//2665 2572//2666 
f 2572//2666 2615//2667 2614//2665 
f 2615//2667 2571//2667 2570//2668 
f 2570//2668 2616//2669 2615//2667 
f 2616//2669 2569//2669 2568//2670 
f 2568//2670 2617//2671 2616//2669 
f 2617//2671 2567//2671 2565//2672 
f 2565//2672 2618//2673 2617//2671 
f 2565//2672 2566//2673 2618//2673 
f 2568//2670 2567//2671 2617//2671 
f 2570//2668 2569//2669 2616//2669 
f 2572//2666 2571//2667 2615//2667 
f 2574//2664 2573//2665 2614//2665 
f 2575//2662 2576//2663 2613//2663 
f 2577//2661 2612//2661 2611//2660 
f 2586//2660 2611//2660 2610//2659 
f 2578//2659 2610//2659 2609//2658 
f 2579//2658 2609//2658 2608//2657 
f 2585//2657 2608//2657 2607//2656 
f 2580//2656 2607//2656 2606//2655 
f 2581//2655 2606//2655 2605//2654 
f 2582//2654 2605//2654 2604//2653 
f 2584//2653 2604//2653 2603//2652 
o mesh16
f 2080//2674 2083//2674 2082//2674 
f 2080//2674 2085//2674 2084//2674 
f 2078//2674 2087//2674 2086//2674 
f 2085//2674 2080//2674 2079//2674 
f 2084//2674 2083//2674 2080//2674 
f 2078//2674 2088//2674 2087//2674 
f 2082//2674 2081//2674 2080//2674 
f 2078//2674 2089//2674 2088//2674 
f 1996//2674 88//2674 90//2674 
f 1997//2674 86//2674 88//2674 
f 1998//2674 84//2674 86//2674 
f 1999//2674 82//2674 84//2674 
f 2086//2674 2085//2674 2078//2674 
f 2078//2674 2091//2674 2090//2674 
f 2078//2674 2093//2674 2092//2674 
f 2078//2674 2104//2674 2103//2674 
f 2619//2674 2620//2674 2621//2674 
f 2620//2674 2619//2674 2622//2674 
f 2623//2674 2624//2674 2625//2674 
f 1969//2674 28//2674 30//2674 
f 88//2674 1996//2674 1997//2674 
f 84//2674 1998//2674 1999//2674 
f 2090//2674 2089//2674 2078//2674 
f 2078//2674 2094//2674 2093//2674 
f 2103//2674 2102//2674 2078//2674 
f 2622//2674 2626//2674 2620//2674 
f 2623//2674 2627//2674 2624//2674 
f 2623//2674 2628//2674 2629//2674 
f 2618//2674 2630//2674 2631//2674 
f 1969//2674 26//2674 28//2674 
f 1970//2674 24//2674 26//2674 
f 1990//2674 100//2674 102//2674 
f 1991//2674 98//2674 100//2674 
f 1993//2674 94//2674 96//2674 
f 1994//2674 92//2674 94//2674 
f 1995//2674 90//2674 92//2674 
f 86//2674 1997//2674 1998//2674 
f 2040//2674 1966//2674 1967//2674 
f 2040//2674 1963//2674 1964//2674 
f 2092//2674 2091//2674 2078//2674 
f 2078//2674 2096//2674 2095//2674 
f 2078//2674 2100//2674 2099//2674 
f 2102//2674 2101//2674 2078//2674 
f 2078//2674 2107//2674 2106//2674 
f 2625//2674 2619//2674 2623//2674 
f 2623//2674 2632//2674 2628//2674 
f 2618//2674 2633//2674 2634//2674 
f 2618//2674 2635//2674 2636//2674 
f 2618//2674 2637//2674 2638//2674 
f 2618//2674 2639//2674 2630//2674 
f 2566//2674 2640//2674 2641//2674 
f 26//2674 1969//2674 1970//2674 
f 1971//2674 22//2674 24//2674 
f 1972//2674 20//2674 22//2674 
f 1973//2674 18//2674 20//2674 
f 1988//2674 104//2674 106//2674 
f 1989//2674 102//2674 104//2674 
f 100//2674 1990//2674 1991//2674 
f 1992//2674 96//2674 98//2674 
f 94//2674 1993//2674 1994//2674 
f 90//2674 1995//2674 1996//2674 
f 2040//2674 1965//2674 1966//2674 
f 2040//2674 1962//2674 1963//2674 
f 2095//2674 2094//2674 2078//2674 
f 2078//2674 2098//2674 2097//2674 
f 2101//2674 2100//2674 2078//2674 
f 2106//2674 2105//2674 2078//2674 
f 2632//2674 2623//2674 2642//2674 
f 2629//2674 2627//2674 2623//2674 
f 2636//2674 2633//2674 2618//2674 
f 2638//2674 2643//2674 2618//2674 
f 2618//2674 2644//2674 2639//2674 
f 2618//2674 2645//2674 2646//2674 
f 2566//2674 2647//2674 2640//2674 
f 1969//2674 38//2674 40//2674 
f 1969//2674 32//2674 34//2674 
f 24//2674 1970//2674 1971//2674 
f 20//2674 1972//2674 1973//2674 
f 1974//2674 16//2674 18//2674 
f 1987//2674 106//2674 108//2674 
f 104//2674 1988//2674 1989//2674 
f 98//2674 1991//2674 1992//2674 
f 92//2674 1994//2674 1995//2674 
f 2004//2674 72//2674 74//2674 
f 2004//2674 66//2674 68//2674 
f 2004//2674 62//2674 64//2674 
f 1964//2674 1965//2674 2040//2674 
f 2097//2674 2096//2674 2078//2674 
f 2105//2674 2104//2674 2078//2674 
f 2621//2674 2623//2674 2619//2674 
f 2643//2674 2635//2674 2618//2674 
f 2646//2674 2644//2674 2618//2674 
f 2641//2674 2648//2674 2566//2674 
f 2004//2674 2005//2674 2040//2674 
f 2040//2674 44//2674 46//2674 
f 1969//2674 36//2674 38//2674 
f 30//2674 32//2674 1969//2674 
f 18//2674 1973//2674 1974//2674 
f 1975//2674 14//2674 16//2674 
f 1976//2674 12//2674 14//2674 
f 1977//2674 10//2674 12//2674 
f 1985//2674 110//2674 112//2674 
f 1986//2674 108//2674 110//2674 
f 106//2674 1987//2674 1988//2674 
f 96//2674 1992//2674 1993//2674 
f 2000//2674 80//2674 82//2674 
f 2001//2674 78//2674 80//2674 
f 2002//2674 76//2674 78//2674 
f 2003//2674 74//2674 76//2674 
f 2004//2674 70//2674 72//2674 
f 64//2674 66//2674 2004//2674 
f 1967//2674 1968//2674 2040//2674 
f 2040//2674 1961//2674 1960//2674 
f 2543//2674 2107//2674 2078//2674 
f 2099//2674 2098//2674 2078//2674 
f 2566//2674 2649//2674 2650//2674 
f 2634//2674 2632//2674 2618//2674 
f 2618//2674 2651//2674 2645//2674 
f 2566//2674 2652//2674 2653//2674 
f 2566//2674 2654//2674 2655//2674 
f 2566//2674 2656//2674 2647//2674 
f 2040//2674 50//2674 52//2674 
f 46//2674 48//2674 2040//2674 
f 34//2674 36//2674 1969//2674 
f 16//2674 1974//2674 1975//2674 
f 12//2674 1976//2674 1977//2674 
f 1978//2674 8//2674 10//2674 
f 1979//2674 6//2674 8//2674 
f 1980//2674 4//2674 6//2674 
f 1984//2674 112//2674 114//2674 
f 110//2674 1985//2674 1986//2674 
f 102//2674 1989//2674 1990//2674 
f 80//2674 2000//2674 2001//2674 
f 76//2674 2002//2674 2003//2674 
f 68//2674 70//2674 2004//2674 
f 1960//2674 1962//2674 2040//2674 
f 1961//2674 2040//2674 2035//2674 
f 2040//2674 2543//2674 2041//2674 
f 2079//2674 2078//2674 2085//2674 
f 2650//2674 2657//2674 2566//2674 
f 2566//2674 2587//2674 2658//2674 
f 2631//2674 2637//2674 2618//2674 
f 2618//2674 2659//2674 2660//2674 
f 2653//2674 2661//2674 2566//2674 
f 2648//2674 2654//2674 2566//2674 
f 48//2674 50//2674 2040//2674 
f 1969//2674 42//2674 44//2674 
f 22//2674 1971//2674 1972//2674 
f 10//2674 1977//2674 1978//2674 
f 6//2674 1979//2674 1980//2674 
f 1981//2674 1//2674 4//2674 
f 1983//2674 114//2674 2//2674 
f 112//2674 1984//2674 1985//2674 
f 82//2674 1999//2674 2000//2674 
f 74//2674 2003//2674 2004//2674 
f 2004//2674 56//2674 58//2674 
f 2035//2674 2007//2674 1961//2674 
f 2078//2674 2041//2674 2543//2674 
f 2658//2674 2649//2674 2566//2674 
f 2587//2674 2566//2674 2543//2674 
f 2660//2674 2651//2674 2618//2674 
f 2662//2674 2618//2674 2566//2674 
f 2655//2674 2652//2674 2566//2674 
f 44//2674 2040//2674 1969//2674 
f 14//2674 1975//2674 1976//2674 
f 4//2674 1980//2674 1981//2674 
f 1982//2674 2//2674 1//2674 
f 114//2674 1983//2674 1984//2674 
f 78//2674 2001//2674 2002//2674 
f 58//2674 60//2674 2004//2674 
f 2004//2674 52//2674 54//2674 
f 2041//2674 2035//2674 2040//2674 
f 2543//2674 2040//2674 2587//2674 
f 2618//2674 2662//2674 2659//2674 
f 2661//2674 2663//2674 2566//2674 
f 40//2674 42//2674 1969//2674 
f 1//2674 1981//2674 1982//2674 
f 108//2674 1986//2674 1987//2674 
f 54//2674 56//2674 2004//2674 
f 2657//2674 2656//2674 2566//2674 
f 2566//2674 2663//2674 2662//2674 
f 8//2674 1978//2674 1979//2674 
f 60//2674 62//2674 2004//2674 
f 2642//2674 2618//2674 2632//2674 
f 2//2674 1982//2674 1983//2674 
f 2040//2674 52//2674 2004//2674 
f 1968//2674 1969//2674 2040//2674 
o mesh17
f 2664//2675 2665//2675 2666//2675 
f 2665//2675 2667//2675 2668//2675 
f 2665//2675 2669//2675 2670//2675 
f 2671//2675 2672//2675 2673//2675 
f 2666//2675 2674//2675 2664//2675 
f 2583//2675 2675//2675 2676//2675 
f 2665//2675 2677//2675 2667//2675 
f 2670//2675 2678//2675 2665//2675 
f 2673//2675 2679//2675 2671//2675 
f 2674//2675 2680//2675 2664//2675 
f 2148//2675 2134//2675 2135//2675 
f 2583//2675 2681//2675 2682//2675 
f 2676//2675 2683//2675 2583//2675 
f 2665//2675 2684//2675 2685//2675 
f 2678//2675 2677//2675 2665//2675 
f 2665//2675 2664//2675 2686//2675 
f 2680//2675 2672//2675 2664//2675 
f 2141//2675 2146//2675 2147//2675 
f 2141//2675 2143//2675 2144//2675 
f 2148//2675 2137//2675 2138//2675 
f 2148//2675 2133//2675 2134//2675 
f 2683//2675 2681//2675 2583//2675 
f 2668//2675 2684//2675 2665//2675 
f 2671//2675 2664//2675 2672//2675 
f 2687//2675 2688//2675 2689//2675 
f 2687//2675 2690//2675 2691//2675 
f 2687//2675 2692//2675 2693//2675 
f 2687//2675 2694//2675 2695//2675 
f 2687//2675 2696//2675 2697//2675 
f 2141//2675 2145//2675 2146//2675 
f 2141//2675 2142//2675 2143//2675 
f 2148//2675 2139//2675 2140//2675 
f 2148//2675 2136//2675 2137//2675 
f 2148//2675 2132//2675 2133//2675 
f 2148//2675 2129//2675 2130//2675 
f 2148//2675 2127//2675 2128//2675 
f 2148//2675 2125//2675 2126//2675 
f 2148//2675 2121//2675 2122//2675 
f 2583//2675 2698//2675 2699//2675 
f 2583//2675 2700//2675 2675//2675 
f 2583//2675 2701//2675 2702//2675 
f 2686//2675 2669//2675 2665//2675 
f 2691//2675 2688//2675 2687//2675 
f 2695//2675 2692//2675 2687//2675 
f 2687//2675 2603//2675 2696//2675 
f 2144//2675 2145//2675 2141//2675 
f 2138//2675 2139//2675 2148//2675 
f 2148//2675 2131//2675 2132//2675 
f 2128//2675 2129//2675 2148//2675 
f 2148//2675 2124//2675 2125//2675 
f 2122//2675 2123//2675 2148//2675 
f 2699//2675 2703//2675 2583//2675 
f 2702//2675 2700//2675 2583//2675 
f 2689//2675 2665//2675 2687//2675 
f 2697//2675 2694//2675 2687//2675 
f 2583//2675 2704//2675 2705//2675 
f 2140//2675 2141//2675 2148//2675 
f 2130//2675 2131//2675 2148//2675 
f 2123//2675 2124//2675 2148//2675 
f 2682//2675 2698//2675 2583//2675 
f 2706//2675 2701//2675 2583//2675 
f 2693//2675 2690//2675 2687//2675 
f 2583//2675 2707//2675 2602//2675 
f 2583//2675 2708//2675 2704//2675 
f 2135//2675 2136//2675 2148//2675 
f 2148//2675 2063//2675 2121//2675 
f 2583//2675 2603//2675 2706//2675 
f 2685//2675 2687//2675 2665//2675 
f 2705//2675 2707//2675 2583//2675 
f 2126//2675 2127//2675 2148//2675 
f 2687//2675 2706//2675 2603//2675 
f 2602//2675 2062//2675 2564//2675 
f 2147//2675 2148//2675 2141//2675 
f 2150//2675 2564//2675 2062//2675 
f 2602//2675 2564//2675 2583//2675 
f 2062//2675 2063//2675 2150//2675 
f 2148//2675 2150//2675 2063//2675 
f 2010//2675 2009//2675 2062//2675 
f 2062//2675 2602//2675 2010//2675 
f 2703//2675 2708//2675 2583//2675 
o mesh18
f 2709//2676 2663//2677 2661//2678 
f 2723//2679 2661//2678 2653//2680 
f 2724//2681 2653//2680 2652//2682 
f 2725//2683 2652//2682 2655//2684 
f 2726//2685 2655//2684 2654//2686 
f 2727//2687 2654//2686 2648//2688 
f 2728//2689 2648//2688 2641//2690 
f 2729//2691 2641//2690 2640//2692 
f 2730//2693 2640//2692 2647//2694 
f 2731//2695 2647//2694 2656//2696 
f 2732//2697 2656//2696 2657//2698 
f 2733//2699 2657//2698 2650//2700 
f 2734//2701 2650//2700 2649//2702 
f 2735//2703 2649//2702 2658//2704 
f 2736//2705 2658//2704 2587//2706 
f 2710//2707 2709//2676 2723//2679 
f 2737//2708 2723//2679 2724//2681 
f 2738//2709 2724//2681 2725//2683 
f 2739//2710 2725//2683 2726//2685 
f 2740//2711 2726//2685 2727//2687 
f 2741//2712 2727//2687 2728//2689 
f 2742//2713 2728//2689 2729//2691 
f 2743//2714 2729//2691 2730//2693 
f 2744//2715 2730//2693 2731//2695 
f 2745//2716 2731//2695 2732//2697 
f 2746//2717 2732//2697 2733//2699 
f 2747//2718 2733//2699 2734//2701 
f 2748//2719 2734//2701 2735//2703 
f 2749//2720 2735//2703 2736//2705 
f 2750//2721 2736//2705 2588//2722 
f 2711//2723 2710//2707 2737//2708 
f 2751//2724 2737//2708 2738//2709 
f 2752//2725 2738//2709 2739//2710 
f 2753//2726 2739//2710 2740//2711 
f 2754//2727 2740//2711 2741//2712 
f 2755//2728 2741//2712 2742//2713 
f 2756//2729 2742//2713 2743//2714 
f 2757//2730 2743//2714 2744//2715 
f 2758//2731 2744//2715 2745//2716 
f 2759//2732 2745//2716 2746//2717 
f 2760//2733 2746//2717 2747//2718 
f 2761//2734 2747//2718 2748//2719 
f 2762//2735 2748//2719 2749//2720 
f 2763//2736 2749//2720 2750//2721 
f 2764//2737 2750//2721 2589//2738 
f 2712//2739 2711//2723 2751//2724 
f 2765//2740 2751//2724 2752//2725 
f 2766//2741 2752//2725 2753//2726 
f 2767//2742 2753//2726 2754//2727 
f 2768//2743 2754//2727 2755//2728 
f 2769//2744 2755//2728 2756//2729 
f 2770//2745 2756//2729 2757//2730 
f 2771//2746 2757//2730 2758//2731 
f 2772//2747 2758//2731 2759//2732 
f 2773//2748 2759//2732 2760//2733 
f 2774//2749 2760//2733 2761//2734 
f 2775//2750 2761//2734 2762//2735 
f 2776//2751 2762//2735 2763//2736 
f 2777//2752 2763//2736 2764//2737 
f 2778//2753 2764//2737 2590//2754 
f 2713//2755 2712//2739 2765//2740 
f 2779//2756 2765//2740 2766//2741 
f 2780//2757 2766//2741 2767//2742 
f 2781//2758 2767//2742 2768//2743 
f 2782//2759 2768//2743 2769//2744 
f 2783//2760 2769//2744 2770//2745 
f 2784//2761 2770//2745 2771//2746 
f 2785//2762 2771//2746 2772//2747 
f 2786//2763 2772//2747 2773//2748 
f 2787//2764 2773//2748 2774//2749 
f 2788//2765 2774//2749 2775//2750 
f 2789//2766 2775//2750 2776//2751 
f 2790//2767 2776//2751 2777//2752 
f 2791//2768 2777//2752 2778//2753 
f 2792//2769 2778//2753 2591//2770 
f 2714//2771 2713//2755 2779//2756 
f 2793//2772 2779//2756 2780//2757 
f 2794//2773 2780//2757 2781//2758 
f 2795//2774 2781//2758 2782//2759 
f 2796//2775 2782//2759 2783//2760 
f 2797//2776 2783//2760 2784//2761 
f 2798//2777 2784//2761 2785//2762 
f 2799//2778 2785//2762 2786//2763 
f 2800//2779 2786//2763 2787//2764 
f 2801//2780 2787//2764 2788//2765 
f 2802//2781 2788//2765 2789//2766 
f 2803//2782 2789//2766 2790//2767 
f 2804//2783 2790//2767 2791//2768 
f 2805//2784 2791//2768 2792//2769 
f 2806//2785 2792//2769 2592//2786 
f 2715//2787 2714//2771 2793//2772 
f 2807//2788 2793//2772 2794//2773 
f 2808//2789 2794//2773 2795//2774 
f 2809//2790 2795//2774 2796//2775 
f 2810//2791 2796//2775 2797//2776 
f 2811//2792 2797//2776 2798//2777 
f 2812//2793 2798//2777 2799//2778 
f 2813//2794 2799//2778 2800//2779 
f 2814//2795 2800//2779 2801//2780 
f 2815//2796 2801//2780 2802//2781 
f 2816//2797 2802//2781 2803//2782 
f 2817//2798 2803//2782 2804//2783 
f 2818//2799 2804//2783 2805//2784 
f 2819//2800 2805//2784 2806//2785 
f 2820//2801 2806//2785 2593//2802 
f 2716//2803 2715//2787 2807//2788 
f 2821//2804 2807//2788 2808//2789 
f 2822//2805 2808//2789 2809//2790 
f 2823//2806 2809//2790 2810//2791 
f 2824//2807 2810//2791 2811//2792 
f 2825//2808 2811//2792 2812//2793 
f 2826//2809 2812//2793 2813//2794 
f 2827//2810 2813//2794 2814//2795 
f 2828//2811 2814//2795 2815//2796 
f 2829//2812 2815//2796 2816//2797 
f 2830//2813 2816//2797 2817//2798 
f 2831//2814 2817//2798 2818//2799 
f 2832//2815 2818//2799 2819//2800 
f 2833//2816 2819//2800 2820//2801 
f 2834//2817 2820//2801 2594//2818 
f 2717//2819 2716//2803 2821//2804 
f 2835//2820 2821//2804 2822//2805 
f 2836//2821 2822//2805 2823//2806 
f 2837//2822 2823//2806 2824//2807 
f 2838//2823 2824//2807 2825//2808 
f 2839//2824 2825//2808 2826//2809 
f 2840//2825 2826//2809 2827//2810 
f 2841//2826 2827//2810 2828//2811 
f 2842//2827 2828//2811 2829//2812 
f 2843//2828 2829//2812 2830//2813 
f 2844//2829 2830//2813 2831//2814 
f 2845//2830 2831//2814 2832//2815 
f 2846//2831 2832//2815 2833//2816 
f 2847//2832 2833//2816 2834//2817 
f 2848//2833 2834//2817 2595//2834 
f 2718//2835 2717//2819 2835//2820 
f 2849//2836 2835//2820 2836//2821 
f 2850//2837 2836//2821 2837//2822 
f 2851//2838 2837//2822 2838//2823 
f 2852//2839 2838//2823 2839//2824 
f 2853//2840 2839//2824 2840//2825 
f 2854//2841 2840//2825 2841//2826 
f 2855//2842 2841//2826 2842//2827 
f 2856//2843 2842//2827 2843//2828 
f 2857//2844 2843//2828 2844//2829 
f 2858//2845 2844//2829 2845//2830 
f 2859//2846 2845//2830 2846//2831 
f 2860//2847 2846//2831 2847//2832 
f 2861//2848 2847//2832 2848//2833 
f 2862//2849 2848//2833 2596//2850 
f 2719//2851 2718//2835 2849//2836 
f 2863//2852 2849//2836 2850//2837 
f 2864//2853 2850//2837 2851//2838 
f 2865//2854 2851//2838 2852//2839 
f 2866//2855 2852//2839 2853//2840 
f 2867//2856 2853//2840 2854//2841 
f 2868//2857 2854//2841 2855//2842 
f 2869//2858 2855//2842 2856//2843 
f 2870//2859 2856//2843 2857//2844 
f 2871//2860 2857//2844 2858//2845 
f 2872//2861 2858//2845 2859//2846 
f 2873//2862 2859//2846 2860//2847 
f 2874//2863 2860//2847 2861//2848 
f 2875//2864 2861//2848 2862//2849 
f 2876//2865 2862//2849 2597//2866 
f 2720//2867 2719//2851 2863//2852 
f 2877//2868 2863//2852 2864//2853 
f 2878//2869 2864//2853 2865//2854 
f 2879//2870 2865//2854 2866//2855 
f 2880//2871 2866//2855 2867//2856 
f 2881//2872 2867//2856 2868//2857 
f 2882//2873 2868//2857 2869//2858 
f 2883//2874 2869//2858 2870//2859 
f 2884//2875 2870//2859 2871//2860 
f 2885//2876 2871//2860 2872//2861 
f 2886//2877 2872//2861 2873//2862 
f 2887//2878 2873//2862 2874//2863 
f 2888//2879 2874//2863 2875//2864 
f 2889//2880 2875//2864 2876//2865 
f 2890//2881 2876//2865 2598//2882 
f 2721//2883 2720//2867 2877//2868 
f 2891//2884 2877//2868 2878//2869 
f 2892//2885 2878//2869 2879//2870 
f 2893//2886 2879//2870 2880//2871 
f 2894//2887 2880//2871 2881//2872 
f 2895//2888 2881//2872 2882//2873 
f 2896//2889 2882//2873 2883//2874 
f 2897//2890 2883//2874 2884//2875 
f 2898//2891 2884//2875 2885//2876 
f 2899//2892 2885//2876 2886//2877 
f 2900//2893 2886//2877 2887//2878 
f 2901//2894 2887//2878 2888//2879 
f 2902//2895 2888//2879 2889//2880 
f 2903//2896 2889//2880 2890//2881 
f 2904//2897 2890//2881 2599//2898 
f 2722//2899 2721//2883 2891//2884 
f 2905//2900 2891//2884 2892//2885 
f 2906//2901 2892//2885 2893//2886 
f 2907//2902 2893//2886 2894//2887 
f 2908//2903 2894//2887 2895//2888 
f 2909//2904 2895//2888 2896//2889 
f 2910//2905 2896//2889 2897//2890 
f 2911//2906 2897//2890 2898//2891 
f 2912//2907 2898//2891 2899//2892 
f 2913//2908 2899//2892 2900//2893 
f 2914//2909 2900//2893 2901//2894 
f 2915//2910 2901//2894 2902//2895 
f 2916//2911 2902//2895 2903//2896 
f 2917//2912 2903//2896 2904//2897 
f 2918//2913 2904//2897 2600//2914 
f 2701//2915 2722//2899 2905//2900 
f 2702//2915 2905//2900 2906//2901 
f 2700//2915 2906//2901 2907//2902 
f 2675//2915 2907//2902 2908//2903 
f 2676//2915 2908//2903 2909//2904 
f 2683//2915 2909//2904 2910//2905 
f 2681//2915 2910//2905 2911//2906 
f 2682//2915 2911//2906 2912//2907 
f 2698//2915 2912//2907 2913//2908 
f 2699//2915 2913//2908 2914//2909 
f 2703//2915 2914//2909 2915//2910 
f 2708//2915 2915//2910 2916//2911 
f 2704//2915 2916//2911 2917//2912 
f 2705//2915 2917//2912 2918//2913 
f 2707//2915 2918//2913 2601//2916 
f 2601//2916 2602//2915 2707//2915 
f 2918//2913 2707//2915 2705//2915 
f 2917//2912 2705//2915 2704//2915 
f 2916//2911 2704//2915 2708//2915 
f 2915//2910 2708//2915 2703//2915 
f 2914//2909 2703//2915 2699//2915 
f 2913//2908 2699//2915 2698//2915 
f 2912//2907 2698//2915 2682//2915 
f 2911//2906 2682//2915 2681//2915 
f 2910//2905 2681//2915 2683//2915 
f 2909//2904 2683//2915 2676//2915 
f 2908//2903 2676//2915 2675//2915 
f 2907//2902 2675//2915 2700//2915 
f 2906//2901 2700//2915 2702//2915 
f 2905//2900 2702//2915 2701//2915 
f 2600//2914 2601//2916 2918//2913 
f 2904//2897 2918//2913 2917//2912 
f 2903//2896 2917//2912 2916//2911 
f 2902//2895 2916//2911 2915//2910 
f 2901//2894 2915//2910 2914//2909 
f 2900//2893 2914//2909 2913//2908 
f 2899//2892 2913//2908 2912//2907 
f 2898//2891 2912//2907 2911//2906 
f 2897//2890 2911//2906 2910//2905 
f 2896//2889 2910//2905 2909//2904 
f 2895//2888 2909//2904 2908//2903 
f 2894//2887 2908//2903 2907//2902 
f 2893//2886 2907//2902 2906//2901 
f 2892//2885 2906//2901 2905//2900 
f 2891//2884 2905//2900 2722//2899 
f 2599//2898 2600//2914 2904//2897 
f 2890//2881 2904//2897 2903//2896 
f 2889//2880 2903//2896 2902//2895 
f 2888//2879 2902//2895 2901//2894 
f 2887//2878 2901//2894 2900//2893 
f 2886//2877 2900//2893 2899//2892 
f 2885//2876 2899//2892 2898//2891 
f 2884//2875 2898//2891 2897//2890 
f 2883//2874 2897//2890 2896//2889 
f 2882//2873 2896//2889 2895//2888 
f 2881//2872 2895//2888 2894//2887 
f 2880//2871 2894//2887 2893//2886 
f 2879//2870 2893//2886 2892//2885 
f 2878//2869 2892//2885 2891//2884 
f 2877//2868 2891//2884 2721//2883 
f 2598//2882 2599//2898 2890//2881 
f 2876//2865 2890//2881 2889//2880 
f 2875//2864 2889//2880 2888//2879 
f 2874//2863 2888//2879 2887//2878 
f 2873//2862 2887//2878 2886//2877 
f 2872//2861 2886//2877 2885//2876 
f 2871//2860 2885//2876 2884//2875 
f 2870//2859 2884//2875 2883//2874 
f 2869//2858 2883//2874 2882//2873 
f 2868//2857 2882//2873 2881//2872 
f 2867//2856 2881//2872 2880//2871 
f 2866//2855 2880//2871 2879//2870 
f 2865//2854 2879//2870 2878//2869 
f 2864//2853 2878//2869 2877//2868 
f 2863//2852 2877//2868 2720//2867 
f 2597//2866 2598//2882 2876//2865 
f 2862//2849 2876//2865 2875//2864 
f 2861//2848 2875//2864 2874//2863 
f 2860//2847 2874//2863 2873//2862 
f 2859//2846 2873//2862 2872//2861 
f 2858//2845 2872//2861 2871//2860 
f 2857//2844 2871//2860 2870//2859 
f 2856//2843 2870//2859 2869//2858 
f 2855//2842 2869//2858 2868//2857 
f 2854//2841 2868//2857 2867//2856 
f 2853//2840 2867//2856 2866//2855 
f 2852//2839 2866//2855 2865//2854 
f 2851//2838 2865//2854 2864//2853 
f 2850//2837 2864//2853 2863//2852 
f 2849//2836 2863//2852 2719//2851 
f 2596//2850 2597//2866 2862//2849 
f 2848//2833 2862//2849 2861//2848 
f 2847//2832 2861//2848 2860//2847 
f 2846//2831 2860//2847 2859//2846 
f 2845//2830 2859//2846 2858//2845 
f 2844//2829 2858//2845 2857//2844 
f 2843//2828 2857//2844 2856//2843 
f 2842//2827 2856//2843 2855//2842 
f 2841//2826 2855//2842 2854//2841 
f 2840//2825 2854//2841 2853//2840 
f 2839//2824 2853//2840 2852//2839 
f 2838//2823 2852//2839 2851//2838 
f 2837//2822 2851//2838 2850//2837 
f 2836//2821 2850//2837 2849//2836 
f 2835//2820 2849//2836 2718//2835 
f 2595//2834 2596//2850 2848//2833 
f 2834//2817 2848//2833 2847//2832 
f 2833//2816 2847//2832 2846//2831 
f 2832//2815 2846//2831 2845//2830 
f 2831//2814 2845//2830 2844//2829 
f 2830//2813 2844//2829 2843//2828 
f 2829//2812 2843//2828 2842//2827 
f 2828//2811 2842//2827 2841//2826 
f 2827//2810 2841//2826 2840//2825 
f 2826//2809 2840//2825 2839//2824 
f 2825//2808 2839//2824 2838//2823 
f 2824//2807 2838//2823 2837//2822 
f 2823//2806 2837//2822 2836//2821 
f 2822//2805 2836//2821 2835//2820 
f 2821//2804 2835//2820 2717//2819 
f 2594//2818 2595//2834 2834//2817 
f 2820//2801 2834//2817 2833//2816 
f 2819//2800 2833//2816 2832//2815 
f 2818//2799 2832//2815 2831//2814 
f 2817//2798 2831//2814 2830//2813 
f 2816//2797 2830//2813 2829//2812 
f 2815//2796 2829//2812 2828//2811 
f 2814//2795 2828//2811 2827//2810 
f 2813//2794 2827//2810 2826//2809 
f 2812//2793 2826//2809 2825//2808 
f 2811//2792 2825//2808 2824//2807 
f 2810//2791 2824//2807 2823//2806 
f 2809//2790 2823//2806 2822//2805 
f 2808//2789 2822//2805 2821//2804 
f 2807//2788 2821//2804 2716//2803 
f 2593//2802 2594//2818 2820//2801 
f 2806//2785 2820//2801 2819//2800 
f 2805//2784 2819//2800 2818//2799 
f 2804//2783 2818//2799 2817//2798 
f 2803//2782 2817//2798 2816//2797 
f 2802//2781 2816//2797 2815//2796 
f 2801//2780 2815//2796 2814//2795 
f 2800//2779 2814//2795 2813//2794 
f 2799//2778 2813//2794 2812//2793 
f 2798//2777 2812//2793 2811//2792 
f 2797//2776 2811//2792 2810//2791 
f 2796//2775 2810//2791 2809//2790 
f 2795//2774 2809//2790 2808//2789 
f 2794//2773 2808//2789 2807//2788 
f 2793//2772 2807//2788 2715//2787 
f 2592//2786 2593//2802 2806//2785 
f 2792//2769 2806//2785 2805//2784 
f 2791//2768 2805//2784 2804//2783 
f 2790//2767 2804//2783 2803//2782 
f 2789//2766 2803//2782 2802//2781 
f 2788//2765 2802//2781 2801//2780 
f 2787//2764 2801//2780 2800//2779 
f 2786//2763 2800//2779 2799//2778 
f 2785//2762 2799//2778 2798//2777 
f 2784//2761 2798//2777 2797//2776 
f 2783//2760 2797//2776 2796//2775 
f 2782//2759 2796//2775 2795//2774 
f 2781//2758 2795//2774 2794//2773 
f 2780//2757 2794//2773 2793//2772 
f 2779//2756 2793//2772 2714//2771 
f 2591//2770 2592//2786 2792//2769 
f 2778//2753 2792//2769 2791//2768 
f 2777//2752 2791//2768 2790//2767 
f 2776//2751 2790//2767 2789//2766 
f 2775//2750 2789//2766 2788//2765 
f 2774//2749 2788//2765 2787//2764 
f 2773//2748 2787//2764 2786//2763 
f 2772//2747 2786//2763 2785//2762 
f 2771//2746 2785//2762 2784//2761 
f 2770//2745 2784//2761 2783//2760 
f 2769//2744 2783//2760 2782//2759 
f 2768//2743 2782//2759 2781//2758 
f 2767//2742 2781//2758 2780//2757 
f 2766//2741 2780//2757 2779//2756 
f 2765//2740 2779//2756 2713//2755 
f 2590//2754 2591//2770 2778//2753 
f 2764//2737 2778//2753 2777//2752 
f 2763//2736 2777//2752 2776//2751 
f 2762//2735 2776//2751 2775//2750 
f 2761//2734 2775//2750 2774//2749 
f 2760//2733 2774//2749 2773//2748 
f 2759//2732 2773//2748 2772//2747 
f 2758//2731 2772//2747 2771//2746 
f 2757//2730 2771//2746 2770//2745 
f 2756//2729 2770//2745 2769//2744 
f 2755//2728 2769//2744 2768//2743 
f 2754//2727 2768//2743 2767//2742 
f 2753//2726 2767//2742 2766//2741 
f 2752//2725 2766//2741 2765//2740 
f 2751//2724 2765//2740 2712//2739 
f 2589//2738 2590//2754 2764//2737 
f 2750//2721 2764//2737 2763//2736 
f 2749//2720 2763//2736 2762//2735 
f 2748//2719 2762//2735 2761//2734 
f 2747//2718 2761//2734 2760//2733 
f 2746//2717 2760//2733 2759//2732 
f 2745//2716 2759//2732 2758//2731 
f 2744//2715 2758//2731 2757//2730 
f 2743//2714 2757//2730 2756//2729 
f 2742//2713 2756//2729 2755//2728 
f 2741//2712 2755//2728 2754//2727 
f 2740//2711 2754//2727 2753//2726 
f 2739//2710 2753//2726 2752//2725 
f 2738//2709 2752//2725 2751//2724 
f 2737//2708 2751//2724 2711//2723 
f 2588//2722 2589//2738 2750//2721 
f 2736//2705 2750//2721 2749//2720 
f 2735//2703 2749//2720 2748//2719 
f 2734//2701 2748//2719 2747//2718 
f 2733//2699 2747//2718 2746//2717 
f 2732//2697 2746//2717 2745//2716 
f 2731//2695 2745//2716 2744//2715 
f 2730//2693 2744//2715 2743//2714 
f 2729//2691 2743//2714 2742//2713 
f 2728//2689 2742//2713 2741//2712 
f 2727//2687 2741//2712 2740//2711 
f 2726//2685 2740//2711 2739//2710 
f 2725//2683 2739//2710 2738//2709 
f 2724//2681 2738//2709 2737//2708 
f 2723//2679 2737//2708 2710//2707 
f 2587//2706 2588//2722 2736//2705 
f 2658//2704 2736//2705 2735//2703 
f 2649//2702 2735//2703 2734//2701 
f 2650//2700 2734//2701 2733//2699 
f 2657//2698 2733//2699 2732//2697 
f 2656//2696 2732//2697 2731//2695 
f 2647//2694 2731//2695 2730//2693 
f 2640//2692 2730//2693 2729//2691 
f 2641//2690 2729//2691 2728//2689 
f 2648//2688 2728//2689 2727//2687 
f 2654//2686 2727//2687 2726//2685 
f 2655//2684 2726//2685 2725//2683 
f 2652//2682 2725//2683 2724//2681 
f 2653//2680 2724//2681 2723//2679 
f 2661//2678 2723//2679 2709//2676 
o mesh19
f 2617//2917 2618//2918 2642//2919 
f 2951//2920 2642//2919 2623//2921 
f 2952//2922 2623//2921 2621//2923 
f 2953//2924 2621//2923 2620//2925 
f 2954//2926 2620//2925 2626//2927 
f 2955//2928 2626//2927 2622//2929 
f 2956//2930 2622//2929 2619//2931 
f 2957//2932 2619//2931 2625//2933 
f 2958//2934 2625//2933 2624//2935 
f 2959//2936 2624//2935 2627//2937 
f 2960//2938 2627//2937 2629//2939 
f 2961//2940 2629//2939 2628//2941 
f 2962//2942 2628//2941 2632//2943 
f 2963//2944 2632//2943 2634//2945 
f 2964//2946 2634//2945 2633//2947 
f 2965//2948 2633//2947 2636//2949 
f 2966//2950 2636//2949 2635//2951 
f 2967//2952 2635//2951 2643//2953 
f 2968//2954 2643//2953 2638//2955 
f 2969//2956 2638//2955 2637//2957 
f 2970//2958 2637//2957 2631//2959 
f 2971//2960 2631//2959 2630//2961 
f 2972//2962 2630//2961 2639//2963 
f 2973//2964 2639//2963 2644//2965 
f 2974//2966 2644//2965 2646//2967 
f 2975//2968 2646//2967 2645//2969 
f 2976//2970 2645//2969 2651//2971 
f 2977//2972 2651//2971 2660//2973 
f 2978//2974 2660//2973 2659//2975 
f 2616//2976 2617//2917 2951//2920 
f 2979//2977 2951//2920 2952//2922 
f 2980//2978 2952//2922 2953//2924 
f 2981//2979 2953//2924 2954//2926 
f 2982//2980 2954//2926 2955//2928 
f 2983//2981 2955//2928 2956//2930 
f 2984//2982 2956//2930 2957//2932 
f 2985//2983 2957//2932 2958//2934 
f 2986//2984 2958//2934 2959//2936 
f 2987//2985 2959//2936 2960//2938 
f 2988//2986 2960//2938 2961//2940 
f 2989//2987 2961//2940 2962//2942 
f 2990//2988 2962//2942 2963//2944 
f 2991//2989 2963//2944 2964//2946 
f 2992//2990 2964//2946 2965//2948 
f 2993//2991 2965//2948 2966//2950 
f 2994//2992 2966//2950 2967//2952 
f 2995//2993 2967//2952 2968//2954 
f 2996//2994 2968//2954 2969//2956 
f 2997//2995 2969//2956 2970//2958 
f 2998//2996 2970//2958 2971//2960 
f 2999//2997 2971//2960 2972//2962 
f 3000//2998 2972//2962 2973//2964 
f 3001//2999 2973//2964 2974//2966 
f 3002//3000 2974//2966 2975//2968 
f 3003//3001 2975//2968 2976//2970 
f 3004//3002 2976//2970 2977//2972 
f 3005//3003 2977//2972 2978//2974 
f 3006//3004 2978//2974 3007//3005 
f 2615//3006 2616//2976 2979//2977 
f 3008//3007 2979//2977 2980//2978 
f 3009//3008 2980//2978 2981//2979 
f 3010//3009 2981//2979 2982//2980 
f 3011//3010 2982//2980 2983//2981 
f 3012//3011 2983//2981 2984//2982 
f 3013//3012 2984//2982 2985//2983 
f 3014//3013 2985//2983 2986//2984 
f 3015//3014 2986//2984 2987//2985 
f 3016//3015 2987//2985 2988//2986 
f 3017//3016 2988//2986 2989//2987 
f 3018//3017 2989//2987 2990//2988 
f 3019//3018 2990//2988 2991//2989 
f 3020//3019 2991//2989 2992//2990 
f 3021//3020 2992//2990 2993//2991 
f 3022//3021 2993//2991 2994//2992 
f 3023//3022 2994//2992 2995//2993 
f 3024//3023 2995//2993 2996//2994 
f 3025//3024 2996//2994 2997//2995 
f 3026//3025 2997//2995 2998//2996 
f 3027//3026 2998//2996 2999//2997 
f 3028//3027 2999//2997 3000//2998 
f 3029//3028 3000//2998 3001//2999 
f 3030//3029 3001//2999 3002//3000 
f 3031//3030 3002//3000 3003//3001 
f 3032//3031 3003//3001 3004//3002 
f 3033//3032 3004//3002 3005//3003 
f 3034//3033 3005//3003 3006//3004 
f 3035//3034 3006//3004 3036//3035 
f 2614//3036 2615//3006 3008//3007 
f 3037//3037 3008//3007 3009//3008 
f 3038//3038 3009//3008 3010//3009 
f 3039//3039 3010//3009 3011//3010 
f 3040//3040 3011//3010 3012//3011 
f 3041//3041 3012//3011 3013//3012 
f 3042//3042 3013//3012 3014//3013 
f 3043//3043 3014//3013 3015//3014 
f 3044//3044 3015//3014 3016//3015 
f 3045//3045 3016//3015 3017//3016 
f 3046//3046 3017//3016 3018//3017 
f 3047//3047 3018//3017 3019//3018 
f 3048//3048 3019//3018 3020//3019 
f 3049//3049 3020//3019 3021//3020 
f 3050//3050 3021//3020 3022//3021 
f 3051//3051 3022//3021 3023//3022 
f 3052//3052 3023//3022 3024//3023 
f 3053//3053 3024//3023 3025//3024 
f 3054//3054 3025//3024 3026//3025 
f 3055//3055 3026//3025 3027//3026 
f 3056//3056 3027//3026 3028//3027 
f 3057//3057 3028//3027 3029//3028 
f 3058//3058 3029//3028 3030//3029 
f 3059//3059 3030//3029 3031//3030 
f 3060//3060 3031//3030 3032//3031 
f 3061//3061 3032//3031 3033//3032 
f 3062//3062 3033//3032 3034//3033 
f 3063//3063 3034//3033 3035//3034 
f 3064//3064 3035//3034 3065//3065 
f 2613//3066 2614//3036 3037//3037 
f 3066//3067 3037//3037 3038//3038 
f 3067//3068 3038//3038 3039//3039 
f 3068//3069 3039//3039 3040//3040 
f 3069//3070 3040//3040 3041//3041 
f 3070//3071 3041//3041 3042//3042 
f 3071//3072 3042//3042 3043//3043 
f 3072//3073 3043//3043 3044//3044 
f 3073//3074 3044//3044 3045//3045 
f 3074//3075 3045//3045 3046//3046 
f 3075//3076 3046//3046 3047//3047 
f 3076//3077 3047//3047 3048//3048 
f 3077//3078 3048//3048 3049//3049 
f 3078//3079 3049//3049 3050//3050 
f 3079//3080 3050//3050 3051//3051 
f 3080//3081 3051//3051 3052//3052 
f 3081//3082 3052//3052 3053//3053 
f 3082//3083 3053//3053 3054//3054 
f 3083//3084 3054//3054 3055//3055 
f 3084//3085 3055//3055 3056//3056 
f 3085//3086 3056//3056 3057//3057 
f 3086//3087 3057//3057 3058//3058 
f 3087//3088 3058//3058 3059//3059 
f 3088//3089 3059//3059 3060//3060 
f 3089//3090 3060//3060 3061//3061 
f 3090//3091 3061//3061 3062//3062 
f 3091//3092 3062//3062 3063//3063 
f 3092//3093 3063//3063 3064//3064 
f 3093//3094 3064//3064 3094//3095 
f 2612//3096 2613//3066 3066//3067 
f 3095//3097 3066//3067 3067//3068 
f 3096//3098 3067//3068 3068//3069 
f 3097//3099 3068//3069 3069//3070 
f 3098//3100 3069//3070 3070//3071 
f 3099//3101 3070//3071 3071//3072 
f 3100//3102 3071//3072 3072//3073 
f 3101//3103 3072//3073 3073//3074 
f 3102//3104 3073//3074 3074//3075 
f 3103//3105 3074//3075 3075//3076 
f 3104//3106 3075//3076 3076//3077 
f 3105//3107 3076//3077 3077//3078 
f 3106//3108 3077//3078 3078//3079 
f 3107//3109 3078//3079 3079//3080 
f 3108//3110 3079//3080 3080//3081 
f 3109//3111 3080//3081 3081//3082 
f 3110//3112 3081//3082 3082//3083 
f 3111//3113 3082//3083 3083//3084 
f 3112//3114 3083//3084 3084//3085 
f 3113//3115 3084//3085 3085//3086 
f 3114//3116 3085//3086 3086//3087 
f 3115//3117 3086//3087 3087//3088 
f 3116//3118 3087//3088 3088//3089 
f 3117//3119 3088//3089 3089//3090 
f 3118//3120 3089//3090 3090//3091 
f 3119//3121 3090//3091 3091//3092 
f 3120//3122 3091//3092 3092//3093 
f 3121//3123 3092//3093 3093//3094 
f 3122//3124 3093//3094 3123//3125 
f 2611//3126 2612//3096 3095//3097 
f 3124//3127 3095//3097 3096//3098 
f 3125//3128 3096//3098 3097//3099 
f 3126//3129 3097//3099 3098//3100 
f 3127//3130 3098//3100 3099//3101 
f 3128//3131 3099//3101 3100//3102 
f 3129//3132 3100//3102 3101//3103 
f 3130//3133 3101//3103 3102//3104 
f 3131//3134 3102//3104 3103//3105 
f 3132//3135 3103//3105 3104//3106 
f 3133//3136 3104//3106 3105//3107 
f 3134//3137 3105//3107 3106//3108 
f 3135//3138 3106//3108 3107//3109 
f 3136//3139 3107//3109 3108//3110 
f 3137//3140 3108//3110 3109//3111 
f 3138//3141 3109//3111 3110//3112 
f 3139//3142 3110//3112 3111//3113 
f 3140//3143 3111//3113 3112//3114 
f 3141//3144 3112//3114 3113//3115 
f 3142//3145 3113//3115 3114//3116 
f 3143//3146 3114//3116 3115//3117 
f 3144//3147 3115//3117 3116//3118 
f 3145//3148 3116//3118 3117//3119 
f 3146//3149 3117//3119 3118//3120 
f 3147//3150 3118//3120 3119//3121 
f 3148//3151 3119//3121 3120//3122 
f 3149//3152 3120//3122 3121//3123 
f 3150//3153 3121//3123 3122//3124 
f 3151//3154 3122//3124 3152//3155 
f 2610//3156 2611//3126 3124//3127 
f 3153//3157 3124//3127 3125//3128 
f 3154//3158 3125//3128 3126//3129 
f 3155//3159 3126//3129 3127//3130 
f 3156//3160 3127//3130 3128//3131 
f 3157//3161 3128//3131 3129//3132 
f 3158//3162 3129//3132 3130//3133 
f 3159//3163 3130//3133 3131//3134 
f 3160//3164 3131//3134 3132//3135 
f 3161//3165 3132//3135 3133//3136 
f 3162//3166 3133//3136 3134//3137 
f 3163//3167 3134//3137 3135//3138 
f 3164//3168 3135//3138 3136//3139 
f 3165//3169 3136//3139 3137//3140 
f 3166//3170 3137//3140 3138//3141 
f 3167//3171 3138//3141 3139//3142 
f 3168//3172 3139//3142 3140//3143 
f 3169//3173 3140//3143 3141//3144 
f 3170//3174 3141//3144 3142//3145 
f 3171//3175 3142//3145 3143//3146 
f 3172//3176 3143//3146 3144//3147 
f 3173//3177 3144//3147 3145//3148 
f 3174//3178 3145//3148 3146//3149 
f 3175//3179 3146//3149 3147//3150 
f 3176//3180 3147//3150 3148//3151 
f 3177//3181 3148//3151 3149//3152 
f 3178//3182 3149//3152 3150//3153 
f 3179//3183 3150//3153 3151//3154 
f 3180//3184 3151//3154 3181//3185 
f 2609//3186 2610//3156 3153//3157 
f 3182//3187 3153//3157 3154//3158 
f 3183//3188 3154//3158 3155//3159 
f 3184//3189 3155//3159 3156//3160 
f 3185//3190 3156//3160 3157//3161 
f 3186//3191 3157//3161 3158//3162 
f 3187//3192 3158//3162 3159//3163 
f 3188//3193 3159//3163 3160//3164 
f 3189//3194 3160//3164 3161//3165 
f 3190//3195 3161//3165 3162//3166 
f 3191//3196 3162//3166 3163//3167 
f 3192//3197 3163//3167 3164//3168 
f 3193//3198 3164//3168 3165//3169 
f 3194//3199 3165//3169 3166//3170 
f 3195//3200 3166//3170 3167//3171 
f 3196//3201 3167//3171 3168//3172 
f 3197//3202 3168//3172 3169//3173 
f 3198//3203 3169//3173 3170//3174 
f 3199//3204 3170//3174 3171//3175 
f 3200//3205 3171//3175 3172//3176 
f 3201//3206 3172//3176 3173//3177 
f 3202//3207 3173//3177 3174//3178 
f 3203//3208 3174//3178 3175//3179 
f 3204//3209 3175//3179 3176//3180 
f 3205//3210 3176//3180 3177//3181 
f 3206//3211 3177//3181 3178//3182 
f 3207//3212 3178//3182 3179//3183 
f 3208//3213 3179//3183 3180//3184 
f 3209//3214 3180//3184 3210//3215 
f 2608//3216 2609//3186 3182//3187 
f 3211//3217 3182//3187 3183//3188 
f 3212//3218 3183//3188 3184//3189 
f 3213//3219 3184//3189 3185//3190 
f 3214//3220 3185//3190 3186//3191 
f 3215//3221 3186//3191 3187//3192 
f 3216//3222 3187//3192 3188//3193 
f 3217//3223 3188//3193 3189//3194 
f 3218//3224 3189//3194 3190//3195 
f 3219//3225 3190//3195 3191//3196 
f 3220//3226 3191//3196 3192//3197 
f 3221//3227 3192//3197 3193//3198 
f 3222//3228 3193//3198 3194//3199 
f 3223//3229 3194//3199 3195//3200 
f 3224//3230 3195//3200 3196//3201 
f 3225//3231 3196//3201 3197//3202 
f 3226//3232 3197//3202 3198//3203 
f 3227//3233 3198//3203 3199//3204 
f 3228//3234 3199//3204 3200//3205 
f 3229//3235 3200//3205 3201//3206 
f 3230//3236 3201//3206 3202//3207 
f 3231//3237 3202//3207 3203//3208 
f 3232//3238 3203//3208 3204//3209 
f 3233//3239 3204//3209 3205//3210 
f 3234//3240 3205//3210 3206//3211 
f 3235//3241 3206//3211 3207//3212 
f 3236//3242 3207//3212 3208//3213 
f 3237//3243 3208//3213 3209//3214 
f 3238//3244 3209//3214 3239//3245 
f 2607//3246 2608//3216 3211//3217 
f 3240//3247 3211//3217 3212//3218 
f 3241//3248 3212//3218 3213//3219 
f 3242//3249 3213//3219 3214//3220 
f 3243//3250 3214//3220 3215//3221 
f 3244//3251 3215//3221 3216//3222 
f 3245//3252 3216//3222 3217//3223 
f 3246//3253 3217//3223 3218//3224 
f 3247//3254 3218//3224 3219//3225 
f 3248//3255 3219//3225 3220//3226 
f 3249//3256 3220//3226 3221//3227 
f 3250//3257 3221//3227 3222//3228 
f 3251//3258 3222//3228 3223//3229 
f 3252//3259 3223//3229 3224//3230 
f 3253//3260 3224//3230 3225//3231 
f 3254//3261 3225//3231 3226//3232 
f 3255//3262 3226//3232 3227//3233 
f 3256//3263 3227//3233 3228//3234 
f 3257//3264 3228//3234 3229//3235 
f 3258//3265 3229//3235 3230//3236 
f 3259//3266 3230//3236 3231//3237 
f 3260//3267 3231//3237 3232//3238 
f 3261//3268 3232//3238 3233//3239 
f 3262//3269 3233//3239 3234//3240 
f 3263//3270 3234//3240 3235//3241 
f 3264//3271 3235//3241 3236//3242 
f 3265//3272 3236//3242 3237//3243 
f 3266//3273 3237//3243 3238//3244 
f 3267//3274 3238//3244 3268//3275 
f 2606//3276 2607//3246 3240//3247 
f 3269//3277 3240//3247 3241//3248 
f 3270//3278 3241//3248 3242//3249 
f 3271//3279 3242//3249 3243//3250 
f 3272//3280 3243//3250 3244//3251 
f 3273//3281 3244//3251 3245//3252 
f 3274//3282 3245//3252 3246//3253 
f 3275//3283 3246//3253 3247//3254 
f 3276//3284 3247//3254 3248//3255 
f 3277//3285 3248//3255 3249//3256 
f 3278//3286 3249//3256 3250//3257 
f 3279//3287 3250//3257 3251//3258 
f 3280//3288 3251//3258 3252//3259 
f 3281//3289 3252//3259 3253//3260 
f 3282//3290 3253//3260 3254//3261 
f 3283//3291 3254//3261 3255//3262 
f 3284//3292 3255//3262 3256//3263 
f 3285//3293 3256//3263 3257//3264 
f 3286//3294 3257//3264 3258//3265 
f 3287//3295 3258//3265 3259//3266 
f 3288//3296 3259//3266 3260//3267 
f 3289//3297 3260//3267 3261//3268 
f 3290//3298 3261//3268 3262//3269 
f 3291//3299 3262//3269 3263//3270 
f 3292//3300 3263//3270 3264//3271 
f 3293//3301 3264//3271 3265//3272 
f 3294//3302 3265//3272 3266//3273 
f 3295//3303 3266//3273 3267//3274 
f 3296//3304 3267//3274 3297//3305 
f 2605//3306 2606//3276 3269//3277 
f 3298//3307 3269//3277 3270//3278 
f 3299//3308 3270//3278 3271//3279 
f 3300//3309 3271//3279 3272//3280 
f 3301//3310 3272//3280 3273//3281 
f 3302//3311 3273//3281 3274//3282 
f 3303//3312 3274//3282 3275//3283 
f 3304//3313 3275//3283 3276//3284 
f 3305//3314 3276//3284 3277//3285 
f 3306//3315 3277//3285 3278//3286 
f 3307//3316 3278//3286 3279//3287 
f 3308//3317 3279//3287 3280//3288 
f 3309//3318 3280//3288 3281//3289 
f 3310//3319 3281//3289 3282//3290 
f 3311//3320 3282//3290 3283//3291 
f 3312//3321 3283//3291 3284//3292 
f 3313//3322 3284//3292 3285//3293 
f 3314//3323 3285//3293 3286//3294 
f 3315//3324 3286//3294 3287//3295 
f 3316//3325 3287//3295 3288//3296 
f 3317//3326 3288//3296 3289//3297 
f 3318//3327 3289//3297 3290//3298 
f 3319//3328 3290//3298 3291//3299 
f 3320//3329 3291//3299 3292//3300 
f 3321//3330 3292//3300 3293//3301 
f 3322//3331 3293//3301 3294//3302 
f 3323//3332 3294//3302 3295//3303 
f 3324//3333 3295//3303 3296//3304 
f 3325//3334 3296//3304 3326//3335 
f 2604//3336 2605//3306 3298//3307 
f 3327//3337 3298//3307 3299//3308 
f 3328//3338 3299//3308 3300//3309 
f 3329//3339 3300//3309 3301//3310 
f 3330//3340 3301//3310 3302//3311 
f 3331//3341 3302//3311 3303//3312 
f 3332//3342 3303//3312 3304//3313 
f 3333//3343 3304//3313 3305//3314 
f 3334//3344 3305//3314 3306//3315 
f 3335//3345 3306//3315 3307//3316 
f 3336//3346 3307//3316 3308//3317 
f 3337//3347 3308//3317 3309//3318 
f 3338//3348 3309//3318 3310//3319 
f 3339//3349 3310//3319 3311//3320 
f 3340//3350 3311//3320 3312//3321 
f 3341//3351 3312//3321 3313//3322 
f 3342//3352 3313//3322 3314//3323 
f 3343//3353 3314//3323 3315//3324 
f 3344//3354 3315//3324 3316//3325 
f 3345//3355 3316//3325 3317//3326 
f 3346//3356 3317//3326 3318//3327 
f 3347//3357 3318//3327 3319//3328 
f 3348//3358 3319//3328 3320//3329 
f 3349//3359 3320//3329 3321//3330 
f 3350//3360 3321//3330 3322//3331 
f 3351//3361 3322//3331 3323//3332 
f 3352//3362 3323//3332 3324//3333 
f 3353//3363 3324//3333 3325//3334 
f 3354//3364 3325//3334 3355//3365 
f 2603//3366 2604//3336 3327//3337 
f 2696//3366 3327//3337 3328//3338 
f 2697//3366 3328//3338 3329//3339 
f 2694//3366 3329//3339 3330//3340 
f 2695//3366 3330//3340 3331//3341 
f 2692//3366 3331//3341 3332//3342 
f 2693//3366 3332//3342 3333//3343 
f 2690//3366 3333//3343 3334//3344 
f 2691//3366 3334//3344 3335//3345 
f 2688//3366 3335//3345 3336//3346 
f 2689//3366 3336//3346 3337//3347 
f 2665//3366 3337//3347 3338//3348 
f 2666//3366 3338//3348 3339//3349 
f 2674//3366 3339//3349 3340//3350 
f 2680//3366 3340//3350 3341//3351 
f 2672//3366 3341//3351 3342//3352 
f 2673//3366 3342//3352 3343//3353 
f 2679//3366 3343//3353 3344//3354 
f 2671//3366 3344//3354 3345//3355 
f 2664//3366 3345//3355 3346//3356 
f 2686//3366 3346//3356 3347//3357 
f 2669//3366 3347//3357 3348//3358 
f 2670//3366 3348//3358 3349//3359 
f 2678//3366 3349//3359 3350//3360 
f 2677//3366 3350//3360 3351//3361 
f 2667//3366 3351//3361 3352//3362 
f 2668//3366 3352//3362 3353//3363 
f 2684//3366 3353//3363 3354//3364 
f 2685//3366 3354//3364 3356//3367 
f 3007//3005 2659//2975 2919//3368 
f 2659//2975 2662//3369 2919//3368 
f 3036//3035 3007//3005 2920//3370 
f 3007//3005 2921//3371 2920//3370 
f 3065//3065 3036//3035 2922//3372 
f 3036//3035 2923//3373 2922//3372 
f 3065//3065 2924//3374 2925//3375 
f 2925//3375 3094//3095 3065//3065 
f 3065//3065 2926//3376 2924//3374 
f 3094//3095 2927//3377 2928//3378 
f 2928//3378 3123//3125 3094//3095 
f 3152//3155 3123//3125 2929//3379 
f 3123//3125 2930//3380 2929//3379 
f 3181//3185 3152//3155 2931//3381 
f 3152//3155 2932//3382 2931//3381 
f 3181//3185 2933//3383 2934//3384 
f 2934//3384 3210//3215 3181//3185 
f 3181//3185 2935//3385 2933//3383 
f 3210//3215 2936//3386 2937//3387 
f 2937//3387 3239//3245 3210//3215 
f 3239//3245 2938//3388 2939//3389 
f 2939//3389 3268//3275 3239//3245 
f 2940//3390 2941//3391 3297//3305 
f 3268//3275 2942//3392 2940//3390 
f 3297//3305 2943//3393 2944//3394 
f 2944//3394 3326//3335 3297//3305 
f 3297//3305 2941//3391 2943//3393 
f 3326//3335 2945//3395 2946//3396 
f 3355//3365 2947//3397 2948//3398 
f 2948//3398 3356//3367 3355//3365 
f 3355//3365 2946//3396 2947//3397 
f 3356//3367 2949//3399 2950//3400 
f 2950//3400 2687//3401 3356//3367 
f 2950//3400 2706//3401 2687//3401 
f 2948//3398 2949//3399 3356//3367 
f 2946//3396 3355//3365 3326//3335 
f 2944//3394 2945//3395 3326//3335 
f 3297//3305 3268//3275 2940//3390 
f 2939//3389 2942//3392 3268//3275 
f 2937//3387 2938//3388 3239//3245 
f 2934//3384 2936//3386 3210//3215 
f 2931//3381 2935//3385 3181//3185 
f 2929//3379 2932//3382 3152//3155 
f 2928//3378 2930//3380 3123//3125 
f 2925//3375 2927//3377 3094//3095 
f 2922//3372 2926//3376 3065//3065 
f 2920//3370 2923//3373 3036//3035 
f 2919//3368 2921//3371 3007//3005 
f 3356//3367 2687//3401 2685//3366 
f 3354//3364 2685//3366 2684//3366 
f 3353//3363 2684//3366 2668//3366 
f 3352//3362 2668//3366 2667//3366 
f 3351//3361 2667//3366 2677//3366 
f 3350//3360 2677//3366 2678//3366 
f 3349//3359 2678//3366 2670//3366 
f 3348//3358 2670//3366 2669//3366 
f 3347//3357 2669//3366 2686//3366 
f 3346//3356 2686//3366 2664//3366 
f 3345//3355 2664//3366 2671//3366 
f 3344//3354 2671//3366 2679//3366 
f 3343//3353 2679//3366 2673//3366 
f 3342//3352 2673//3366 2672//3366 
f 3341//3351 2672//3366 2680//3366 
f 3340//3350 2680//3366 2674//3366 
f 3339//3349 2674//3366 2666//3366 
f 3338//3348 2666//3366 2665//3366 
f 3337//3347 2665//3366 2689//3366 
f 3336//3346 2689//3366 2688//3366 
f 3335//3345 2688//3366 2691//3366 
f 3334//3344 2691//3366 2690//3366 
f 3333//3343 2690//3366 2693//3366 
f 3332//3342 2693//3366 2692//3366 
f 3331//3341 2692//3366 2695//3366 
f 3330//3340 2695//3366 2694//3366 
f 3329//3339 2694//3366 2697//3366 
f 3328//3338 2697//3366 2696//3366 
f 3327//3337 2696//3366 2603//3366 
f 3355//3365 3356//3367 3354//3364 
f 3325//3334 3354//3364 3353//3363 
f 3324//3333 3353//3363 3352//3362 
f 3323//3332 3352//3362 3351//3361 
f 3322//3331 3351//3361 3350//3360 
f 3321//3330 3350//3360 3349//3359 
f 3320//3329 3349//3359 3348//3358 
f 3319//3328 3348//3358 3347//3357 
f 3318//3327 3347//3357 3346//3356 
f 3317//3326 3346//3356 3345//3355 
f 3316//3325 3345//3355 3344//3354 
f 3315//3324 3344//3354 3343//3353 
f 3314//3323 3343//3353 3342//3352 
f 3313//3322 3342//3352 3341//3351 
f 3312//3321 3341//3351 3340//3350 
f 3311//3320 3340//3350 3339//3349 
f 3310//3319 3339//3349 3338//3348 
f 3309//3318 3338//3348 3337//3347 
f 3308//3317 3337//3347 3336//3346 
f 3307//3316 3336//3346 3335//3345 
f 3306//3315 3335//3345 3334//3344 
f 3305//3314 3334//3344 3333//3343 
f 3304//3313 3333//3343 3332//3342 
f 3303//3312 3332//3342 3331//3341 
f 3302//3311 3331//3341 3330//3340 
f 3301//3310 3330//3340 3329//3339 
f 3300//3309 3329//3339 3328//3338 
f 3299//3308 3328//3338 3327//3337 
f 3298//3307 3327//3337 2604//3336 
f 3326//3335 3355//3365 3325//3334 
f 3296//3304 3325//3334 3324//3333 
f 3295//3303 3324//3333 3323//3332 
f 3294//3302 3323//3332 3322//3331 
f 3293//3301 3322//3331 3321//3330 
f 3292//3300 3321//3330 3320//3329 
f 3291//3299 3320//3329 3319//3328 
f 3290//3298 3319//3328 3318//3327 
f 3289//3297 3318//3327 3317//3326 
f 3288//3296 3317//3326 3316//3325 
f 3287//3295 3316//3325 3315//3324 
f 3286//3294 3315//3324 3314//3323 
f 3285//3293 3314//3323 3313//3322 
f 3284//3292 3313//3322 3312//3321 
f 3283//3291 3312//3321 3311//3320 
f 3282//3290 3311//3320 3310//3319 
f 3281//3289 3310//3319 3309//3318 
f 3280//3288 3309//3318 3308//3317 
f 3279//3287 3308//3317 3307//3316 
f 3278//3286 3307//3316 3306//3315 
f 3277//3285 3306//3315 3305//3314 
f 3276//3284 3305//3314 3304//3313 
f 3275//3283 3304//3313 3303//3312 
f 3274//3282 3303//3312 3302//3311 
f 3273//3281 3302//3311 3301//3310 
f 3272//3280 3301//3310 3300//3309 
f 3271//3279 3300//3309 3299//3308 
f 3270//3278 3299//3308 3298//3307 
f 3269//3277 3298//3307 2605//3306 
f 3297//3305 3326//3335 3296//3304 
f 3267//3274 3296//3304 3295//3303 
f 3266//3273 3295//3303 3294//3302 
f 3265//3272 3294//3302 3293//3301 
f 3264//3271 3293//3301 3292//3300 
f 3263//3270 3292//3300 3291//3299 
f 3262//3269 3291//3299 3290//3298 
f 3261//3268 3290//3298 3289//3297 
f 3260//3267 3289//3297 3288//3296 
f 3259//3266 3288//3296 3287//3295 
f 3258//3265 3287//3295 3286//3294 
f 3257//3264 3286//3294 3285//3293 
f 3256//3263 3285//3293 3284//3292 
f 3255//3262 3284//3292 3283//3291 
f 3254//3261 3283//3291 3282//3290 
f 3253//3260 3282//3290 3281//3289 
f 3252//3259 3281//3289 3280//3288 
f 3251//3258 3280//3288 3279//3287 
f 3250//3257 3279//3287 3278//3286 
f 3249//3256 3278//3286 3277//3285 
f 3248//3255 3277//3285 3276//3284 
f 3247//3254 3276//3284 3275//3283 
f 3246//3253 3275//3283 3274//3282 
f 3245//3252 3274//3282 3273//3281 
f 3244//3251 3273//3281 3272//3280 
f 3243//3250 3272//3280 3271//3279 
f 3242//3249 3271//3279 3270//3278 
f 3241//3248 3270//3278 3269//3277 
f 3240//3247 3269//3277 2606//3276 
f 3268//3275 3297//3305 3267//3274 
f 3238//3244 3267//3274 3266//3273 
f 3237//3243 3266//3273 3265//3272 
f 3236//3242 3265//3272 3264//3271 
f 3235//3241 3264//3271 3263//3270 
f 3234//3240 3263//3270 3262//3269 
f 3233//3239 3262//3269 3261//3268 
f 3232//3238 3261//3268 3260//3267 
f 3231//3237 3260//3267 3259//3266 
f 3230//3236 3259//3266 3258//3265 
f 3229//3235 3258//3265 3257//3264 
f 3228//3234 3257//3264 3256//3263 
f 3227//3233 3256//3263 3255//3262 
f 3226//3232 3255//3262 3254//3261 
f 3225//3231 3254//3261 3253//3260 
f 3224//3230 3253//3260 3252//3259 
f 3223//3229 3252//3259 3251//3258 
f 3222//3228 3251//3258 3250//3257 
f 3221//3227 3250//3257 3249//3256 
f 3220//3226 3249//3256 3248//3255 
f 3219//3225 3248//3255 3247//3254 
f 3218//3224 3247//3254 3246//3253 
f 3217//3223 3246//3253 3245//3252 
f 3216//3222 3245//3252 3244//3251 
f 3215//3221 3244//3251 3243//3250 
f 3214//3220 3243//3250 3242//3249 
f 3213//3219 3242//3249 3241//3248 
f 3212//3218 3241//3248 3240//3247 
f 3211//3217 3240//3247 2607//3246 
f 3239//3245 3268//3275 3238//3244 
f 3209//3214 3238//3244 3237//3243 
f 3208//3213 3237//3243 3236//3242 
f 3207//3212 3236//3242 3235//3241 
f 3206//3211 3235//3241 3234//3240 
f 3205//3210 3234//3240 3233//3239 
f 3204//3209 3233//3239 3232//3238 
f 3203//3208 3232//3238 3231//3237 
f 3202//3207 3231//3237 3230//3236 
f 3201//3206 3230//3236 3229//3235 
f 3200//3205 3229//3235 3228//3234 
f 3199//3204 3228//3234 3227//3233 
f 3198//3203 3227//3233 3226//3232 
f 3197//3202 3226//3232 3225//3231 
f 3196//3201 3225//3231 3224//3230 
f 3195//3200 3224//3230 3223//3229 
f 3194//3199 3223//3229 3222//3228 
f 3193//3198 3222//3228 3221//3227 
f 3192//3197 3221//3227 3220//3226 
f 3191//3196 3220//3226 3219//3225 
f 3190//3195 3219//3225 3218//3224 
f 3189//3194 3218//3224 3217//3223 
f 3188//3193 3217//3223 3216//3222 
f 3187//3192 3216//3222 3215//3221 
f 3186//3191 3215//3221 3214//3220 
f 3185//3190 3214//3220 3213//3219 
f 3184//3189 3213//3219 3212//3218 
f 3183//3188 3212//3218 3211//3217 
f 3182//3187 3211//3217 2608//3216 
f 3210//3215 3239//3245 3209//3214 
f 3180//3184 3209//3214 3208//3213 
f 3179//3183 3208//3213 3207//3212 
f 3178//3182 3207//3212 3206//3211 
f 3177//3181 3206//3211 3205//3210 
f 3176//3180 3205//3210 3204//3209 
f 3175//3179 3204//3209 3203//3208 
f 3174//3178 3203//3208 3202//3207 
f 3173//3177 3202//3207 3201//3206 
f 3172//3176 3201//3206 3200//3205 
f 3171//3175 3200//3205 3199//3204 
f 3170//3174 3199//3204 3198//3203 
f 3169//3173 3198//3203 3197//3202 
f 3168//3172 3197//3202 3196//3201 
f 3167//3171 3196//3201 3195//3200 
f 3166//3170 3195//3200 3194//3199 
f 3165//3169 3194//3199 3193//3198 
f 3164//3168 3193//3198 3192//3197 
f 3163//3167 3192//3197 3191//3196 
f 3162//3166 3191//3196 3190//3195 
f 3161//3165 3190//3195 3189//3194 
f 3160//3164 3189//3194 3188//3193 
f 3159//3163 3188//3193 3187//3192 
f 3158//3162 3187//3192 3186//3191 
f 3157//3161 3186//3191 3185//3190 
f 3156//3160 3185//3190 3184//3189 
f 3155//3159 3184//3189 3183//3188 
f 3154//3158 3183//3188 3182//3187 
f 3153//3157 3182//3187 2609//3186 
f 3181//3185 3210//3215 3180//3184 
f 3151//3154 3180//3184 3179//3183 
f 3150//3153 3179//3183 3178//3182 
f 3149//3152 3178//3182 3177//3181 
f 3148//3151 3177//3181 3176//3180 
f 3147//3150 3176//3180 3175//3179 
f 3146//3149 3175//3179 3174//3178 
f 3145//3148 3174//3178 3173//3177 
f 3144//3147 3173//3177 3172//3176 
f 3143//3146 3172//3176 3171//3175 
f 3142//3145 3171//3175 3170//3174 
f 3141//3144 3170//3174 3169//3173 
f 3140//3143 3169//3173 3168//3172 
f 3139//3142 3168//3172 3167//3171 
f 3138//3141 3167//3171 3166//3170 
f 3137//3140 3166//3170 3165//3169 
f 3136//3139 3165//3169 3164//3168 
f 3135//3138 3164//3168 3163//3167 
f 3134//3137 3163//3167 3162//3166 
f 3133//3136 3162//3166 3161//3165 
f 3132//3135 3161//3165 3160//3164 
f 3131//3134 3160//3164 3159//3163 
f 3130//3133 3159//3163 3158//3162 
f 3129//3132 3158//3162 3157//3161 
f 3128//3131 3157//3161 3156//3160 
f 3127//3130 3156//3160 3155//3159 
f 3126//3129 3155//3159 3154//3158 
f 3125//3128 3154//3158 3153//3157 
f 3124//3127 3153//3157 2610//3156 
f 3152//3155 3181//3185 3151//3154 
f 3122//3124 3151//3154 3150//3153 
f 3121//3123 3150//3153 3149//3152 
f 3120//3122 3149//3152 3148//3151 
f 3119//3121 3148//3151 3147//3150 
f 3118//3120 3147//3150 3146//3149 
f 3117//3119 3146//3149 3145//3148 
f 3116//3118 3145//3148 3144//3147 
f 3115//3117 3144//3147 3143//3146 
f 3114//3116 3143//3146 3142//3145 
f 3113//3115 3142//3145 3141//3144 
f 3112//3114 3141//3144 3140//3143 
f 3111//3113 3140//3143 3139//3142 
f 3110//3112 3139//3142 3138//3141 
f 3109//3111 3138//3141 3137//3140 
f 3108//3110 3137//3140 3136//3139 
f 3107//3109 3136//3139 3135//3138 
f 3106//3108 3135//3138 3134//3137 
f 3105//3107 3134//3137 3133//3136 
f 3104//3106 3133//3136 3132//3135 
f 3103//3105 3132//3135 3131//3134 
f 3102//3104 3131//3134 3130//3133 
f 3101//3103 3130//3133 3129//3132 
f 3100//3102 3129//3132 3128//3131 
f 3099//3101 3128//3131 3127//3130 
f 3098//3100 3127//3130 3126//3129 
f 3097//3099 3126//3129 3125//3128 
f 3096//3098 3125//3128 3124//3127 
f 3095//3097 3124//3127 2611//3126 
f 3123//3125 3152//3155 3122//3124 
f 3093//3094 3122//3124 3121//3123 
f 3092//3093 3121//3123 3120//3122 
f 3091//3092 3120//3122 3119//3121 
f 3090//3091 3119//3121 3118//3120 
f 3089//3090 3118//3120 3117//3119 
f 3088//3089 3117//3119 3116//3118 
f 3087//3088 3116//3118 3115//3117 
f 3086//3087 3115//3117 3114//3116 
f 3085//3086 3114//3116 3113//3115 
f 3084//3085 3113//3115 3112//3114 
f 3083//3084 3112//3114 3111//3113 
f 3082//3083 3111//3113 3110//3112 
f 3081//3082 3110//3112 3109//3111 
f 3080//3081 3109//3111 3108//3110 
f 3079//3080 3108//3110 3107//3109 
f 3078//3079 3107//3109 3106//3108 
f 3077//3078 3106//3108 3105//3107 
f 3076//3077 3105//3107 3104//3106 
f 3075//3076 3104//3106 3103//3105 
f 3074//3075 3103//3105 3102//3104 
f 3073//3074 3102//3104 3101//3103 
f 3072//3073 3101//3103 3100//3102 
f 3071//3072 3100//3102 3099//3101 
f 3070//3071 3099//3101 3098//3100 
f 3069//3070 3098//3100 3097//3099 
f 3068//3069 3097//3099 3096//3098 
f 3067//3068 3096//3098 3095//3097 
f 3066//3067 3095//3097 2612//3096 
f 3094//3095 3123//3125 3093//3094 
f 3064//3064 3093//3094 3092//3093 
f 3063//3063 3092//3093 3091//3092 
f 3062//3062 3091//3092 3090//3091 
f 3061//3061 3090//3091 3089//3090 
f 3060//3060 3089//3090 3088//3089 
f 3059//3059 3088//3089 3087//3088 
f 3058//3058 3087//3088 3086//3087 
f 3057//3057 3086//3087 3085//3086 
f 3056//3056 3085//3086 3084//3085 
f 3055//3055 3084//3085 3083//3084 
f 3054//3054 3083//3084 3082//3083 
f 3053//3053 3082//3083 3081//3082 
f 3052//3052 3081//3082 3080//3081 
f 3051//3051 3080//3081 3079//3080 
f 3050//3050 3079//3080 3078//3079 
f 3049//3049 3078//3079 3077//3078 
f 3048//3048 3077//3078 3076//3077 
f 3047//3047 3076//3077 3075//3076 
f 3046//3046 3075//3076 3074//3075 
f 3045//3045 3074//3075 3073//3074 
f 3044//3044 3073//3074 3072//3073 
f 3043//3043 3072//3073 3071//3072 
f 3042//3042 3071//3072 3070//3071 
f 3041//3041 3070//3071 3069//3070 
f 3040//3040 3069//3070 3068//3069 
f 3039//3039 3068//3069 3067//3068 
f 3038//3038 3067//3068 3066//3067 
f 3037//3037 3066//3067 2613//3066 
f 3065//3065 3094//3095 3064//3064 
f 3035//3034 3064//3064 3063//3063 
f 3034//3033 3063//3063 3062//3062 
f 3033//3032 3062//3062 3061//3061 
f 3032//3031 3061//3061 3060//3060 
f 3031//3030 3060//3060 3059//3059 
f 3030//3029 3059//3059 3058//3058 
f 3029//3028 3058//3058 3057//3057 
f 3028//3027 3057//3057 3056//3056 
f 3027//3026 3056//3056 3055//3055 
f 3026//3025 3055//3055 3054//3054 
f 3025//3024 3054//3054 3053//3053 
f 3024//3023 3053//3053 3052//3052 
f 3023//3022 3052//3052 3051//3051 
f 3022//3021 3051//3051 3050//3050 
f 3021//3020 3050//3050 3049//3049 
f 3020//3019 3049//3049 3048//3048 
f 3019//3018 3048//3048 3047//3047 
f 3018//3017 3047//3047 3046//3046 
f 3017//3016 3046//3046 3045//3045 
f 3016//3015 3045//3045 3044//3044 
f 3015//3014 3044//3044 3043//3043 
f 3014//3013 3043//3043 3042//3042 
f 3013//3012 3042//3042 3041//3041 
f 3012//3011 3041//3041 3040//3040 
f 3011//3010 3040//3040 3039//3039 
f 3010//3009 3039//3039 3038//3038 
f 3009//3008 3038//3038 3037//3037 
f 3008//3007 3037//3037 2614//3036 
f 3036//3035 3065//3065 3035//3034 
f 3006//3004 3035//3034 3034//3033 
f 3005//3003 3034//3033 3033//3032 
f 3004//3002 3033//3032 3032//3031 
f 3003//3001 3032//3031 3031//3030 
f 3002//3000 3031//3030 3030//3029 
f 3001//2999 3030//3029 3029//3028 
f 3000//2998 3029//3028 3028//3027 
f 2999//2997 3028//3027 3027//3026 
f 2998//2996 3027//3026 3026//3025 
f 2997//2995 3026//3025 3025//3024 
f 2996//2994 3025//3024 3024//3023 
f 2995//2993 3024//3023 3023//3022 
f 2994//2992 3023//3022 3022//3021 
f 2993//2991 3022//3021 3021//3020 
f 2992//2990 3021//3020 3020//3019 
f 2991//2989 3020//3019 3019//3018 
f 2990//2988 3019//3018 3018//3017 
f 2989//2987 3018//3017 3017//3016 
f 2988//2986 3017//3016 3016//3015 
f 2987//2985 3016//3015 3015//3014 
f 2986//2984 3015//3014 3014//3013 
f 2985//2983 3014//3013 3013//3012 
f 2984//2982 3013//3012 3012//3011 
f 2983//2981 3012//3011 3011//3010 
f 2982//2980 3011//3010 3010//3009 
f 2981//2979 3010//3009 3009//3008 
f 2980//2978 3009//3008 3008//3007 
f 2979//2977 3008//3007 2615//3006 
f 3007//3005 3036//3035 3006//3004 
f 2978//2974 3006//3004 3005//3003 
f 2977//2972 3005//3003 3004//3002 
f 2976//2970 3004//3002 3003//3001 
f 2975//2968 3003//3001 3002//3000 
f 2974//2966 3002//3000 3001//2999 
f 2973//2964 3001//2999 3000//2998 
f 2972//2962 3000//2998 2999//2997 
f 2971//2960 2999//2997 2998//2996 
f 2970//2958 2998//2996 2997//2995 
f 2969//2956 2997//2995 2996//2994 
f 2968//2954 2996//2994 2995//2993 
f 2967//2952 2995//2993 2994//2992 
f 2966//2950 2994//2992 2993//2991 
f 2965//2948 2993//2991 2992//2990 
f 2964//2946 2992//2990 2991//2989 
f 2963//2944 2991//2989 2990//2988 
f 2962//2942 2990//2988 2989//2987 
f 2961//2940 2989//2987 2988//2986 
f 2960//2938 2988//2986 2987//2985 
f 2959//2936 2987//2985 2986//2984 
f 2958//2934 2986//2984 2985//2983 
f 2957//2932 2985//2983 2984//2982 
f 2956//2930 2984//2982 2983//2981 
f 2955//2928 2983//2981 2982//2980 
f 2954//2926 2982//2980 2981//2979 
f 2953//2924 2981//2979 2980//2978 
f 2952//2922 2980//2978 2979//2977 
f 2951//2920 2979//2977 2616//2976 
f 2659//2975 3007//3005 2978//2974 
f 2660//2973 2978//2974 2977//2972 
f 2651//2971 2977//2972 2976//2970 
f 2645//2969 2976//2970 2975//2968 
f 2646//2967 2975//2968 2974//2966 
f 2644//2965 2974//2966 2973//2964 
f 2639//2963 2973//2964 2972//2962 
f 2630//2961 2972//2962 2971//2960 
f 2631//2959 2971//2960 2970//2958 
f 2637//2957 2970//2958 2969//2956 
f 2638//2955 2969//2956 2968//2954 
f 2643//2953 2968//2954 2967//2952 
f 2635//2951 2967//2952 2966//2950 
f 2636//2949 2966//2950 2965//2948 
f 2633//2947 2965//2948 2964//2946 
f 2634//2945 2964//2946 2963//2944 
f 2632//2943 2963//2944 2962//2942 
f 2628//2941 2962//2942 2961//2940 
f 2629//2939 2961//2940 2960//2938 
f 2627//2937 2960//2938 2959//2936 
f 2624//2935 2959//2936 2958//2934 
f 2625//2933 2958//2934 2957//2932 
f 2619//2931 2957//2932 2956//2930 
f 2622//2929 2956//2930 2955//2928 
f 2626//2927 2955//2928 2954//2926 
f 2620//2925 2954//2926 2953//2924 
f 2621//2923 2953//2924 2952//2922 
f 2623//2921 2952//2922 2951//2920 
f 2642//2919 2951//2920 2617//2917 
o mesh20
f 2701//3401 2706//3401 2950//3402 
f 2950//3402 2722//3403 2701//3401 
f 2722//3403 2949//3404 2948//3405 
f 2948//3405 2721//3406 2722//3403 
f 2721//3406 2947//3407 2946//3408 
f 2946//3408 2720//3409 2721//3406 
f 2720//3409 2945//3410 2944//3411 
f 2944//3411 2719//3412 2720//3409 
f 2718//3413 2941//3414 2940//3415 
f 2719//3412 2943//3416 2941//3414 
f 2941//3414 2718//3413 2719//3412 
f 2718//3413 2942//3417 2939//3418 
f 2939//3418 2717//3419 2718//3413 
f 2717//3419 2938//3420 2937//3421 
f 2937//3421 2716//3422 2717//3419 
f 2716//3422 2936//3423 2934//3424 
f 2934//3424 2715//3425 2716//3422 
f 2714//3426 2935//3427 2931//3428 
f 2715//3425 2933//3429 2935//3427 
f 2935//3427 2714//3426 2715//3425 
f 2714//3426 2932//3430 2929//3431 
f 2929//3431 2713//3432 2714//3426 
f 2713//3432 2930//3433 2928//3434 
f 2928//3434 2712//3435 2713//3432 
f 2712//3435 2924//3436 2926//3437 
f 2712//3435 2927//3438 2925//3439 
f 2925//3439 2924//3436 2712//3435 
f 2711//3440 2922//3441 2923//3442 
f 2711//3440 2926//3437 2922//3441 
f 2710//3443 2923//3442 2920//3444 
f 2920//3444 2709//3445 2710//3443 
f 2709//3445 2921//3446 2919//3447 
f 2919//3447 2663//3448 2709//3445 
f 2919//3447 2662//3448 2663//3448 
f 2920//3444 2921//3446 2709//3445 
f 2923//3442 2710//3443 2711//3440 
f 2926//3437 2711//3440 2712//3435 
f 2928//3434 2927//3438 2712//3435 
f 2929//3431 2930//3433 2713//3432 
f 2931//3428 2932//3430 2714//3426 
f 2934//3424 2933//3429 2715//3425 
f 2937//3421 2936//3423 2716//3422 
f 2939//3418 2938//3420 2717//3419 
f 2940//3415 2942//3417 2718//3413 
f 2944//3411 2943//3416 2719//3412 
f 2946//3408 2945//3410 2720//3409 
f 2948//3405 2947//3407 2721//3406 
f 2950//3402 2949//3404 2722//3403 
